# Blender 3.6.0
# www.blender.org
mtllib the_earth.mtl
o Surface
v 0.000083 237.584091 -559.024963
v 0.000050 0.000000 -605.084229
v 0.000083 -237.584091 -559.025024
v 0.000058 -571.782776 -240.240585
v 91.936142 571.782776 -221.953384
v 163.734680 438.998108 -395.290375
v 213.929642 237.584091 -516.471741
v 231.555786 0.000000 -559.025085
v 213.929642 -237.584091 -516.471741
v 163.734665 -438.998108 -395.290344
v 91.936127 -571.782776 -221.953384
v 169.875778 571.782776 -169.875748
v 302.542175 438.998108 -302.542114
v 395.290375 237.584091 -395.290344
v 427.859222 0.000000 -427.859192
v 395.290375 -237.584091 -395.290344
v 302.542175 -438.998108 -302.542114
v 169.875778 -571.782837 -169.875748
v 221.953400 571.782776 -91.936081
v 395.290375 438.998108 -163.734589
v 516.471802 237.584091 -213.929581
v 559.025085 0.000000 -231.555695
v 516.471741 -237.584091 -213.929581
v 395.290405 -438.998108 -163.734573
v 221.953400 -571.782837 -91.936089
v 240.240601 571.782776 0.000030
v 427.859222 438.998108 0.000054
v 559.025024 237.584091 0.000074
v 605.084290 0.000000 0.000089
v 559.025024 -237.584091 0.000076
v 427.859192 -438.998108 0.000057
v 240.240616 -571.782776 0.000030
v 221.953354 571.782776 91.936142
v 395.290314 438.998108 163.734665
v 516.471680 237.584091 213.929703
v 559.024963 0.000000 231.555832
v 516.471680 -237.584091 213.929672
v 395.290344 -438.998108 163.734680
v 221.953384 -571.782776 91.936134
v 169.875717 571.782776 169.875793
v 302.542053 438.998108 302.542145
v 395.290283 237.584091 395.290436
v 427.859192 0.000000 427.859253
v 395.290314 -237.584091 395.290436
v 302.542053 -438.998108 302.542175
v 169.875717 -571.782837 169.875778
v 91.936043 571.782776 221.953384
v 163.734512 438.998108 395.290344
v 213.929489 237.584091 516.471741
v 231.555603 0.000000 559.025024
v 213.929489 -237.584091 516.471741
v 163.734512 -438.998108 395.290375
v 91.936050 -571.782837 221.953384
v -0.000074 571.782776 240.240585
v -0.000134 438.998108 427.859192
v -0.000155 237.584091 559.024902
v -0.000200 0.000000 605.084229
v -0.000155 -237.584091 559.024963
v -0.000135 -438.998108 427.859100
v -0.000074 -571.782776 240.240601
v -0.000003 -626.224487 -0.000006
v 0.000002 626.224487 -0.000007
v -91.936180 571.782776 221.953339
v -163.734741 438.998108 395.290283
v -213.929764 237.584091 516.471680
v -231.555954 0.000000 559.024902
v -213.929764 -237.584091 516.471680
v -163.734741 -438.998108 395.290253
v -91.936180 -571.782776 221.953339
v -169.875839 571.782776 169.875702
v -302.542236 438.998108 302.541992
v -395.290497 237.584091 395.290222
v -427.859375 0.000000 427.859039
v -395.290497 -237.584091 395.290222
v -302.542236 -438.998108 302.541992
v -169.875839 -571.782837 169.875687
v -221.953430 571.782776 91.935997
v -395.290375 438.998108 163.734421
v -516.471802 237.584091 213.929382
v -559.025085 0.000000 231.555511
v -516.471802 -237.584091 213.929398
v -395.290405 -438.998108 163.734436
v -221.953430 -571.782837 91.935997
v -240.240646 571.782776 -0.000112
v -427.859192 438.998108 -0.000192
v -559.024963 237.584091 -0.000236
v -605.084229 -0.000000 -0.000283
v -559.024963 -237.584091 -0.000234
v -427.859192 -438.998108 -0.000191
v -240.240616 -571.782776 -0.000112
v -221.953323 571.782776 -91.936211
v -395.290222 438.998108 -163.734787
v -516.471558 237.584106 -213.929794
v -559.024841 0.000000 -231.556000
v -516.471558 -237.584091 -213.929794
v -395.290222 -438.998108 -163.734787
v -221.953354 -571.782837 -91.936203
v -169.875671 571.782776 -169.875854
v -302.541931 438.998108 -302.542206
v -395.290131 237.584091 -395.290497
v -427.858978 0.000000 -427.859406
v -395.290131 -237.584091 -395.290466
v -302.541931 -438.998108 -302.542236
v -169.875671 -571.782837 -169.875854
v -91.935966 571.782776 -221.953430
v -163.734375 438.998108 -395.290375
v -213.929367 237.584091 -516.471802
v -231.555481 0.000000 -559.025146
v -213.929367 -237.584091 -516.471802
v -163.734390 -438.998108 -395.290375
v -91.935989 -571.782776 -221.953430
v 0.000128 571.782776 -240.240631
v 0.000192 438.998108 -427.859192
v 0.000171 -438.998108 -427.859161
v 0.000065 180.217606 -579.007324
v 0.000058 121.111542 -593.419617
v 0.000055 60.845695 -602.149475
v 0.000057 -60.845695 -602.149536
v 0.000057 -121.111526 -593.419556
v 0.000065 -180.217606 -579.007263
v 110.551277 546.754333 -266.894287
v 129.052704 515.949463 -311.560638
v 146.945480 479.865204 -354.757660
v 178.987457 393.844391 -432.113800
v 192.519241 344.896454 -464.782349
v 204.207443 292.645782 -493.000183
v 221.576538 180.217606 -534.932983
v 227.091873 121.111542 -548.248230
v 230.432632 60.845695 -556.313477
v 230.432632 -60.845695 -556.313477
v 227.091873 -121.111526 -548.248230
v 221.576538 -180.217606 -534.932983
v 204.207443 -292.645782 -493.000183
v 192.519226 -344.896454 -464.782349
v 178.987457 -393.844360 -432.113739
v 146.945465 -479.865082 -354.757629
v 129.052689 -515.949463 -311.560669
v 110.551254 -546.754395 -266.894287
v 162.274704 237.584091 -534.932983
v 109.053398 237.584091 -548.248108
v 54.787796 237.584091 -556.313416
v 23.933477 -571.558289 -240.192734
v 47.314381 -571.333862 -237.865295
v 69.806206 -571.558289 -231.068100
v 54.787796 -237.584061 -556.313416
v 109.053406 -237.584091 -548.248169
v 162.274704 -237.584091 -534.932983
v 175.644867 0.000000 -579.007263
v 118.038506 0.000000 -593.419617
v 59.301865 0.000000 -602.149475
v 204.272049 546.754333 -204.272034
v 238.458237 515.949463 -238.458145
v 271.519806 479.865204 -271.519714
v 330.725647 393.844391 -330.725555
v 355.729095 344.896454 -355.729004
v 377.326111 292.645782 -377.326050
v 409.420044 180.217606 -409.419922
v 419.611053 121.111542 -419.610992
v 425.783966 60.845695 -425.783844
v 425.784027 -60.845695 -425.783875
v 419.611115 -121.111526 -419.611023
v 409.420044 -180.217606 -409.419983
v 377.326111 -292.645782 -377.326050
v 355.729095 -344.896454 -355.729004
v 330.725616 -393.844360 -330.725555
v 271.519806 -479.865082 -271.519714
v 238.458206 -515.949463 -238.458176
v 204.272049 -546.754395 -204.272003
v 271.423798 -438.998108 -330.725586
v 237.690582 -438.998108 -355.729004
v 201.681274 -438.998108 -377.326050
v 263.509247 -237.584061 -493.000244
v 310.557709 -237.584091 -464.782349
v 354.632324 -237.584091 -432.113861
v 383.851227 0.000000 -467.716614
v 336.145233 0.000000 -503.076874
v 285.220398 0.000000 -533.619568
v 263.509247 237.584091 -493.000244
v 310.557739 237.584091 -464.782349
v 354.632294 237.584091 -432.113861
v 271.423798 438.998108 -330.725555
v 237.690582 438.998169 -355.729004
v 201.681290 438.998108 -377.326080
v 114.029434 571.558289 -212.750259
v 134.739899 571.333801 -201.652466
v 152.918442 571.558289 -186.765411
v 152.918442 -571.558289 -186.765411
v 134.739899 -571.333862 -201.652466
v 114.029411 -571.558350 -212.750244
v 266.894287 546.754333 -110.551201
v 311.560669 515.949463 -129.052597
v 354.757690 479.865204 -146.945389
v 432.113892 393.844391 -178.987366
v 464.782440 344.896454 -192.519135
v 493.000336 292.645782 -204.207352
v 534.932983 180.217606 -221.576462
v 548.248230 121.111542 -227.091797
v 556.313477 60.845695 -230.432526
v 556.313538 -60.845695 -230.432556
v 548.248291 -121.111526 -227.091812
v 534.933044 -180.217606 -221.576462
v 493.000336 -292.645782 -204.207352
v 464.782501 -344.896454 -192.519135
v 432.113831 -393.844360 -178.987366
v 354.757690 -479.865082 -146.945389
v 311.560669 -515.949463 -129.052612
v 266.894287 -546.754395 -110.551201
v 212.750290 -571.558289 -114.029373
v 201.652496 -571.333862 -134.739838
v 186.765442 -571.558350 -152.918411
v 330.725647 -438.998108 -271.423737
v 355.729095 -438.998108 -237.690491
v 377.326111 -438.998108 -201.681198
v 493.000366 -237.584091 -263.509216
v 464.782501 -237.584091 -310.557678
v 432.113831 -237.584061 -354.632202
v 467.716644 0.000000 -383.851135
v 503.076874 0.000000 -336.145142
v 533.619690 0.000000 -285.220276
v 493.000336 237.584091 -263.509155
v 464.782501 237.584091 -310.557678
v 432.113831 237.584091 -354.632202
v 330.725586 438.998077 -271.423737
v 355.729095 438.998108 -237.690521
v 377.326141 438.998108 -201.681198
v 212.750259 571.558350 -114.029388
v 201.652481 571.333862 -134.739853
v 186.765442 571.558289 -152.918411
v 288.884247 546.754333 0.000037
v 337.230835 515.949463 0.000044
v 383.986877 479.865204 0.000048
v 467.716644 393.844391 0.000061
v 503.076813 344.896454 0.000064
v 533.619690 292.645782 0.000073
v 579.007385 180.217606 0.000081
v 593.419678 121.111542 0.000081
v 602.149475 60.845695 0.000086
v 602.149475 -60.845695 0.000092
v 593.419617 -121.111526 0.000086
v 579.007324 -180.217606 0.000084
v 533.619690 -292.645782 0.000069
v 503.076813 -344.896454 0.000067
v 467.716644 -393.844360 0.000056
v 383.986877 -479.865082 0.000047
v 337.230804 -515.949463 0.000042
v 288.884277 -546.754395 0.000037
v 556.313477 -237.584091 -54.787670
v 548.248291 -237.584091 -109.053276
v 534.933105 -237.584061 -162.274628
v 579.007385 0.000000 -175.644760
v 593.419617 0.000000 -118.038437
v 602.149414 0.000000 -59.301750
v 556.313538 237.584091 -54.787674
v 548.248291 237.584091 -109.053276
v 534.933044 237.584091 -162.274628
v 409.420044 438.998077 -124.199615
v 419.611023 438.998108 -83.465767
v 425.783905 438.998108 -41.932674
v 240.192749 571.558289 -23.933405
v 237.865311 571.333862 -47.314327
v 231.068115 571.558289 -69.806160
v 231.068115 -571.558289 -69.806160
v 237.865341 -571.333862 -47.314327
v 240.192749 -571.558289 -23.933407
v 425.783905 -438.998108 -41.932674
v 419.611053 -438.998108 -83.465775
v 409.420013 -438.998108 -124.199615
v 266.894257 546.754333 110.551270
v 311.560608 515.949463 129.052689
v 354.757599 479.865204 146.945480
v 432.113831 393.844391 178.987473
v 464.782349 344.896454 192.519257
v 493.000183 292.645782 204.207504
v 534.932983 180.217606 221.576584
v 548.248169 121.111542 227.091965
v 556.313416 60.845695 230.432693
v 556.313416 -60.845695 230.432693
v 548.248169 -121.111526 227.091965
v 534.932983 -180.217606 221.576584
v 493.000183 -292.645782 204.207489
v 464.782349 -344.896454 192.519257
v 432.113739 -393.844360 178.987457
v 354.757599 -479.865082 146.945480
v 311.560638 -515.949463 129.052704
v 266.894257 -546.754395 110.551270
v 240.192749 -571.558289 23.933462
v 237.865311 -571.333862 47.314384
v 231.068085 -571.558289 69.806213
v 409.419983 -438.998108 124.199715
v 419.610962 -438.998108 83.465881
v 425.783875 -438.998108 41.932781
v 556.313477 -237.584061 54.787815
v 548.248169 -237.584091 109.053452
v 534.932983 -237.584091 162.274765
v 579.007263 0.000000 175.644928
v 593.419617 0.000000 118.038574
v 602.149475 0.000000 59.301922
v 556.313477 237.584091 54.787815
v 548.248169 237.584091 109.053436
v 534.932983 237.584091 162.274765
v 409.419983 438.998108 124.199715
v 419.611023 438.998169 83.465874
v 425.783875 438.998108 41.932781
v 240.192749 571.558289 23.933464
v 237.865280 571.333801 47.314384
v 231.068115 571.558289 69.806213
v 204.271973 546.754333 204.272064
v 238.458084 515.949463 238.458237
v 271.519684 479.865204 271.519775
v 330.725525 393.844391 330.725616
v 355.728943 344.896454 355.729095
v 377.326019 292.645782 377.326141
v 409.419922 180.217606 409.420105
v 419.610870 121.111542 419.611084
v 425.783813 60.845695 425.783997
v 425.783875 -60.845695 425.784027
v 419.611023 -121.111526 419.611115
v 409.419922 -180.217606 409.420105
v 377.325989 -292.645782 377.326141
v 355.728973 -344.896454 355.729095
v 330.725525 -393.844360 330.725616
v 271.519684 -479.865082 271.519775
v 238.458145 -515.949463 238.458221
v 204.271957 -546.754395 204.272064
v 467.716583 0.000000 383.851257
v 503.076813 0.000000 336.145264
v 533.619568 0.000000 285.220459
v 493.000214 237.584091 263.509308
v 464.782349 237.584091 310.557770
v 432.113800 237.584091 354.632324
v 330.725555 438.998108 271.423828
v 355.728973 438.998169 237.690582
v 377.326019 438.998108 201.681290
v 212.750229 571.558289 114.029434
v 201.652451 571.333801 134.739899
v 186.765381 571.558289 152.918457
v 186.765396 -571.558289 152.918457
v 201.652435 -571.333862 134.739899
v 212.750214 -571.558350 114.029427
v 377.326080 -438.998108 201.681305
v 355.729004 -438.998108 237.690613
v 330.725555 -438.998108 271.423828
v 432.113739 -237.584091 354.632324
v 464.782349 -237.584091 310.557770
v 493.000183 -237.584061 263.509277
v 110.551155 546.754333 266.894257
v 129.052551 515.949463 311.560638
v 146.945312 479.865204 354.757660
v 178.987289 393.844391 432.113800
v 192.519028 344.896454 464.782410
v 204.207275 292.645782 493.000244
v 221.576385 180.217606 534.933044
v 227.091705 121.111542 548.248230
v 230.432449 60.845695 556.313538
v 230.432465 -60.845695 556.313538
v 227.091736 -121.111526 548.248291
v 221.576385 -180.217606 534.932983
v 204.207260 -292.645782 493.000336
v 192.519043 -344.896454 464.782410
v 178.987289 -393.844360 432.113800
v 146.945328 -479.865082 354.757660
v 129.052551 -515.949463 311.560669
v 110.551147 -546.754395 266.894287
v 114.029350 -571.558289 212.750259
v 134.739807 -571.333862 201.652481
v 152.918381 -571.558350 186.765442
v 271.423706 -438.998108 330.725616
v 237.690460 -438.998108 355.729065
v 201.681152 -438.998108 377.326080
v 263.509125 -237.584091 493.000275
v 310.557587 -237.584091 464.782440
v 354.632172 -237.584061 432.113861
v 383.851074 0.000000 467.716705
v 336.145142 0.000000 503.076935
v 285.220215 0.000000 533.619751
v 263.509125 237.584091 493.000275
v 310.557587 237.584091 464.782440
v 354.632172 237.584091 432.113800
v 271.423676 438.998077 330.725616
v 237.690430 438.998108 355.729095
v 201.681107 438.998108 377.326080
v 114.029350 571.558350 212.750244
v 134.739822 571.333862 201.652496
v 152.918381 571.558289 186.765427
v -0.000090 546.754333 288.884247
v -0.000105 515.949463 337.230743
v -0.000120 479.865204 383.986847
v -0.000136 393.844391 467.716553
v -0.000145 344.896454 503.076782
v -0.000148 292.645782 533.619568
v -0.000167 180.217606 579.007263
v -0.000187 121.111542 593.419617
v -0.000183 60.845695 602.149353
v -0.000187 -60.845695 602.149353
v -0.000186 -121.111526 593.419556
v -0.000172 -180.217606 579.007263
v -0.000148 -292.645782 533.619568
v -0.000142 -344.896454 503.076782
v -0.000138 -393.844360 467.716522
v -0.000121 -479.865082 383.986847
v -0.000106 -515.949463 337.230743
v -0.000091 -546.754395 288.884247
v -0.000059 -590.840271 192.142960
v -0.000043 -604.940308 143.633682
v -0.000027 -615.649231 91.056358
v 54.787601 237.584091 556.313477
v 109.053215 237.584091 548.248230
v 162.274536 237.584091 534.932983
v 124.199532 438.998077 409.419983
v 83.465691 438.998108 419.610992
v 41.932590 438.998108 425.783875
v 23.933359 571.558289 240.192734
v 47.314281 571.333862 237.865295
v 69.806114 571.558289 231.068100
v 69.806114 -571.558289 231.068100
v 47.314281 -571.333862 237.865295
v 23.933361 -571.558289 240.192734
v 41.932594 -438.998108 425.783844
v 83.465691 -438.998108 419.610992
v 124.199539 -438.998108 409.419983
v 162.274536 -237.584061 534.932983
v 109.053215 -237.584091 548.248230
v 54.787601 -237.584091 556.313416
v 59.301640 0.000000 602.149353
v 118.038315 0.000000 593.419617
v 175.644669 0.000000 579.007385
v -34.845795 615.649353 84.125107
v -54.966282 604.940369 132.700211
v -73.529999 590.840271 177.516907
v -110.551315 546.754333 266.894196
v -129.052750 515.949463 311.560547
v -146.945541 479.865204 354.757507
v -178.987534 393.844391 432.113739
v -192.519318 344.896454 464.782257
v -204.207565 292.645782 493.000153
v -221.576675 180.217606 534.932922
v -227.092056 121.111542 548.248047
v -230.432785 60.845695 556.313354
v -230.432785 -60.845695 556.313416
v -227.092056 -121.111526 548.248169
v -221.576675 -180.217606 534.932922
v -204.207550 -292.645782 493.000153
v -192.519302 -344.896454 464.782257
v -178.987534 -393.844360 432.113647
v -146.945541 -479.865082 354.757507
v -129.052750 -515.949463 311.560577
v -110.551331 -546.754395 266.894196
v -23.933508 -571.558289 240.192734
v -47.314430 -571.333862 237.865295
v -69.806259 -571.558289 231.068069
v -124.199783 -438.998108 409.419891
v -83.465950 -438.998108 419.610931
v -41.932854 -438.998108 425.783783
v -54.787899 -237.584061 556.313416
v -109.053528 -237.584091 548.248108
v -162.274841 -237.584091 534.932861
v -175.645050 0.000000 579.007202
v -118.038704 0.000000 593.419556
v -59.302040 0.000000 602.149353
v -54.787899 237.584091 556.313354
v -109.053520 237.584091 548.248047
v -162.274841 237.584091 534.932861
v -124.199783 438.998108 409.419891
v -83.465950 438.998169 419.610931
v -41.932858 438.998108 425.783783
v -23.933512 571.558289 240.192734
v -47.314430 571.333801 237.865265
v -69.806252 571.558289 231.068039
v -204.272110 546.754333 204.271912
v -238.458313 515.949463 238.458069
v -271.519836 479.865204 271.519623
v -330.725677 393.844391 330.725464
v -355.729126 344.896454 355.728882
v -377.326172 292.645782 377.325928
v -409.420135 180.217606 409.419830
v -419.611145 121.111542 419.610840
v -425.784058 60.845695 425.783630
v -425.784058 -60.845695 425.783752
v -419.611206 -121.111526 419.610840
v -409.420166 -180.217606 409.419830
v -377.326202 -292.645782 377.325928
v -355.729126 -344.896454 355.728882
v -330.725677 -393.844360 330.725403
v -271.519806 -479.865082 271.519592
v -238.458282 -515.949463 238.458099
v -204.272095 -546.754395 204.271942
v -271.423859 438.998108 330.725464
v -237.690659 438.998169 355.728912
v -201.681335 438.998108 377.325928
v -114.029472 571.558289 212.750198
v -134.739944 571.333801 201.652405
v -152.918503 571.558289 186.765366
v -152.918503 -571.558289 186.765350
v -134.739944 -571.333862 201.652405
v -114.029480 -571.558350 212.750168
v -201.681351 -438.998108 377.325928
v -237.690659 -438.998108 355.728943
v -271.423859 -438.998108 330.725464
v -354.632385 -237.584091 432.113647
v -310.557831 -237.584091 464.782257
v -263.509369 -237.584061 493.000153
v -285.220551 0.000000 533.619568
v -336.145386 0.000000 503.076721
v -383.851349 0.000000 467.716461
v -354.632385 237.584091 432.113708
v -310.557831 237.584091 464.782257
v -263.509369 237.584091 493.000153
v -266.894318 546.754333 110.551102
v -311.560669 515.949463 129.052475
v -354.757690 479.865204 146.945236
v -432.113831 393.844391 178.987198
v -464.782440 344.896454 192.518982
v -493.000275 292.645782 204.207169
v -534.932983 180.217606 221.576279
v -548.248230 121.111542 227.091599
v -556.313599 60.845695 230.432358
v -556.313599 -60.845695 230.432358
v -548.248291 -121.111526 227.091599
v -534.932983 -180.217606 221.576279
v -493.000336 -292.645782 204.207184
v -464.782440 -344.896454 192.518982
v -432.113831 -393.844360 178.987198
v -354.757690 -479.865082 146.945251
v -311.560669 -515.949463 129.052475
v -266.894318 -546.754395 110.551102
v -212.750305 -571.558289 114.029305
v -201.652542 -571.333862 134.739777
v -186.765488 -571.558350 152.918335
v -330.725677 -438.998108 271.423615
v -355.729126 -438.998108 237.690399
v -377.326141 -438.998108 201.681061
v -493.000336 -237.584091 263.509033
v -464.782501 -237.584091 310.557465
v -432.113892 -237.584061 354.632080
v -467.716797 0.000000 383.850983
v -503.076965 0.000000 336.144989
v -533.619751 0.000000 285.220123
v -493.000336 237.584091 263.509033
v -464.782501 237.584091 310.557495
v -432.113892 237.584091 354.632050
v -330.725677 438.998077 271.423584
v -355.729126 438.998108 237.690369
v -377.326111 438.998108 201.681046
v -212.750305 571.558350 114.029305
v -201.652542 571.333862 134.739777
v -186.765472 571.558289 152.918320
v -288.884247 546.754333 -0.000134
v -337.230774 515.949463 -0.000157
v -383.986877 479.865143 -0.000176
v -467.716583 393.844360 -0.000203
v -503.076782 344.896393 -0.000211
v -533.619629 292.645752 -0.000221
v -579.007263 180.217606 -0.000249
v -593.419495 121.111519 -0.000265
v -602.149353 60.845695 -0.000276
v -602.149353 -60.845695 -0.000279
v -593.419556 -121.111504 -0.000265
v -579.007263 -180.217590 -0.000248
v -533.619568 -292.645752 -0.000222
v -503.076782 -344.896393 -0.000212
v -467.716644 -393.844391 -0.000203
v -383.986877 -479.865204 -0.000177
v -337.230774 -515.949463 -0.000156
v -288.884247 -546.754395 -0.000134
v -240.192749 571.558289 23.933321
v -237.865341 571.333862 47.314243
v -231.068130 571.558289 69.806068
v -231.068161 -571.558289 69.806068
v -237.865341 -571.333862 47.314243
v -240.192749 -571.558289 23.933321
v -425.783875 -438.998108 41.932526
v -419.611023 -438.998169 83.465622
v -409.420044 -438.998108 124.199471
v -534.932983 -237.584091 162.274445
v -548.248169 -237.584091 109.053108
v -556.313477 -237.584091 54.787506
v -602.149353 0.000000 59.301548
v -593.419678 0.000000 118.038231
v -579.007446 0.000000 175.644592
v -534.932983 237.584091 162.274445
v -548.248169 237.584061 109.053108
v -556.313477 237.584091 54.787506
v -425.783875 438.998169 41.932526
v -419.610962 438.998077 83.465614
v -409.420044 438.998108 124.199471
v -266.894196 546.754333 -110.551346
v -311.560547 515.949463 -129.052780
v -354.757507 479.865204 -146.945572
v -432.113678 393.844421 -178.987564
v -464.782257 344.896454 -192.519333
v -493.000092 292.645813 -204.207596
v -534.932922 180.217636 -221.576736
v -548.248108 121.111526 -227.092087
v -556.313416 60.845695 -230.432861
v -556.313416 -60.845695 -230.432861
v -548.248108 -121.111526 -227.092087
v -534.932861 -180.217636 -221.576706
v -493.000122 -292.645813 -204.207581
v -464.782257 -344.896423 -192.519333
v -432.113678 -393.844391 -178.987579
v -354.757477 -479.865082 -146.945557
v -311.560577 -515.949463 -129.052780
v -266.894226 -546.754395 -110.551346
v -409.419922 -438.998108 -124.199821
v -419.610901 -438.998108 -83.465996
v -425.783875 -438.998169 -41.932907
v -556.313416 -237.584091 -54.787975
v -548.248108 -237.584091 -109.053581
v -534.932861 -237.584091 -162.274887
v -579.007263 0.000000 -175.645111
v -593.419495 0.000000 -118.038780
v -602.149292 0.000000 -59.302105
v -556.313416 237.584061 -54.787975
v -548.248108 237.584106 -109.053574
v -534.932922 237.584091 -162.274887
v -409.419891 438.998108 -124.199821
v -419.610901 438.998169 -83.465996
v -425.783813 438.998108 -41.932907
v -240.192749 571.558289 -23.933546
v -237.865280 571.333801 -47.314461
v -231.068069 571.558289 -69.806282
v -231.068069 -571.558289 -69.806282
v -237.865265 -571.333862 -47.314461
v -240.192734 -571.558350 -23.933544
v -204.271896 546.754333 -204.272125
v -238.458038 515.949463 -238.458298
v -271.519562 479.865204 -271.519836
v -330.725372 393.844391 -330.725677
v -355.728790 344.896454 -355.729126
v -377.325836 292.645782 -377.326172
v -409.419769 180.217606 -409.420166
v -419.610779 121.111542 -419.611176
v -425.783630 60.845695 -425.784088
v -425.783661 -60.845695 -425.784119
v -419.610809 -121.111526 -419.611237
v -409.419800 -180.217606 -409.420166
v -377.325867 -292.645782 -377.326202
v -355.728790 -344.896454 -355.729126
v -330.725311 -393.844360 -330.725677
v -271.519562 -479.865082 -271.519836
v -238.458038 -515.949463 -238.458298
v -204.271896 -546.754395 -204.272110
v -186.765350 -571.558289 -152.918518
v -201.652405 -571.333862 -134.739960
v -212.750183 -571.558350 -114.029495
v -377.325897 -438.998108 -201.681381
v -355.728851 -438.998108 -237.690689
v -330.725433 -438.998108 -271.423889
v -432.113647 -237.584091 -354.632416
v -464.782196 -237.584091 -310.557861
v -493.000092 -237.584061 -263.509399
v -533.619507 0.000000 -285.220612
v -503.076721 0.000000 -336.145386
v -467.716492 0.000000 -383.851349
v -432.113647 237.584091 -354.632416
v -464.782196 237.584091 -310.557861
v -493.000092 237.584091 -263.509399
v -377.325928 438.998077 -201.681381
v -355.728851 438.998108 -237.690659
v -330.725403 438.998108 -271.423828
v -186.765350 571.558350 -152.918518
v -201.652420 571.333862 -134.739975
v -212.750183 571.558289 -114.029488
v -110.551064 546.754333 -266.894318
v -129.052460 515.949463 -311.560669
v -146.945206 479.865204 -354.757660
v -178.987167 393.844391 -432.113800
v -192.518921 344.896454 -464.782440
v -204.207153 292.645782 -493.000336
v -221.576294 180.217606 -534.933044
v -227.091583 121.111542 -548.248230
v -230.432343 60.845695 -556.313538
v -230.432343 -60.845695 -556.313538
v -227.091614 -121.111526 -548.248352
v -221.576294 -180.217606 -534.932983
v -204.207169 -292.645782 -493.000336
v -192.518936 -344.896454 -464.782410
v -178.987167 -393.844360 -432.113800
v -146.945221 -479.865082 -354.757660
v -129.052460 -515.949463 -311.560669
v -110.551071 -546.754395 -266.894318
v -263.509003 -237.584091 -493.000336
v -310.557404 -237.584091 -464.782501
v -354.632019 -237.584061 -432.113892
v -383.850952 0.000000 -467.716797
v -336.144928 0.000000 -503.076965
v -285.220093 0.000000 -533.619812
v -263.508972 237.584091 -493.000275
v -310.557434 237.584091 -464.782440
v -354.632019 237.584091 -432.113861
v -271.423584 438.998077 -330.725647
v -237.690338 438.998108 -355.729126
v -201.680984 438.998108 -377.326111
v -114.029259 571.558289 -212.750290
v -134.739777 571.333862 -201.652542
v -152.918320 571.558289 -186.765472
v -152.918320 -571.558289 -186.765488
v -134.739777 -571.333862 -201.652527
v -114.029274 -571.558289 -212.750290
v -201.681000 -438.998108 -377.326111
v -237.690308 -438.998108 -355.729126
v -271.423584 -438.998108 -330.725647
v 0.000154 546.754333 -288.884247
v 0.000177 515.949463 -337.230774
v 0.000193 479.865143 -383.986847
v -41.932526 -438.998108 -425.783844
v -83.465599 -438.998108 -419.610992
v -124.199417 -438.998108 -409.419983
v -41.932503 438.998108 -425.783936
v -83.465576 438.998169 -419.610992
v -124.199417 438.998108 -409.420013
v -69.806030 571.558289 -231.068146
v -47.314209 571.333801 -237.865311
v -23.933292 571.558289 -240.192764
v 0.000044 615.649353 -91.056374
v 0.000074 604.940369 -143.633698
v 0.000102 590.840271 -192.142960
v 0.000172 393.844391 -467.716553
v 0.000148 344.896454 -503.076782
v 0.000114 292.645782 -533.619568
v 0.000109 -292.645782 -533.619568
v 0.000142 -344.896454 -503.076843
v 0.000165 -393.844360 -467.716553
v 0.000161 -479.865204 -383.986847
v 0.000129 -515.949463 -337.230743
v 0.000091 -546.754395 -288.884277
v 0.000034 -590.840271 -192.142960
v 0.000021 -604.940369 -143.633713
v 0.000013 -615.649414 -91.056374
v 34.845783 615.649353 -84.125130
v 54.966267 604.940369 -132.700241
v 73.529968 590.840271 -177.516953
v 73.529945 -590.840271 -177.516968
v 54.966248 -604.940369 -132.700241
v 34.845776 -615.649353 -84.125130
v 41.932880 438.998077 -425.783875
v 83.465942 438.998108 -419.611023
v 124.199738 438.998108 -409.420013
v 69.806236 571.558289 -231.068100
v 47.314434 571.333862 -237.865295
v 23.933542 571.558289 -240.192734
v 124.199738 -438.998108 -409.419983
v 83.465927 -438.998108 -419.610992
v 41.932865 -438.998108 -425.783844
v 64.386574 615.649353 -64.386581
v 101.564369 604.940369 -101.564362
v 135.865601 590.840271 -135.865585
v 135.865601 -590.840271 -135.865585
v 101.564369 -604.940369 -101.564362
v 64.386589 -615.649292 -64.386574
v 84.125122 615.649353 -34.845764
v 132.700256 604.940369 -54.966225
v 177.516983 590.840271 -73.529915
v 177.516968 -590.840271 -73.529915
v 132.700256 -604.940369 -54.966225
v 84.125137 -615.649231 -34.845764
v 91.056374 615.649353 0.000010
v 143.633713 604.940369 0.000017
v 192.142990 590.840271 0.000023
v 192.142975 -590.840271 0.000023
v 143.633698 -604.940369 0.000017
v 91.056374 -615.649231 0.000009
v 84.125114 615.649353 34.845776
v 132.700241 604.940369 54.966259
v 177.516953 590.840271 73.529968
v 177.516953 -590.840271 73.529961
v 132.700241 -604.940369 54.966259
v 84.125122 -615.649231 34.845776
v 64.386574 615.649353 64.386589
v 101.564339 604.940369 101.564377
v 135.865555 590.840271 135.865616
v 135.865555 -590.840271 135.865616
v 101.564339 -604.940308 101.564384
v 64.386574 -615.649231 64.386581
v 34.845745 615.649353 84.125122
v 54.966209 604.940369 132.700241
v 73.529892 590.840271 177.516968
v 73.529884 -590.840271 177.516953
v 54.966209 -604.940308 132.700256
v 34.845745 -615.649231 84.125130
v -0.000028 615.649353 91.056366
v -0.000044 604.940369 143.633698
v -0.000059 590.840271 192.142960
v -73.529999 -590.840271 177.516891
v -54.966282 -604.940308 132.700211
v -34.845795 -615.649231 84.125099
v -64.386604 615.649353 64.386543
v -101.564400 604.940369 101.564316
v -135.865646 590.840271 135.865524
v -135.865662 -590.840271 135.865540
v -101.564415 -604.940308 101.564323
v -64.386604 -615.649231 64.386543
v -84.125145 615.649353 34.845730
v -132.700287 604.940369 54.966175
v -177.516998 590.840271 73.529854
v -177.516998 -590.840271 73.529854
v -132.700287 -604.940308 54.966175
v -84.125145 -615.649231 34.845730
v -91.056374 615.649353 -0.000044
v -143.633713 604.940369 -0.000067
v -192.142975 590.840271 -0.000090
v -192.142975 -590.840271 -0.000090
v -143.633698 -604.940308 -0.000067
v -91.056366 -615.649231 -0.000043
v -84.125114 615.649353 -34.845810
v -132.700226 604.940369 -54.966305
v -177.516922 590.840271 -73.530006
v -177.516937 -590.840271 -73.530014
v -132.700226 -604.940308 -54.966305
v -84.125107 -615.649231 -34.845810
v -64.386551 615.649353 -64.386627
v -101.564316 604.940369 -101.564415
v -135.865524 590.840271 -135.865662
v -135.865524 -590.840271 -135.865677
v -101.564308 -604.940308 -101.564423
v -64.386551 -615.649231 -64.386620
v -34.845718 615.649353 -84.125145
v -54.966160 604.940369 -132.700272
v -73.529831 590.840271 -177.516998
v -73.529854 -590.840271 -177.516983
v -54.966179 -604.940308 -132.700272
v -34.845734 -615.649231 -84.125145
v -69.806076 -571.558350 -231.068146
v -47.314259 -571.333862 -237.865311
v -23.933359 -571.558289 -240.192734
v -162.274460 -237.584061 -534.933044
v -109.053185 -237.584091 -548.248230
v -54.787617 -237.584091 -556.313416
v -59.301731 0.000000 -602.149536
v -118.038338 0.000000 -593.419678
v -175.644653 0.000000 -579.007385
v -162.274490 237.584091 -534.933044
v -109.053177 237.584091 -548.248230
v -54.787624 237.584091 -556.313477
v 52.297966 292.645813 -531.031250
v 49.304615 344.896393 -500.636688
v 45.839127 393.844391 -465.448029
v 104.097389 292.645752 -523.332581
v 98.139183 344.896454 -493.378601
v 91.241226 393.844421 -458.700104
v 154.900040 292.645813 -510.622528
v 146.034012 344.896423 -481.395966
v 135.769608 393.844360 -447.559662
v 32.301292 599.896057 -162.389267
v 19.920818 590.280701 -193.884750
v 18.301744 603.361328 -150.354721
v 21.982130 611.934692 -110.511444
v 40.629745 603.361267 -145.913391
v 55.792171 590.280701 -186.749481
v 38.645172 589.570435 -194.282059
v 32.301247 -599.896057 -162.389236
v 21.982100 -611.934692 -110.511444
v 18.301693 -603.361267 -150.354721
v 19.920753 -590.280640 -193.884750
v 38.645115 -589.570435 -194.282043
v 55.792137 -590.280640 -186.749466
v 40.629711 -603.361328 -145.913391
v 45.839119 -393.844391 -465.447968
v 49.304611 -344.896393 -500.636688
v 52.297958 -292.645813 -531.031311
v 91.241219 -393.844421 -458.700104
v 98.139183 -344.896423 -493.378540
v 104.097397 -292.645813 -523.332703
v 135.769608 -393.844360 -447.559631
v 146.034042 -344.896454 -481.395966
v 154.900040 -292.645813 -510.622528
v 59.014221 60.845703 -599.228760
v 58.158665 121.111526 -590.541199
v 56.746174 180.217590 -576.198914
v 117.465988 60.845703 -590.541260
v 115.762985 121.111504 -581.979797
v 112.951500 180.217606 -567.845276
v 174.792923 60.845703 -576.198853
v 172.258835 121.111526 -567.845276
v 168.075211 180.217606 -554.054138
v 37.639206 479.861633 -382.141815
v 33.099308 515.921387 -335.734741
v 28.476364 546.659607 -287.954437
v 74.914444 479.858154 -376.619720
v 65.842438 515.893311 -331.011688
v 56.544312 546.564941 -284.266937
v 111.465477 479.861664 -367.456848
v 97.900574 515.921387 -322.845001
v 83.886864 546.659607 -276.932587
v 28.476303 -546.659607 -287.954437
v 33.099266 -515.921509 -335.734741
v 37.639175 -479.861572 -382.141815
v 56.544266 -546.565002 -284.266968
v 65.842407 -515.893311 -331.011719
v 74.914421 -479.858124 -376.619720
v 83.886841 -546.659607 -276.932617
v 97.900558 -515.921448 -322.844971
v 111.465469 -479.861633 -367.456879
v 56.746166 -180.217590 -576.198914
v 58.158665 -121.111519 -590.541260
v 59.014221 -60.845695 -599.228760
v 112.951492 -180.217590 -567.845215
v 115.763000 -121.111519 -581.979797
v 117.465988 -60.845703 -590.541260
v 168.075195 -180.217621 -554.054138
v 172.258820 -121.111519 -567.845276
v 174.792923 -60.845703 -576.198914
v 220.468994 -393.844391 -412.476074
v 237.136856 -344.896393 -443.659973
v 251.533920 -292.645813 -470.595459
v 259.832733 -393.844421 -388.867126
v 279.476562 -344.896423 -418.266205
v 296.444183 -292.645813 -443.659973
v 296.708435 -393.844360 -361.534454
v 319.140076 -344.896454 -388.867126
v 338.515717 -292.645813 -412.476105
v 283.836945 60.845703 -531.031372
v 279.721954 121.111526 -523.332581
v 272.928406 180.217590 -510.622467
v 334.514801 60.845703 -500.636627
v 329.665100 121.111504 -493.378601
v 321.658569 180.217606 -481.395996
v 381.989410 60.845703 -465.447937
v 376.451416 121.111526 -458.700043
v 367.308624 180.217606 -447.559753
v 181.013336 479.861633 -338.649200
v 159.059799 515.921387 -297.511963
v 136.504059 546.659607 -255.137833
v 213.337952 479.858154 -319.282745
v 187.503113 515.893311 -280.618164
v 161.024323 546.565002 -240.989899
v 243.600327 479.861664 -296.829895
v 213.995712 515.921387 -260.804993
v 183.478851 546.659607 -223.750290
v 136.504044 -546.659607 -255.137848
v 159.059799 -515.921509 -297.511993
v 181.013336 -479.861572 -338.649200
v 161.024323 -546.565002 -240.989929
v 187.503113 -515.893311 -280.618164
v 213.337982 -479.858124 -319.282776
v 183.478836 -546.659607 -223.750275
v 213.995743 -515.921387 -260.804993
v 243.600296 -479.861633 -296.829895
v 272.928406 -180.217590 -510.622528
v 279.721924 -121.111519 -523.332703
v 283.836945 -60.845695 -531.031372
v 321.658569 -180.217590 -481.395996
v 329.665100 -121.111519 -493.378540
v 334.514801 -60.845703 -500.636688
v 367.308624 -180.217621 -447.559723
v 376.451416 -121.111519 -458.700043
v 381.989410 -60.845703 -465.447937
v 251.533890 292.645813 -470.595490
v 237.136841 344.896393 -443.659973
v 220.468994 393.844391 -412.476074
v 296.444153 292.645752 -443.659973
v 279.476562 344.896454 -418.266174
v 259.832733 393.844421 -388.867126
v 338.515717 292.645813 -412.476074
v 319.140106 344.896423 -388.867096
v 296.708435 393.844360 -361.534515
v 91.986137 599.896118 -137.666977
v 92.600853 590.280701 -171.502792
v 74.446815 603.361328 -131.905853
v 62.599705 611.934570 -93.687065
v 93.375595 603.361267 -119.258072
v 123.011139 590.280640 -151.183289
v 110.051941 589.570435 -164.704361
v 91.986137 -599.896118 -137.666977
v 62.599697 -611.934570 -93.687065
v 74.446800 -603.361267 -131.905853
v 92.600845 -590.280640 -171.502792
v 110.051941 -589.570374 -164.704361
v 123.011139 -590.280640 -151.183289
v 93.375595 -603.361328 -119.258057
v 223.750320 -546.659668 -183.478790
v 260.805023 -515.921509 -213.995682
v 296.829926 -479.861572 -243.600235
v 240.989944 -546.565002 -161.024277
v 280.618225 -515.893311 -187.503052
v 319.282837 -479.858124 -213.337921
v 255.137863 -546.659607 -136.503967
v 297.512024 -515.921448 -159.059753
v 338.649261 -479.861633 -181.013260
v 447.559753 -180.217590 -367.308533
v 458.700134 -121.111519 -376.451355
v 465.448059 -60.845695 -381.989258
v 481.396088 -180.217590 -321.658508
v 493.378693 -121.111519 -329.664978
v 500.636780 -60.845703 -334.514709
v 510.622620 -180.217621 -272.928314
v 523.332703 -121.111519 -279.721863
v 531.031372 -60.845703 -283.836853
v 412.476105 292.645813 -338.515686
v 388.867188 344.896393 -319.140045
v 361.534546 393.844391 -296.708374
v 443.660034 292.645752 -296.444122
v 418.266205 344.896454 -279.476471
v 388.867188 393.844421 -259.832703
v 470.595490 292.645813 -251.533798
v 443.660034 344.896423 -237.136749
v 412.476135 393.844360 -220.468872
v 137.666992 599.895996 -91.986122
v 151.183304 590.280640 -123.011108
v 119.258080 603.361328 -93.375572
v 93.687080 611.934448 -62.599689
v 131.905884 603.361267 -74.446793
v 171.502808 590.280701 -92.600815
v 164.704376 589.570435 -110.051910
v 137.667007 -599.896118 -91.986107
v 93.687065 -611.934570 -62.599682
v 119.258080 -603.361267 -93.375572
v 151.183289 -590.280640 -123.011108
v 164.704376 -589.570435 -110.051910
v 171.502808 -590.280640 -92.600822
v 131.905884 -603.361328 -74.446793
v 361.534546 -393.844391 -296.708374
v 388.867188 -344.896393 -319.140045
v 412.476105 -292.645813 -338.515686
v 388.867188 -393.844421 -259.832703
v 418.266266 -344.896423 -279.476501
v 443.660065 -292.645813 -296.444092
v 412.476105 -393.844360 -220.468872
v 443.660034 -344.896454 -237.136749
v 470.595490 -292.645813 -251.533798
v 465.448120 60.845703 -381.989288
v 458.700134 121.111526 -376.451355
v 447.559692 180.217590 -367.308533
v 500.636719 60.845703 -334.514679
v 493.378693 121.111504 -329.665039
v 481.396088 180.217606 -321.658508
v 531.031372 60.845703 -283.836853
v 523.332703 121.111526 -279.721863
v 510.622620 180.217606 -272.928284
v 296.829926 479.861633 -243.600204
v 260.804962 515.921387 -213.995682
v 223.750320 546.659607 -183.478806
v 319.282837 479.858154 -213.337891
v 280.618195 515.893311 -187.503052
v 240.989914 546.565002 -161.024277
v 338.649231 479.861664 -181.013275
v 297.511993 515.921387 -159.059738
v 255.137894 546.659607 -136.503983
v 554.054199 -180.217590 -168.075104
v 567.845337 -121.111519 -172.258728
v 576.198914 -60.845695 -174.792816
v 567.845337 -180.217590 -112.951385
v 581.979797 -121.111519 -115.762878
v 590.541321 -60.845703 -117.465881
v 576.198914 -180.217621 -56.746059
v 590.541260 -121.111519 -58.158531
v 599.228821 -60.845703 -59.014099
v 510.622620 292.645813 -154.899918
v 481.396057 344.896393 -146.033890
v 447.559784 393.844391 -135.769470
v 523.332703 292.645752 -104.097260
v 493.378632 344.896454 -98.139046
v 458.700104 393.844421 -91.241066
v 531.031494 292.645813 -52.297802
v 500.636719 344.896423 -49.304428
v 465.447998 393.844360 -45.838932
v 162.389282 599.896118 -32.301216
v 186.749496 590.280701 -55.792103
v 145.913406 603.361328 -40.629688
v 110.511444 611.934509 -21.982077
v 150.354706 603.361267 -18.301662
v 193.884766 590.280701 -19.920708
v 194.282074 589.570435 -38.645081
v 162.389267 -599.896118 -32.301212
v 110.511452 -611.934570 -21.982077
v 145.913406 -603.361267 -40.629692
v 186.749481 -590.280640 -55.792095
v 194.282074 -589.570435 -38.645077
v 193.884766 -590.280640 -19.920708
v 150.354706 -603.361328 -18.301662
v 447.559753 -393.844391 -135.769470
v 481.396057 -344.896393 -146.033890
v 510.622620 -292.645813 -154.899918
v 458.700043 -393.844421 -91.241066
v 493.378632 -344.896423 -98.139046
v 523.332703 -292.645813 -104.097260
v 465.447998 -393.844360 -45.838940
v 500.636688 -344.896454 -49.304436
v 531.031372 -292.645813 -52.297802
v 576.198914 60.845703 -174.792831
v 567.845337 121.111526 -172.258728
v 554.054199 180.217590 -168.075119
v 590.541321 60.845703 -117.465881
v 581.979858 121.111504 -115.762878
v 567.845337 180.217606 -112.951385
v 599.228760 60.845703 -59.014107
v 590.541260 121.111526 -58.158531
v 576.198914 180.217606 -56.746067
v 367.456909 479.861633 -111.465378
v 322.845032 515.921387 -97.900459
v 276.932648 546.659607 -83.886772
v 376.619720 479.858154 -74.914268
v 331.011749 515.893311 -65.842285
v 284.266998 546.565002 -56.544186
v 382.141907 479.861664 -37.639000
v 335.734741 515.921387 -33.099117
v 287.954468 546.659607 -28.476196
v 276.932617 -546.659607 -83.886772
v 322.845032 -515.921509 -97.900467
v 367.456909 -479.861572 -111.465378
v 284.266998 -546.565002 -56.544186
v 331.011749 -515.893311 -65.842293
v 376.619720 -479.858124 -74.914268
v 287.954437 -546.659607 -28.476200
v 335.734772 -515.921448 -33.099121
v 382.141876 -479.861633 -37.639004
v 162.389236 -599.896118 32.301250
v 110.511452 -611.934570 21.982105
v 150.354721 -603.361267 18.301701
v 193.884750 -590.280640 19.920753
v 194.282059 -589.570374 38.645130
v 186.749481 -590.280640 55.792145
v 145.913376 -603.361328 40.629723
v 465.447998 -393.844391 45.839054
v 500.636719 -344.896393 49.304569
v 531.031311 -292.645813 52.297955
v 458.700104 -393.844421 91.241180
v 493.378571 -344.896423 98.139175
v 523.332642 -292.645813 104.097412
v 447.559601 -393.844360 135.769592
v 481.395996 -344.896454 146.034042
v 510.622498 -292.645813 154.900055
v 599.228760 60.845703 59.014282
v 590.541260 121.111526 58.158714
v 576.198914 180.217590 56.746220
v 590.541260 60.845703 117.466057
v 581.979797 121.111504 115.763054
v 567.845337 180.217606 112.951553
v 576.198853 60.845703 174.792999
v 567.845337 121.111526 172.258911
v 554.054138 180.217606 168.075272
v 382.141846 479.861633 37.639099
v 335.734802 515.921387 33.099205
v 287.954468 546.659607 28.476271
v 376.619659 479.858154 74.914368
v 331.011688 515.893311 65.842377
v 284.266937 546.565002 56.544262
v 367.456848 479.861664 111.465446
v 322.844971 515.921387 97.900543
v 276.932587 546.659607 83.886833
v 287.954437 -546.659607 28.476271
v 335.734772 -515.921509 33.099205
v 382.141876 -479.861572 37.639095
v 284.266968 -546.565002 56.544254
v 331.011719 -515.893311 65.842377
v 376.619720 -479.858124 74.914375
v 276.932556 -546.659607 83.886841
v 322.845001 -515.921387 97.900543
v 367.456879 -479.861633 111.465462
v 576.198914 -180.217590 56.746212
v 590.541321 -121.111519 58.158714
v 599.228760 -60.845695 59.014282
v 567.845276 -180.217590 112.951553
v 581.979858 -121.111519 115.763062
v 590.541321 -60.845703 117.466057
v 554.054138 -180.217621 168.075287
v 567.845276 -121.111519 172.258911
v 576.198914 -60.845703 174.792999
v 531.031250 292.645813 52.297955
v 500.636719 344.896393 49.304565
v 465.448059 393.844391 45.839054
v 523.332642 292.645752 104.097412
v 493.378540 344.896454 98.139175
v 458.700134 393.844421 91.241180
v 510.622498 292.645813 154.900040
v 481.395996 344.896423 146.034027
v 447.559662 393.844360 135.769608
v 162.389252 599.896118 32.301250
v 193.884766 590.280701 19.920757
v 150.354706 603.361328 18.301699
v 110.511444 611.934509 21.982105
v 145.913376 603.361267 40.629723
v 186.749451 590.280640 55.792156
v 194.282043 589.570435 38.645126
v 531.031311 60.845703 283.837036
v 523.332581 121.111526 279.722015
v 510.622467 180.217590 272.928467
v 500.636688 60.845703 334.514832
v 493.378540 121.111504 329.665161
v 481.395996 180.217606 321.658600
v 465.447906 60.845703 381.989441
v 458.700043 121.111526 376.451447
v 447.559662 180.217606 367.308655
v 338.649139 479.861633 181.013351
v 297.511963 515.921387 159.059814
v 255.137817 546.659607 136.504059
v 319.282745 479.858154 213.337967
v 280.618134 515.893311 187.503128
v 240.989868 546.565002 161.024323
v 296.829834 479.861664 243.600311
v 260.804932 515.921387 213.995728
v 223.750244 546.659607 183.478867
v 255.137817 -546.659607 136.504059
v 297.511993 -515.921509 159.059814
v 338.649170 -479.861572 181.013351
v 240.989868 -546.565002 161.024323
v 280.618164 -515.893311 187.503113
v 319.282745 -479.858124 213.337997
v 223.750259 -546.659607 183.478867
v 260.804901 -515.921387 213.995743
v 296.829834 -479.861633 243.600311
v 510.622467 -180.217590 272.928467
v 523.332703 -121.111519 279.721985
v 531.031311 -60.845695 283.837036
v 481.395935 -180.217590 321.658600
v 493.378571 -121.111519 329.665131
v 500.636627 -60.845703 334.514832
v 447.559601 -180.217621 367.308655
v 458.699982 -121.111519 376.451447
v 465.447906 -60.845703 381.989471
v 470.595428 292.645813 251.533905
v 443.659973 344.896393 237.136871
v 412.476044 393.844391 220.469025
v 443.659973 292.645752 296.444183
v 418.266113 344.896454 279.476593
v 388.867065 393.844421 259.832764
v 412.476044 292.645813 338.515747
v 388.867065 344.896423 319.140106
v 361.534393 393.844360 296.708435
v 137.666946 599.895996 91.986153
v 171.502777 590.280640 92.600861
v 131.905869 603.361328 74.446823
v 93.687065 611.934509 62.599705
v 119.258057 603.361267 93.375603
v 151.183273 590.280640 123.011147
v 164.704330 589.570435 110.051964
v 137.666931 -599.896118 91.986160
v 93.687050 -611.934570 62.599712
v 131.905869 -603.361267 74.446823
v 171.502792 -590.280640 92.600861
v 164.704346 -589.570374 110.051964
v 151.183273 -590.280640 123.011147
v 119.258041 -603.361328 93.375610
v 412.475983 -393.844391 220.468994
v 443.659973 -344.896393 237.136871
v 470.595428 -292.645813 251.533951
v 388.867065 -393.844421 259.832764
v 418.266144 -344.896423 279.476593
v 443.659882 -292.645813 296.444214
v 361.534393 -393.844360 296.708435
v 388.867065 -344.896454 319.140106
v 412.476044 -292.645813 338.515747
v 183.478760 -546.659668 223.750320
v 213.995590 -515.921509 260.805023
v 243.600174 -479.861572 296.829926
v 161.024246 -546.565002 240.989929
v 187.503006 -515.893311 280.618225
v 213.337830 -479.858124 319.282806
v 136.503937 -546.659607 255.137878
v 159.059708 -515.921448 297.511993
v 181.013184 -479.861633 338.649231
v 367.308472 -180.217590 447.559753
v 376.451294 -121.111519 458.700165
v 381.989197 -60.845695 465.448120
v 321.658447 -180.217590 481.396118
v 329.664978 -121.111519 493.378693
v 334.514618 -60.845703 500.636749
v 272.928253 -180.217621 510.622559
v 279.721802 -121.111519 523.332703
v 283.836792 -60.845703 531.031433
v 338.515625 292.645813 412.476105
v 319.139954 344.896393 388.867188
v 296.708313 393.844391 361.534576
v 296.444031 292.645752 443.660034
v 279.476440 344.896454 418.266205
v 259.832611 393.844421 388.867188
v 251.533752 292.645813 470.595459
v 237.136688 344.896423 443.659943
v 220.468842 393.844360 412.476105
v 91.986099 599.895996 137.666992
v 123.011093 590.280640 151.183319
v 93.375557 603.361328 119.258087
v 62.599674 611.934509 93.687080
v 74.446770 603.361267 131.905869
v 92.600792 590.280701 171.502823
v 110.051880 589.570435 164.704376
v 91.986084 -599.896118 137.666992
v 62.599667 -611.934570 93.687073
v 93.375557 -603.361267 119.258095
v 123.011093 -590.280640 151.183304
v 110.051895 -589.570435 164.704391
v 92.600792 -590.280640 171.502808
v 74.446762 -603.361328 131.905884
v 296.708313 -393.844391 361.534576
v 319.139954 -344.896393 388.867188
v 338.515625 -292.645813 412.476074
v 259.832611 -393.844421 388.867157
v 279.476440 -344.896423 418.266205
v 296.444000 -292.645813 443.660034
v 220.468826 -393.844360 412.476074
v 237.136719 -344.896454 443.659973
v 251.533752 -292.645813 470.595490
v 381.989227 60.845703 465.448120
v 376.451294 121.111526 458.700165
v 367.308441 180.217590 447.559753
v 334.514587 60.845703 500.636749
v 329.664978 121.111504 493.378693
v 321.658447 180.217606 481.396149
v 283.836792 60.845703 531.031372
v 279.721832 121.111526 523.332703
v 272.928253 180.217606 510.622559
v 243.600159 479.861633 296.829926
v 213.995590 515.921387 260.804993
v 183.478760 546.659607 223.750290
v 213.337860 479.858154 319.282806
v 187.502991 515.893311 280.618195
v 161.024216 546.565002 240.989929
v 181.013199 479.861664 338.649200
v 159.059677 515.921387 297.511993
v 136.503952 546.659607 255.137878
v 154.899857 292.645813 510.622528
v 146.033829 344.896393 481.395996
v 135.769409 393.844391 447.559723
v 104.097176 292.645752 523.332642
v 98.138969 344.896454 493.378540
v 91.240990 393.844421 458.700012
v 52.297737 292.645813 531.031372
v 49.304359 344.896423 500.636627
v 45.838844 393.844360 465.447937
v 32.301186 599.896118 162.389267
v 55.792068 590.280701 186.749496
v 40.629669 603.361328 145.913391
v 21.982063 611.934570 110.511436
v 18.301640 603.361267 150.354691
v 19.920671 590.280701 193.884750
v 38.645050 589.570435 194.282059
v 32.301186 -599.896118 162.389252
v 21.982059 -611.934570 110.511444
v 40.629669 -603.361267 145.913391
v 55.792065 -590.280640 186.749466
v 38.645046 -589.570435 194.282059
v 19.920675 -590.280640 193.884750
v 18.301640 -603.361328 150.354691
v 135.769409 -393.844391 447.559723
v 146.033829 -344.896393 481.395996
v 154.899857 -292.645813 510.622559
v 91.240982 -393.844421 458.700012
v 98.138977 -344.896423 493.378601
v 104.097176 -292.645813 523.332642
v 45.838852 -393.844360 465.447876
v 49.304356 -344.896454 500.636627
v 52.297737 -292.645813 531.031311
v 174.792740 60.845703 576.198914
v 172.258667 121.111526 567.845276
v 168.075043 180.217590 554.054199
v 117.465797 60.845703 590.541260
v 115.762794 121.111504 581.979797
v 112.951309 180.217606 567.845276
v 59.014008 60.845703 599.228699
v 58.158451 121.111526 590.541199
v 56.745979 180.217606 576.198853
v 111.465286 479.861633 367.456879
v 97.900391 515.921387 322.845001
v 83.886711 546.659607 276.932617
v 74.914200 479.858154 376.619720
v 65.842216 515.893311 331.011658
v 56.544128 546.565002 284.266937
v 37.638927 479.861664 382.141876
v 33.099052 515.921387 335.734711
v 28.476143 546.659607 287.954437
v 83.886711 -546.659607 276.932617
v 97.900406 -515.921509 322.845001
v 111.465309 -479.861572 367.456879
v 56.544128 -546.565002 284.266968
v 65.842216 -515.893311 331.011719
v 74.914207 -479.858124 376.619720
v 28.476143 -546.659607 287.954437
v 33.099056 -515.921448 335.734741
v 37.638931 -479.861633 382.141846
v 168.075027 -180.217590 554.054199
v 172.258667 -121.111519 567.845276
v 174.792740 -60.845695 576.198975
v 112.951309 -180.217590 567.845276
v 115.762794 -121.111519 581.979797
v 117.465782 -60.845703 590.541199
v 56.745983 -180.217621 576.198853
v 58.158459 -121.111519 590.541199
v 59.014008 -60.845703 599.228760
v -32.301281 -599.896118 162.389221
v -21.982128 -611.934570 110.511436
v -18.301731 -603.361267 150.354691
v -19.920794 -590.280640 193.884735
v -38.645164 -589.570374 194.282028
v -55.792187 -590.280640 186.749435
v -40.629753 -603.361328 145.913376
v -45.839127 -393.844391 465.447937
v -49.304646 -344.896393 500.636688
v -52.298031 -292.645813 531.031250
v -91.241257 -393.844421 458.700012
v -98.139244 -344.896423 493.378510
v -104.097481 -292.645813 523.332520
v -135.769669 -393.844360 447.559509
v -146.034119 -344.896454 481.395905
v -154.900131 -292.645813 510.622437
v -59.014389 60.845703 599.228699
v -58.158817 121.111526 590.541199
v -56.746307 180.217590 576.198853
v -117.466171 60.845703 590.541199
v -115.763161 121.111504 581.979736
v -112.951645 180.217606 567.845215
v -174.793091 60.845703 576.198792
v -172.258987 121.111526 567.845215
v -168.075363 180.217606 554.054016
v -37.639168 479.861633 382.141754
v -33.099262 515.921387 335.734741
v -28.476324 546.659607 287.954437
v -74.914444 479.858154 376.619629
v -65.842430 515.893311 331.011627
v -56.544308 546.565002 284.266907
v -111.465515 479.861664 367.456757
v -97.900604 515.921387 322.844910
v -83.886887 546.659607 276.932556
v -28.476320 -546.659607 287.954407
v -33.099270 -515.921509 335.734711
v -37.639164 -479.861572 382.141785
v -56.544308 -546.565002 284.266907
v -65.842430 -515.893311 331.011627
v -74.914444 -479.858124 376.619629
v -83.886894 -546.659607 276.932556
v -97.900597 -515.921387 322.844910
v -111.465515 -479.861633 367.456787
v -56.746307 -180.217590 576.198914
v -58.158817 -121.111519 590.541199
v -59.014389 -60.845695 599.228699
v -112.951645 -180.217590 567.845215
v -115.763161 -121.111519 581.979797
v -117.466164 -60.845703 590.541260
v -168.075378 -180.217621 554.054077
v -172.258987 -121.111519 567.845154
v -174.793091 -60.845703 576.198853
v -52.298031 292.645813 531.031189
v -49.304646 344.896393 500.636627
v -45.839127 393.844391 465.447968
v -104.097481 292.645752 523.332520
v -98.139244 344.896454 493.378510
v -91.241264 393.844421 458.700043
v -154.900131 292.645813 510.622437
v -146.034119 344.896423 481.395905
v -135.769669 393.844360 447.559570
v -32.301285 599.896118 162.389236
v -19.920794 590.280701 193.884720
v -18.301729 603.361328 150.354691
v -21.982124 611.934570 110.511421
v -40.629753 603.361267 145.913376
v -55.792187 590.280640 186.749435
v -38.645164 589.570435 194.282028
v -181.013397 479.861633 338.649078
v -159.059860 515.921387 297.511902
v -136.504105 546.659607 255.137772
v -213.338028 479.858154 319.282654
v -187.503159 515.893311 280.618073
v -161.024384 546.565002 240.989822
v -243.600372 479.861664 296.829803
v -213.995789 515.921387 260.804871
v -183.478912 546.659607 223.750229
v -136.504105 -546.659607 255.137756
v -159.059875 -515.921509 297.511902
v -181.013412 -479.861572 338.649078
v -161.024384 -546.565002 240.989807
v -187.503189 -515.893311 280.618103
v -213.338028 -479.858124 319.282654
v -183.478928 -546.659607 223.750198
v -213.995789 -515.921387 260.804871
v -243.600372 -479.861633 296.829773
v -272.928528 -180.217590 510.622375
v -279.722076 -121.111519 523.332581
v -283.837128 -60.845695 531.031250
v -321.658691 -180.217590 481.395905
v -329.665222 -121.111519 493.378448
v -334.514954 -60.845703 500.636536
v -367.308716 -180.217621 447.559509
v -376.451538 -121.111519 458.699951
v -381.989532 -60.845703 465.447784
v -251.533997 292.645813 470.595306
v -237.136932 344.896393 443.659882
v -220.469070 393.844391 412.475922
v -296.444244 292.645752 443.659882
v -279.476624 344.896454 418.266022
v -259.832825 393.844421 388.866974
v -338.515839 292.645813 412.475922
v -319.140167 344.896423 388.867035
v -296.708527 393.844360 361.534332
v -91.986176 599.895996 137.666931
v -92.600891 590.280640 171.502762
v -74.446854 603.361328 131.905838
v -62.599724 611.934570 93.687035
v -93.375633 603.361267 119.258026
v -123.011177 590.280640 151.183243
v -110.051994 589.570435 164.704300
v -91.986183 -599.896118 137.666931
v -62.599735 -611.934570 93.687035
v -74.446854 -603.361267 131.905823
v -92.600891 -590.280640 171.502777
v -110.051979 -589.570374 164.704300
v -123.011177 -590.280640 151.183243
v -93.375626 -603.361328 119.258026
v -220.469070 -393.844391 412.475922
v -237.136963 -344.896393 443.659882
v -251.534012 -292.645813 470.595367
v -259.832825 -393.844421 388.866974
v -279.476624 -344.896423 418.266022
v -296.444244 -292.645813 443.659851
v -296.708527 -393.844360 361.534332
v -319.140167 -344.896454 388.866974
v -338.515839 -292.645813 412.475922
v -283.837097 60.845703 531.031250
v -279.722107 121.111526 523.332520
v -272.928528 180.217590 510.622437
v -334.514954 60.845703 500.636597
v -329.665222 121.111504 493.378448
v -321.658661 180.217606 481.395905
v -381.989532 60.845703 465.447815
v -376.451538 121.111526 458.699921
v -367.308716 180.217606 447.559570
v -223.750366 -546.659668 183.478714
v -260.805054 -515.921509 213.995529
v -296.829987 -479.861572 243.600113
v -240.989960 -546.565002 161.024170
v -280.618256 -515.893311 187.502930
v -319.282867 -479.858124 213.337753
v -255.137939 -546.659607 136.503891
v -297.512054 -515.921448 159.059616
v -338.649261 -479.861633 181.013138
v -447.559784 -180.217590 367.308380
v -458.700226 -121.111519 376.451202
v -465.448212 -60.845695 381.989136
v -481.396179 -180.217590 321.658325
v -493.378784 -121.111519 329.664856
v -500.636810 -60.845703 334.514557
v -510.622650 -180.217621 272.928162
v -523.332703 -121.111519 279.721710
v -531.031494 -60.845703 283.836670
v -412.476135 292.645813 338.515533
v -388.867218 344.896393 319.139893
v -361.534607 393.844391 296.708191
v -443.660065 292.645752 296.443970
v -418.266266 344.896454 279.476349
v -388.867218 393.844421 259.832520
v -470.595490 292.645813 251.533661
v -443.659973 344.896423 237.136597
v -412.476135 393.844360 220.468735
v -137.667038 599.895996 91.986069
v -151.183350 590.280640 123.011047
v -119.258118 603.361328 93.375526
v -93.687103 611.934570 62.599651
v -131.905899 603.361267 74.446739
v -171.502853 590.280701 92.600746
v -164.704407 589.570435 110.051849
v -137.667038 -599.896118 91.986053
v -93.687096 -611.934509 62.599659
v -119.258133 -603.361267 93.375526
v -151.183350 -590.280640 123.011063
v -164.704407 -589.570435 110.051865
v -171.502853 -590.280640 92.600754
v -131.905914 -603.361328 74.446732
v -361.534607 -393.844391 296.708191
v -388.867218 -344.896393 319.139923
v -412.476135 -292.645813 338.515533
v -388.867188 -393.844421 259.832550
v -418.266266 -344.896423 279.476349
v -443.660126 -292.645813 296.443939
v -412.476105 -393.844360 220.468750
v -443.660034 -344.896454 237.136597
v -470.595551 -292.645813 251.533661
v -465.448212 60.845703 381.989105
v -458.700226 121.111526 376.451202
v -447.559784 180.217590 367.308380
v -500.636780 60.845703 334.514526
v -493.378723 121.111504 329.664856
v -481.396179 180.217606 321.658356
v -531.031494 60.845703 283.836700
v -523.332703 121.111526 279.721710
v -510.622620 180.217606 272.928162
v -296.830017 479.861633 243.600082
v -260.805054 515.921387 213.995575
v -223.750336 546.659607 183.478699
v -319.282867 479.858154 213.337769
v -280.618256 515.893311 187.502930
v -240.989960 546.565002 161.024170
v -338.649261 479.861664 181.013138
v -297.512024 515.921387 159.059616
v -255.137894 546.659607 136.503876
v -162.389282 599.896118 32.301159
v -186.749512 590.280701 55.792034
v -145.913406 603.361328 40.629635
v -110.511467 611.934570 21.982038
v -150.354721 603.361267 18.301609
v -193.884781 590.280701 19.920641
v -194.282074 589.570435 38.645012
v -162.389282 -599.896118 32.301159
v -110.511452 -611.934509 21.982038
v -145.913422 -603.361267 40.629639
v -186.749496 -590.280640 55.792034
v -194.282074 -589.570435 38.645012
v -193.884766 -590.280640 19.920639
v -150.354721 -603.361328 18.301609
v -447.559753 -393.844391 135.769348
v -481.396057 -344.896454 146.033752
v -510.622559 -292.645752 154.899765
v -458.700104 -393.844421 91.240913
v -493.378571 -344.896393 98.138885
v -523.332703 -292.645782 104.097107
v -465.447998 -393.844421 45.838783
v -500.636688 -344.896393 49.304276
v -531.031372 -292.645782 52.297649
v -576.199036 60.845684 174.792648
v -567.845337 121.111519 172.258545
v -554.054199 180.217590 168.074951
v -590.541321 60.845695 117.465691
v -581.979797 121.111526 115.762718
v -567.845337 180.217590 112.951210
v -599.228760 60.845695 59.013916
v -590.541260 121.111519 58.158356
v -576.198914 180.217590 56.745888
v -367.456909 479.861633 111.465225
v -322.845032 515.921387 97.900337
v -276.932648 546.659607 83.886658
v -376.619720 479.858124 74.914139
v -331.011688 515.893311 65.842171
v -284.266968 546.565002 56.544071
v -382.141876 479.861633 37.638870
v -335.734772 515.921387 33.098999
v -287.954468 546.659607 28.476099
v -276.932648 -546.659607 83.886665
v -322.845032 -515.921509 97.900352
v -367.456909 -479.861572 111.465240
v -284.266998 -546.565002 56.544071
v -331.011719 -515.893311 65.842171
v -376.619720 -479.858124 74.914139
v -287.954437 -546.659607 28.476099
v -335.734772 -515.921326 33.098999
v -382.141815 -479.861572 37.638870
v -554.054199 -180.217590 168.074951
v -567.845337 -121.111519 172.258545
v -576.198975 -60.845684 174.792648
v -567.845337 -180.217606 112.951210
v -581.979797 -121.111526 115.762718
v -590.541321 -60.845695 117.465675
v -576.198792 -180.217621 56.745876
v -590.541321 -121.111519 58.158356
v -599.228638 -60.845695 59.013924
v -510.622559 292.645782 154.899765
v -481.396057 344.896454 146.033737
v -447.559753 393.844421 135.769348
v -523.332703 292.645782 104.097107
v -493.378571 344.896393 98.138885
v -458.700043 393.844391 91.240913
v -531.031372 292.645782 52.297649
v -500.636688 344.896393 49.304276
v -465.447968 393.844421 45.838776
v -465.447906 -393.844391 -45.839180
v -500.636627 -344.896393 -49.304699
v -531.031250 -292.645782 -52.298088
v -458.699951 -393.844421 -91.241302
v -493.378540 -344.896393 -98.139305
v -523.332581 -292.645813 -104.097549
v -447.559540 -393.844360 -135.769745
v -481.395844 -344.896454 -146.034149
v -510.622375 -292.645752 -154.900162
v -599.228638 60.845695 -59.014458
v -590.541138 121.111519 -58.158882
v -576.198792 180.217606 -56.746372
v -590.541138 60.845695 -117.466240
v -581.979675 121.111526 -115.763222
v -567.845215 180.217621 -112.951698
v -576.198730 60.845684 -174.793167
v -567.845215 121.111519 -172.259079
v -554.053955 180.217590 -168.075409
v -382.141785 479.861664 -37.639217
v -335.734741 515.921387 -33.099312
v -287.954437 546.659607 -28.476364
v -376.619659 479.858154 -74.914474
v -331.011658 515.893311 -65.842468
v -284.266937 546.565002 -56.544346
v -367.456787 479.861664 -111.465546
v -322.844910 515.921387 -97.900635
v -276.932556 546.659607 -83.886925
v -287.954437 -546.659607 -28.476364
v -335.734802 -515.921387 -33.099312
v -382.141785 -479.861633 -37.639217
v -284.266907 -546.565002 -56.544338
v -331.011658 -515.893311 -65.842468
v -376.619659 -479.858124 -74.914482
v -276.932556 -546.659607 -83.886909
v -322.844910 -515.921387 -97.900642
v -367.456787 -479.861633 -111.465561
v -576.198792 -180.217621 -56.746372
v -590.541199 -121.111519 -58.158875
v -599.228699 -60.845695 -59.014458
v -567.845154 -180.217636 -112.951691
v -581.979675 -121.111526 -115.763237
v -590.541199 -60.845695 -117.466240
v -554.053955 -180.217590 -168.075409
v -567.845215 -121.111519 -172.259048
v -576.198669 -60.845684 -174.793167
v -531.031250 292.645752 -52.298088
v -500.636627 344.896393 -49.304695
v -465.447968 393.844391 -45.839180
v -523.332520 292.645782 -104.097534
v -493.378540 344.896454 -98.139297
v -458.699951 393.844452 -91.241310
v -510.622375 292.645782 -154.900177
v -481.395844 344.896454 -146.034134
v -447.559540 393.844421 -135.769730
v -162.389252 599.896118 -32.301308
v -193.884735 590.280701 -19.920822
v -150.354706 603.361328 -18.301752
v -110.511444 611.934570 -21.982143
v -145.913376 603.361267 -40.629768
v -186.749451 590.280640 -55.792206
v -194.282043 589.570435 -38.645195
v -162.389236 -599.896118 -32.301308
v -110.511429 -611.934509 -21.982145
v -150.354706 -603.361267 -18.301752
v -193.884750 -590.280640 -19.920820
v -194.282043 -589.570374 -38.645195
v -186.749451 -590.280640 -55.792206
v -145.913376 -603.361328 -40.629772
v -255.137772 -546.659668 -136.504120
v -297.511871 -515.921509 -159.059906
v -338.649048 -479.861572 -181.013443
v -240.989822 -546.565002 -161.024399
v -280.618073 -515.893311 -187.503189
v -319.282623 -479.858124 -213.338058
v -223.750168 -546.659607 -183.478928
v -260.804840 -515.921448 -213.995804
v -296.829712 -479.861633 -243.600372
v -510.622375 -180.217590 -272.928558
v -523.332458 -121.111519 -279.722137
v -531.031250 -60.845695 -283.837189
v -481.395844 -180.217590 -321.658722
v -493.378387 -121.111519 -329.665283
v -500.636536 -60.845703 -334.514954
v -447.559448 -180.217621 -367.308746
v -458.699890 -121.111519 -376.451569
v -465.447815 -60.845703 -381.989594
v -470.595306 292.645813 -251.534027
v -443.659821 344.896393 -237.136963
v -412.475891 393.844391 -220.469101
v -443.659882 292.645752 -296.444275
v -418.266022 344.896454 -279.476654
v -388.866943 393.844421 -259.832855
v -412.475861 292.645813 -338.515839
v -388.866943 344.896423 -319.140167
v -361.534271 393.844360 -296.708557
v -137.666931 599.895996 -91.986191
v -171.502762 590.280640 -92.600914
v -131.905823 603.361328 -74.446854
v -93.687035 611.934570 -62.599751
v -119.258034 603.361267 -93.375656
v -151.183243 590.280701 -123.011215
v -164.704300 589.570435 -110.052010
v -137.666931 -599.896118 -91.986198
v -93.687035 -611.934509 -62.599751
v -131.905823 -603.361267 -74.446869
v -171.502762 -590.280640 -92.600914
v -164.704300 -589.570435 -110.052025
v -151.183228 -590.280640 -123.011215
v -119.258034 -603.361328 -93.375648
v -412.475891 -393.844391 -220.469116
v -443.659821 -344.896393 -237.136963
v -470.595306 -292.645813 -251.534042
v -388.866943 -393.844421 -259.832855
v -418.265961 -344.896423 -279.476654
v -443.659790 -292.645813 -296.444305
v -361.534271 -393.844360 -296.708527
v -388.866913 -344.896454 -319.140167
v -412.475861 -292.645813 -338.515839
v -531.031250 60.845703 -283.837189
v -523.332520 121.111526 -279.722137
v -510.622314 180.217590 -272.928589
v -500.636536 60.845703 -334.514984
v -493.378387 121.111504 -329.665283
v -481.395905 180.217606 -321.658691
v -465.447754 60.845703 -381.989563
v -458.699890 121.111526 -376.451569
v -447.559540 180.217606 -367.308746
v -338.649048 479.861633 -181.013458
v -297.511871 515.921387 -159.059906
v -255.137772 546.659607 -136.504135
v -319.282654 479.858154 -213.338058
v -280.618042 515.893311 -187.503189
v -240.989822 546.565002 -161.024399
v -296.829742 479.861664 -243.600403
v -260.804840 515.921387 -213.995819
v -223.750198 546.659607 -183.478928
v -367.308319 -180.217590 -447.559814
v -376.451172 -121.111519 -458.700256
v -381.989136 -60.845695 -465.448212
v -321.658325 -180.217590 -481.396149
v -329.664825 -121.111519 -493.378784
v -334.514465 -60.845703 -500.636841
v -272.928101 -180.217621 -510.622681
v -279.721680 -121.111519 -523.332703
v -283.836639 -60.845703 -531.031433
v -338.515472 292.645813 -412.476166
v -319.139801 344.896393 -388.867218
v -296.708191 393.844391 -361.534607
v -296.443878 292.645752 -443.660034
v -279.476288 344.896454 -418.266205
v -259.832458 393.844421 -388.867188
v -251.533600 292.645813 -470.595490
v -237.136551 344.896423 -443.659973
v -220.468674 393.844360 -412.476166
v -91.986061 599.896118 -137.667053
v -123.011047 590.280701 -151.183365
v -93.375511 603.361328 -119.258118
v -62.599651 611.934570 -93.687096
v -74.446732 603.361267 -131.905914
v -92.600739 590.280701 -171.502853
v -110.051834 589.570435 -164.704422
v -91.986061 -599.896057 -137.667053
v -62.599651 -611.934448 -93.687103
v -93.375519 -603.361267 -119.258133
v -123.011032 -590.280640 -151.183365
v -110.051849 -589.570435 -164.704422
v -92.600739 -590.280640 -171.502853
v -74.446732 -603.361328 -131.905914
v -296.708160 -393.844391 -361.534607
v -319.139801 -344.896393 -388.867218
v -338.515472 -292.645813 -412.476166
v -259.832458 -393.844421 -388.867188
v -279.476288 -344.896423 -418.266266
v -296.443878 -292.645813 -443.660095
v -220.468674 -393.844360 -412.476105
v -237.136566 -344.896454 -443.659973
v -251.533569 -292.645813 -470.595490
v -381.989075 60.845703 -465.448212
v -376.451172 121.111526 -458.700256
v -367.308319 180.217590 -447.559814
v -334.514465 60.845703 -500.636780
v -329.664795 121.111504 -493.378754
v -321.658325 180.217606 -481.396149
v -283.836670 60.845703 -531.031433
v -279.721680 121.111526 -523.332703
v -272.928101 180.217606 -510.622620
v -243.600052 479.861633 -296.829987
v -213.995529 515.921387 -260.805054
v -183.478699 546.659607 -223.750397
v -213.337708 479.858154 -319.282867
v -187.502884 515.893311 -280.618256
v -161.024170 546.565002 -240.989975
v -181.013092 479.861664 -338.649231
v -159.059570 515.921387 -297.512024
v -136.503845 546.659607 -255.137894
v -183.478683 -546.659607 -223.750366
v -213.995529 -515.921509 -260.805084
v -243.600082 -479.861572 -296.829987
v -161.024155 -546.565002 -240.989975
v -187.502930 -515.893311 -280.618286
v -213.337738 -479.858124 -319.282867
v -136.503860 -546.659607 -255.137924
v -159.059586 -515.921448 -297.512024
v -181.013092 -479.861633 -338.649261
v -32.301182 -599.896118 -162.389282
v -21.982063 -611.934692 -110.511444
v -40.629646 -603.361267 -145.913406
v -55.792046 -590.280640 -186.749496
v -38.645035 -589.570374 -194.282059
v -19.920681 -590.280701 -193.884750
v -18.301647 -603.361328 -150.354721
v -135.769302 -393.844391 -447.559723
v -146.033707 -344.896393 -481.395996
v -154.899765 -292.645813 -510.622559
v -91.240898 -393.844421 -458.700012
v -98.138893 -344.896423 -493.378601
v -104.097145 -292.645813 -523.332642
v -45.838799 -393.844360 -465.447937
v -49.304317 -344.896454 -500.636627
v -52.297726 -292.645813 -531.031311
v -174.792694 60.845703 -576.198914
v -172.258606 121.111526 -567.845337
v -168.074997 180.217590 -554.054199
v -117.465805 60.845703 -590.541260
v -115.762817 121.111504 -581.979858
v -112.951309 180.217606 -567.845276
v -59.014091 60.845703 -599.228821
v -58.158512 121.111526 -590.541199
v -56.746029 180.217606 -576.198975
v -111.465172 479.861633 -367.456879
v -97.900284 515.921387 -322.845032
v -83.886620 546.659607 -276.932617
v -74.914093 479.858154 -376.619720
v -65.842125 515.893311 -331.011688
v -56.544033 546.565002 -284.266968
v -37.638836 479.861633 -382.141876
v -33.098965 515.921387 -335.734741
v -28.476067 546.659607 -287.954437
v -83.886658 -546.659607 -276.932617
v -97.900322 -515.921509 -322.845001
v -111.465210 -479.861572 -367.456879
v -56.544086 -546.565002 -284.266998
v -65.842163 -515.893372 -331.011719
v -74.914108 -479.858124 -376.619720
v -28.476122 -546.659607 -287.954468
v -33.099007 -515.921448 -335.734741
v -37.638863 -479.861633 -382.141846
v -168.074982 -180.217590 -554.054260
v -172.258621 -121.111519 -567.845337
v -174.792694 -60.845695 -576.198975
v -112.951309 -180.217590 -567.845276
v -115.762817 -121.111519 -581.979797
v -117.465797 -60.845703 -590.541260
v -56.746021 -180.217621 -576.198914
v -58.158512 -121.111519 -590.541260
v -59.014091 -60.845703 -599.228760
v -154.899750 292.645813 -510.622528
v -146.033707 344.896393 -481.395996
v -135.769302 393.844391 -447.559753
v -104.097130 292.645752 -523.332642
v -98.138901 344.896454 -493.378601
v -91.240898 393.844421 -458.700043
v -52.297726 292.645813 -531.031372
v -49.304314 344.896423 -500.636688
v -45.838791 393.844360 -465.447937
v -32.301140 599.896118 -162.389267
v -55.792007 590.280701 -186.749496
v -40.629620 603.361328 -145.913422
v -21.982027 611.934692 -110.511459
v -18.301594 603.361267 -150.354721
v -19.920618 590.280640 -193.884766
v -38.644981 589.570435 -194.282074
vn 0.0872 0.4617 -0.8827
vn 0.0824 0.5451 -0.8343
vn 0.1636 0.5450 -0.8223
vn 0.1731 0.4617 -0.8700
vn 0.0769 0.6237 -0.7779
vn 0.1525 0.6237 -0.7667
vn 0.2431 0.5451 -0.8024
vn 0.2572 0.4617 -0.8489
vn 0.2267 0.6237 -0.7481
vn -0.0000 0.3739 -0.9275
vn -0.0000 0.4617 -0.8870
vn 0.0912 0.3739 -0.9230
vn -0.0000 0.5451 -0.8384
vn -0.0000 0.6237 -0.7817
vn -0.0000 0.6968 -0.7173
vn 0.0705 0.6967 -0.7138
vn 0.1399 0.6967 -0.7036
vn 0.2081 0.6967 -0.6865
vn 0.2745 0.6968 -0.6627
vn 0.2991 0.6237 -0.7222
vn 0.3208 0.5451 -0.7746
vn 0.3394 0.4617 -0.8195
vn 0.2689 0.3739 -0.8876
vn 0.3549 0.3739 -0.8569
vn 0.1809 0.3738 -0.9097
vn 0.0098 0.9430 -0.3327
vn 0.0128 0.9693 -0.2456
vn 0.0542 0.9607 -0.2722
vn 0.0663 0.9404 -0.3335
vn 0.0364 0.9824 -0.1830
vn 0.0822 0.9693 -0.2318
vn 0.1182 0.9430 -0.3111
vn -0.0000 0.9094 -0.4158
vn -0.0000 0.9456 -0.3252
vn 0.0285 0.9080 -0.4181
vn -0.0000 0.9720 -0.2348
vn 0.0823 0.9067 -0.4138
vn -0.0000 1.0000 -0.0000
vn 0.0555 0.9894 -0.1340
vn -0.0000 0.9894 -0.1450
vn 0.0899 0.9720 -0.2169
vn 0.1591 0.9094 -0.3842
vn 0.1337 0.9080 -0.3971
vn 0.1245 0.9456 -0.3004
vn 0.0364 -0.9824 -0.1830
vn 0.0128 -0.9693 -0.2456
vn 0.0541 -0.9607 -0.2722
vn 0.0822 -0.9693 -0.2318
vn 0.0098 -0.9430 -0.3327
vn 0.0663 -0.9404 -0.3335
vn 0.1182 -0.9430 -0.3111
vn -0.0000 -1.0000 -0.0000
vn -0.0000 -0.9894 -0.1450
vn 0.0555 -0.9894 -0.1340
vn -0.0000 -0.9720 -0.2348
vn 0.0899 -0.9720 -0.2169
vn -0.0000 -0.9094 -0.4158
vn 0.0285 -0.9080 -0.4181
vn -0.0000 -0.9456 -0.3252
vn 0.0823 -0.9067 -0.4138
vn 0.1591 -0.9094 -0.3842
vn 0.1244 -0.9456 -0.3004
vn 0.1337 -0.9080 -0.3971
vn 0.0769 -0.6237 -0.7779
vn 0.0824 -0.5451 -0.8343
vn 0.1636 -0.5450 -0.8223
vn 0.1525 -0.6237 -0.7667
vn 0.0872 -0.4617 -0.8827
vn 0.1731 -0.4617 -0.8700
vn 0.2431 -0.5451 -0.8024
vn 0.2267 -0.6237 -0.7481
vn 0.2572 -0.4617 -0.8489
vn -0.0000 -0.6968 -0.7173
vn -0.0000 -0.6237 -0.7817
vn 0.0705 -0.6967 -0.7138
vn -0.0000 -0.5451 -0.8384
vn -0.0000 -0.4617 -0.8870
vn -0.0000 -0.3739 -0.9275
vn 0.0912 -0.3739 -0.9230
vn 0.1809 -0.3738 -0.9097
vn 0.2689 -0.3739 -0.8876
vn 0.3549 -0.3739 -0.8569
vn 0.3395 -0.4617 -0.8195
vn 0.3208 -0.5451 -0.7746
vn 0.2991 -0.6237 -0.7222
vn 0.2081 -0.6967 -0.6865
vn 0.2745 -0.6968 -0.6627
vn 0.1399 -0.6967 -0.7036
vn 0.0979 0.0957 -0.9906
vn 0.0965 0.1901 -0.9770
vn 0.1915 0.1901 -0.9629
vn 0.1942 0.0957 -0.9763
vn 0.0943 0.2828 -0.9545
vn 0.1871 0.2828 -0.9407
vn 0.2847 0.1901 -0.9396
vn 0.2886 0.0957 -0.9526
vn 0.2781 0.2828 -0.9180
vn -0.0000 -0.0000 -1.0000
vn -0.0000 0.0957 -0.9954
vn 0.0983 -0.0000 -0.9952
vn -0.0000 0.1901 -0.9818
vn -0.0000 0.2828 -0.9592
vn 0.3671 0.2828 -0.8862
vn 0.3757 0.1901 -0.9070
vn 0.3809 0.0957 -0.9196
vn 0.2900 -0.0000 -0.9570
vn 0.3827 -0.0000 -0.9239
vn 0.1951 -0.0000 -0.9808
vn 0.0632 0.7614 -0.6452
vn 0.0544 0.8167 -0.5744
vn 0.1127 0.8163 -0.5666
vn 0.1265 0.7612 -0.6360
vn 0.0431 0.8651 -0.4997
vn 0.0981 0.8643 -0.4933
vn 0.1696 0.8167 -0.5515
vn 0.1885 0.7614 -0.6202
vn 0.1514 0.8651 -0.4782
vn -0.0000 0.7616 -0.6480
vn -0.0000 0.8172 -0.5763
vn -0.0000 0.8660 -0.5001
vn 0.1914 0.8660 -0.4620
vn 0.2205 0.8172 -0.5324
vn 0.2480 0.7616 -0.5987
vn 0.0431 -0.8651 -0.4997
vn 0.0544 -0.8167 -0.5744
vn 0.1127 -0.8163 -0.5666
vn 0.0981 -0.8643 -0.4933
vn 0.0632 -0.7614 -0.6452
vn 0.1265 -0.7612 -0.6360
vn 0.1696 -0.8167 -0.5515
vn 0.1514 -0.8651 -0.4782
vn 0.1885 -0.7614 -0.6202
vn -0.0000 -0.8660 -0.5001
vn -0.0000 -0.8172 -0.5763
vn -0.0000 -0.7616 -0.6480
vn 0.2480 -0.7616 -0.5987
vn 0.2205 -0.8172 -0.5324
vn 0.1914 -0.8660 -0.4620
vn 0.0943 -0.2828 -0.9545
vn 0.0965 -0.1901 -0.9770
vn 0.1915 -0.1901 -0.9629
vn 0.1871 -0.2828 -0.9407
vn 0.0979 -0.0957 -0.9906
vn 0.1942 -0.0957 -0.9763
vn 0.2847 -0.1901 -0.9396
vn 0.2781 -0.2828 -0.9180
vn 0.2886 -0.0957 -0.9526
vn -0.0000 -0.2828 -0.9592
vn -0.0000 -0.1901 -0.9818
vn -0.0000 -0.0957 -0.9954
vn 0.3809 -0.0957 -0.9196
vn 0.3757 -0.1901 -0.9070
vn 0.3671 -0.2828 -0.8862
vn 0.3687 -0.6237 -0.6893
vn 0.3955 -0.5451 -0.7393
vn 0.4658 -0.5450 -0.6971
vn 0.4343 -0.6237 -0.6500
vn 0.4184 -0.4617 -0.7822
vn 0.4928 -0.4617 -0.7375
vn 0.5317 -0.5451 -0.6483
vn 0.4957 -0.6237 -0.6044
vn 0.5625 -0.4617 -0.6859
vn 0.3383 -0.6967 -0.6325
vn 0.4375 -0.3739 -0.8178
vn 0.5153 -0.3738 -0.7712
vn 0.5882 -0.3739 -0.7171
vn 0.6558 -0.3739 -0.6558
vn 0.6272 -0.4617 -0.6272
vn 0.5928 -0.5451 -0.5928
vn 0.5527 -0.6237 -0.5527
vn 0.4549 -0.6967 -0.5546
vn 0.5072 -0.6968 -0.5072
vn 0.3985 -0.6967 -0.5965
vn 0.4695 0.0957 -0.8777
vn 0.4631 0.1901 -0.8657
vn 0.5454 0.1901 -0.8163
vn 0.5530 0.0957 -0.8277
vn 0.4524 0.2828 -0.8458
vn 0.5329 0.2828 -0.7975
vn 0.6226 0.1901 -0.7591
vn 0.6312 0.0957 -0.7697
vn 0.6083 0.2828 -0.7416
vn 0.4717 -0.0000 -0.8818
vn 0.4375 0.3739 -0.8178
vn 0.5153 0.3738 -0.7712
vn 0.5882 0.3739 -0.7171
vn 0.6558 0.3739 -0.6558
vn 0.6782 0.2828 -0.6782
vn 0.6942 0.1901 -0.6942
vn 0.7039 0.0957 -0.7039
vn 0.6341 -0.0000 -0.7732
vn 0.7071 -0.0000 -0.7071
vn 0.5556 -0.0000 -0.8315
vn 0.3053 0.7614 -0.5719
vn 0.2701 0.8167 -0.5099
vn 0.3209 0.8163 -0.4803
vn 0.3603 0.7612 -0.5392
vn 0.2311 0.8651 -0.4451
vn 0.2794 0.8643 -0.4182
vn 0.3677 0.8167 -0.4447
vn 0.4115 0.7614 -0.5009
vn 0.3228 0.8651 -0.3838
vn 0.3383 0.6967 -0.6325
vn 0.1863 0.9080 -0.3754
vn 0.2344 0.9067 -0.3508
vn 0.2755 0.9080 -0.3157
vn 0.2940 0.9094 -0.2940
vn 0.3536 0.8660 -0.3536
vn 0.4075 0.8172 -0.4075
vn 0.4582 0.7616 -0.4582
vn 0.4549 0.6967 -0.5546
vn 0.5072 0.6968 -0.5072
vn 0.3985 0.6967 -0.5965
vn 0.2311 -0.8651 -0.4451
vn 0.2701 -0.8167 -0.5099
vn 0.3209 -0.8163 -0.4803
vn 0.2794 -0.8643 -0.4182
vn 0.3053 -0.7614 -0.5719
vn 0.3603 -0.7612 -0.5392
vn 0.3677 -0.8167 -0.4447
vn 0.3228 -0.8651 -0.3838
vn 0.4115 -0.7614 -0.5009
vn 0.1863 -0.9080 -0.3754
vn 0.4582 -0.7616 -0.4582
vn 0.4075 -0.8172 -0.4075
vn 0.3536 -0.8660 -0.3536
vn 0.2755 -0.9080 -0.3157
vn 0.2940 -0.9094 -0.2940
vn 0.2344 -0.9067 -0.3508
vn 0.4524 -0.2828 -0.8458
vn 0.4631 -0.1901 -0.8657
vn 0.5454 -0.1901 -0.8163
vn 0.5329 -0.2828 -0.7975
vn 0.4695 -0.0957 -0.8777
vn 0.5530 -0.0957 -0.8277
vn 0.6226 -0.1901 -0.7591
vn 0.6083 -0.2828 -0.7416
vn 0.6312 -0.0957 -0.7697
vn 0.7039 -0.0957 -0.7039
vn 0.6942 -0.1901 -0.6942
vn 0.6782 -0.2828 -0.6782
vn 0.4184 0.4617 -0.7822
vn 0.3955 0.5451 -0.7393
vn 0.4658 0.5450 -0.6971
vn 0.4928 0.4617 -0.7375
vn 0.3687 0.6237 -0.6893
vn 0.4343 0.6237 -0.6500
vn 0.5317 0.5451 -0.6483
vn 0.5625 0.4617 -0.6859
vn 0.4957 0.6237 -0.6044
vn 0.5527 0.6237 -0.5527
vn 0.5928 0.5451 -0.5928
vn 0.6272 0.4617 -0.6272
vn 0.1364 0.9430 -0.3036
vn 0.1058 0.9693 -0.2220
vn 0.1542 0.9607 -0.2308
vn 0.1889 0.9404 -0.2827
vn 0.1036 0.9824 -0.1551
vn 0.1646 0.9693 -0.1828
vn 0.2283 0.9430 -0.2422
vn 0.1026 0.9894 -0.1026
vn 0.1660 0.9720 -0.1660
vn 0.2300 0.9456 -0.2300
vn 0.1036 -0.9824 -0.1551
vn 0.1058 -0.9693 -0.2220
vn 0.1542 -0.9607 -0.2308
vn 0.1646 -0.9693 -0.1828
vn 0.1364 -0.9430 -0.3036
vn 0.1889 -0.9404 -0.2827
vn 0.2283 -0.9430 -0.2422
vn 0.1026 -0.9894 -0.1026
vn 0.1660 -0.9720 -0.1660
vn 0.2300 -0.9456 -0.2300
vn 0.3838 -0.8651 -0.3228
vn 0.4447 -0.8167 -0.3677
vn 0.4803 -0.8163 -0.3209
vn 0.4182 -0.8643 -0.2794
vn 0.5009 -0.7614 -0.4115
vn 0.5392 -0.7612 -0.3603
vn 0.5099 -0.8167 -0.2701
vn 0.4451 -0.8651 -0.2311
vn 0.5719 -0.7614 -0.3053
vn 0.3157 -0.9080 -0.2755
vn 0.5546 -0.6967 -0.4549
vn 0.5965 -0.6967 -0.3985
vn 0.6325 -0.6967 -0.3383
vn 0.6627 -0.6968 -0.2745
vn 0.5987 -0.7616 -0.2480
vn 0.5324 -0.8172 -0.2205
vn 0.4620 -0.8660 -0.1914
vn 0.3754 -0.9080 -0.1863
vn 0.3842 -0.9094 -0.1591
vn 0.3508 -0.9067 -0.2344
vn 0.7416 -0.2828 -0.6083
vn 0.7591 -0.1901 -0.6226
vn 0.8163 -0.1901 -0.5454
vn 0.7975 -0.2828 -0.5329
vn 0.7697 -0.0957 -0.6312
vn 0.8277 -0.0957 -0.5530
vn 0.8657 -0.1901 -0.4631
vn 0.8458 -0.2828 -0.4524
vn 0.8777 -0.0957 -0.4695
vn 0.7171 -0.3739 -0.5882
vn 0.7732 -0.0000 -0.6341
vn 0.8315 -0.0000 -0.5556
vn 0.8818 -0.0000 -0.4717
vn 0.9239 -0.0000 -0.3827
vn 0.9196 -0.0957 -0.3809
vn 0.9070 -0.1901 -0.3757
vn 0.8862 -0.2828 -0.3671
vn 0.8178 -0.3739 -0.4375
vn 0.8569 -0.3739 -0.3549
vn 0.7712 -0.3738 -0.5153
vn 0.6859 0.4617 -0.5625
vn 0.6483 0.5451 -0.5317
vn 0.6971 0.5450 -0.4658
vn 0.7375 0.4617 -0.4928
vn 0.6044 0.6237 -0.4957
vn 0.6500 0.6237 -0.4343
vn 0.7393 0.5451 -0.3955
vn 0.7822 0.4617 -0.4184
vn 0.6893 0.6237 -0.3687
vn 0.7171 0.3739 -0.5882
vn 0.5546 0.6967 -0.4549
vn 0.5965 0.6967 -0.3985
vn 0.6325 0.6967 -0.3383
vn 0.6627 0.6968 -0.2745
vn 0.7222 0.6237 -0.2991
vn 0.7746 0.5451 -0.3208
vn 0.8195 0.4617 -0.3395
vn 0.8178 0.3739 -0.4375
vn 0.8569 0.3739 -0.3549
vn 0.7712 0.3738 -0.5153
vn 0.2422 0.9430 -0.2283
vn 0.1828 0.9693 -0.1646
vn 0.2308 0.9607 -0.1542
vn 0.2827 0.9404 -0.1889
vn 0.1551 0.9824 -0.1036
vn 0.2220 0.9693 -0.1058
vn 0.3036 0.9430 -0.1364
vn 0.3157 0.9080 -0.2755
vn 0.3508 0.9067 -0.2344
vn 0.1340 0.9894 -0.0555
vn 0.2169 0.9720 -0.0899
vn 0.3842 0.9094 -0.1591
vn 0.3754 0.9080 -0.1863
vn 0.3004 0.9456 -0.1245
vn 0.1551 -0.9824 -0.1036
vn 0.1828 -0.9693 -0.1646
vn 0.2308 -0.9607 -0.1542
vn 0.2220 -0.9693 -0.1058
vn 0.2422 -0.9430 -0.2283
vn 0.2827 -0.9404 -0.1889
vn 0.3036 -0.9430 -0.1364
vn 0.1340 -0.9894 -0.0555
vn 0.2169 -0.9720 -0.0899
vn 0.3004 -0.9456 -0.1244
vn 0.6044 -0.6237 -0.4957
vn 0.6483 -0.5451 -0.5317
vn 0.6971 -0.5450 -0.4658
vn 0.6500 -0.6237 -0.4343
vn 0.6859 -0.4617 -0.5625
vn 0.7375 -0.4617 -0.4928
vn 0.7393 -0.5451 -0.3955
vn 0.6893 -0.6237 -0.3687
vn 0.7822 -0.4617 -0.4184
vn 0.8195 -0.4617 -0.3395
vn 0.7746 -0.5451 -0.3208
vn 0.7222 -0.6237 -0.2991
vn 0.7697 0.0957 -0.6312
vn 0.7591 0.1901 -0.6226
vn 0.8163 0.1901 -0.5454
vn 0.8277 0.0957 -0.5530
vn 0.7416 0.2828 -0.6083
vn 0.7975 0.2828 -0.5329
vn 0.8657 0.1901 -0.4631
vn 0.8777 0.0957 -0.4695
vn 0.8458 0.2828 -0.4524
vn 0.8862 0.2828 -0.3671
vn 0.9070 0.1901 -0.3757
vn 0.9196 0.0957 -0.3809
vn 0.5009 0.7614 -0.4115
vn 0.4447 0.8167 -0.3677
vn 0.4803 0.8163 -0.3209
vn 0.5392 0.7612 -0.3603
vn 0.3838 0.8651 -0.3228
vn 0.4182 0.8643 -0.2794
vn 0.5099 0.8167 -0.2701
vn 0.5719 0.7614 -0.3053
vn 0.4451 0.8651 -0.2311
vn 0.4620 0.8660 -0.1914
vn 0.5324 0.8172 -0.2205
vn 0.5987 0.7616 -0.2480
vn 0.9180 -0.2828 -0.2781
vn 0.9396 -0.1901 -0.2847
vn 0.9629 -0.1901 -0.1915
vn 0.9407 -0.2828 -0.1871
vn 0.9526 -0.0957 -0.2886
vn 0.9763 -0.0957 -0.1942
vn 0.9770 -0.1901 -0.0965
vn 0.9545 -0.2828 -0.0943
vn 0.9906 -0.0957 -0.0979
vn 0.8876 -0.3739 -0.2689
vn 0.9570 -0.0000 -0.2900
vn 0.9808 -0.0000 -0.1951
vn 0.9952 -0.0000 -0.0983
vn 1.0000 -0.0000 -0.0000
vn 0.9954 -0.0957 -0.0000
vn 0.9818 -0.1901 -0.0000
vn 0.9592 -0.2828 -0.0000
vn 0.9230 -0.3739 -0.0912
vn 0.9275 -0.3739 -0.0000
vn 0.9097 -0.3738 -0.1809
vn 0.8489 0.4617 -0.2572
vn 0.8024 0.5451 -0.2431
vn 0.8223 0.5450 -0.1636
vn 0.8700 0.4617 -0.1731
vn 0.7481 0.6237 -0.2267
vn 0.7667 0.6237 -0.1525
vn 0.8343 0.5451 -0.0824
vn 0.8827 0.4617 -0.0872
vn 0.7779 0.6237 -0.0769
vn 0.8876 0.3739 -0.2689
vn 0.6865 0.6967 -0.2081
vn 0.7036 0.6967 -0.1399
vn 0.7138 0.6967 -0.0705
vn 0.7173 0.6968 -0.0000
vn 0.7817 0.6237 -0.0000
vn 0.8384 0.5451 -0.0000
vn 0.8870 0.4617 -0.0000
vn 0.9230 0.3739 -0.0912
vn 0.9275 0.3739 -0.0000
vn 0.9097 0.3738 -0.1809
vn 0.3111 0.9430 -0.1182
vn 0.2318 0.9693 -0.0822
vn 0.2722 0.9607 -0.0541
vn 0.3335 0.9404 -0.0663
vn 0.1830 0.9824 -0.0364
vn 0.2456 0.9693 -0.0128
vn 0.3327 0.9430 -0.0098
vn 0.3971 0.9080 -0.1337
vn 0.4138 0.9067 -0.0823
vn 0.1451 0.9894 -0.0000
vn 0.2348 0.9720 -0.0000
vn 0.4158 0.9094 -0.0000
vn 0.4181 0.9080 -0.0285
vn 0.3252 0.9456 -0.0000
vn 0.1830 -0.9824 -0.0364
vn 0.2318 -0.9693 -0.0822
vn 0.2722 -0.9607 -0.0542
vn 0.2456 -0.9693 -0.0128
vn 0.3111 -0.9430 -0.1182
vn 0.3335 -0.9404 -0.0663
vn 0.3327 -0.9430 -0.0098
vn 0.1450 -0.9894 -0.0000
vn 0.2348 -0.9720 -0.0000
vn 0.3971 -0.9080 -0.1337
vn 0.4138 -0.9067 -0.0823
vn 0.4158 -0.9094 -0.0000
vn 0.3252 -0.9456 -0.0000
vn 0.4181 -0.9080 -0.0285
vn 0.7481 -0.6237 -0.2267
vn 0.8024 -0.5451 -0.2431
vn 0.8223 -0.5450 -0.1636
vn 0.7667 -0.6237 -0.1525
vn 0.8489 -0.4617 -0.2572
vn 0.8700 -0.4617 -0.1731
vn 0.8343 -0.5451 -0.0824
vn 0.7779 -0.6237 -0.0769
vn 0.8827 -0.4617 -0.0872
vn 0.6865 -0.6967 -0.2081
vn 0.8870 -0.4617 -0.0000
vn 0.8384 -0.5451 -0.0000
vn 0.7817 -0.6237 -0.0000
vn 0.7138 -0.6967 -0.0705
vn 0.7173 -0.6968 -0.0000
vn 0.7036 -0.6967 -0.1399
vn 0.9526 0.0957 -0.2886
vn 0.9396 0.1901 -0.2847
vn 0.9629 0.1901 -0.1915
vn 0.9763 0.0957 -0.1942
vn 0.9180 0.2828 -0.2781
vn 0.9407 0.2828 -0.1871
vn 0.9770 0.1901 -0.0965
vn 0.9906 0.0957 -0.0979
vn 0.9545 0.2828 -0.0943
vn 0.9592 0.2828 -0.0000
vn 0.9818 0.1901 -0.0000
vn 0.9954 0.0957 -0.0000
vn 0.6202 0.7614 -0.1885
vn 0.5515 0.8167 -0.1696
vn 0.5666 0.8163 -0.1127
vn 0.6360 0.7612 -0.1265
vn 0.4782 0.8651 -0.1514
vn 0.4933 0.8643 -0.0981
vn 0.5744 0.8167 -0.0544
vn 0.6452 0.7614 -0.0632
vn 0.4997 0.8651 -0.0431
vn 0.5001 0.8660 -0.0000
vn 0.5763 0.8172 -0.0000
vn 0.6480 0.7616 -0.0000
vn 0.4782 -0.8651 -0.1514
vn 0.5515 -0.8167 -0.1696
vn 0.5666 -0.8163 -0.1127
vn 0.4933 -0.8643 -0.0981
vn 0.6202 -0.7614 -0.1885
vn 0.6360 -0.7612 -0.1265
vn 0.5744 -0.8167 -0.0544
vn 0.4997 -0.8651 -0.0431
vn 0.6452 -0.7614 -0.0632
vn 0.6480 -0.7616 -0.0000
vn 0.5763 -0.8172 -0.0000
vn 0.5001 -0.8660 -0.0000
vn 0.1830 -0.9824 0.0364
vn 0.2456 -0.9693 0.0128
vn 0.2722 -0.9607 0.0541
vn 0.2318 -0.9693 0.0822
vn 0.3327 -0.9430 0.0098
vn 0.3335 -0.9404 0.0663
vn 0.3111 -0.9430 0.1182
vn 0.1340 -0.9894 0.0555
vn 0.2169 -0.9720 0.0899
vn 0.4181 -0.9080 0.0285
vn 0.4138 -0.9067 0.0823
vn 0.3842 -0.9094 0.1591
vn 0.3004 -0.9456 0.1245
vn 0.3971 -0.9080 0.1337
vn 0.7779 -0.6237 0.0769
vn 0.8343 -0.5451 0.0824
vn 0.8223 -0.5450 0.1636
vn 0.7667 -0.6237 0.1525
vn 0.8827 -0.4617 0.0872
vn 0.8700 -0.4617 0.1731
vn 0.8024 -0.5451 0.2431
vn 0.7481 -0.6237 0.2267
vn 0.8489 -0.4617 0.2572
vn 0.7138 -0.6967 0.0705
vn 0.9230 -0.3739 0.0912
vn 0.9097 -0.3738 0.1809
vn 0.8876 -0.3739 0.2689
vn 0.8569 -0.3739 0.3549
vn 0.8195 -0.4617 0.3395
vn 0.7746 -0.5451 0.3208
vn 0.7222 -0.6237 0.2991
vn 0.6865 -0.6967 0.2081
vn 0.6627 -0.6968 0.2745
vn 0.7036 -0.6967 0.1399
vn 0.9906 0.0957 0.0979
vn 0.9770 0.1901 0.0965
vn 0.9629 0.1901 0.1915
vn 0.9763 0.0957 0.1942
vn 0.9545 0.2828 0.0943
vn 0.9407 0.2828 0.1871
vn 0.9396 0.1901 0.2847
vn 0.9526 0.0957 0.2886
vn 0.9180 0.2828 0.2781
vn 0.9952 -0.0000 0.0983
vn 0.9230 0.3739 0.0912
vn 0.9097 0.3738 0.1809
vn 0.8876 0.3739 0.2689
vn 0.8569 0.3739 0.3549
vn 0.8862 0.2828 0.3671
vn 0.9070 0.1901 0.3757
vn 0.9196 0.0957 0.3809
vn 0.9570 -0.0000 0.2900
vn 0.9239 -0.0000 0.3827
vn 0.9808 -0.0000 0.1951
vn 0.6452 0.7614 0.0632
vn 0.5744 0.8167 0.0544
vn 0.5666 0.8163 0.1127
vn 0.6360 0.7612 0.1265
vn 0.4997 0.8651 0.0431
vn 0.4933 0.8643 0.0981
vn 0.5515 0.8167 0.1696
vn 0.6202 0.7614 0.1885
vn 0.4782 0.8651 0.1514
vn 0.7138 0.6967 0.0705
vn 0.4181 0.9080 0.0285
vn 0.4138 0.9067 0.0823
vn 0.3971 0.9080 0.1337
vn 0.3842 0.9094 0.1591
vn 0.4620 0.8660 0.1914
vn 0.5324 0.8172 0.2205
vn 0.5987 0.7616 0.2480
vn 0.6865 0.6967 0.2081
vn 0.6627 0.6968 0.2745
vn 0.7036 0.6967 0.1399
vn 0.4997 -0.8651 0.0431
vn 0.5744 -0.8167 0.0544
vn 0.5666 -0.8163 0.1127
vn 0.4933 -0.8643 0.0981
vn 0.6452 -0.7614 0.0632
vn 0.6360 -0.7612 0.1265
vn 0.5515 -0.8167 0.1696
vn 0.4782 -0.8651 0.1514
vn 0.6202 -0.7614 0.1885
vn 0.5987 -0.7616 0.2480
vn 0.5324 -0.8172 0.2205
vn 0.4620 -0.8660 0.1914
vn 0.9545 -0.2828 0.0943
vn 0.9770 -0.1901 0.0965
vn 0.9629 -0.1901 0.1915
vn 0.9407 -0.2828 0.1871
vn 0.9906 -0.0957 0.0979
vn 0.9763 -0.0957 0.1942
vn 0.9396 -0.1901 0.2847
vn 0.9180 -0.2828 0.2781
vn 0.9526 -0.0957 0.2886
vn 0.9196 -0.0957 0.3809
vn 0.9070 -0.1901 0.3757
vn 0.8862 -0.2828 0.3671
vn 0.8827 0.4617 0.0872
vn 0.8343 0.5451 0.0824
vn 0.8223 0.5450 0.1636
vn 0.8700 0.4617 0.1731
vn 0.7779 0.6237 0.0769
vn 0.7667 0.6237 0.1525
vn 0.8024 0.5451 0.2431
vn 0.8489 0.4617 0.2572
vn 0.7481 0.6237 0.2267
vn 0.7222 0.6237 0.2991
vn 0.7746 0.5451 0.3208
vn 0.8195 0.4617 0.3395
vn 0.3327 0.9430 0.0098
vn 0.2456 0.9693 0.0128
vn 0.2722 0.9607 0.0542
vn 0.3335 0.9404 0.0663
vn 0.1830 0.9824 0.0364
vn 0.2318 0.9693 0.0822
vn 0.3111 0.9430 0.1182
vn 0.1340 0.9894 0.0555
vn 0.2169 0.9720 0.0899
vn 0.3004 0.9456 0.1244
vn 0.8777 0.0957 0.4695
vn 0.8657 0.1901 0.4631
vn 0.8163 0.1901 0.5454
vn 0.8277 0.0957 0.5530
vn 0.8458 0.2828 0.4524
vn 0.7975 0.2828 0.5329
vn 0.7591 0.1901 0.6226
vn 0.7697 0.0957 0.6312
vn 0.7416 0.2828 0.6083
vn 0.8818 -0.0000 0.4717
vn 0.8178 0.3739 0.4375
vn 0.7712 0.3738 0.5153
vn 0.7171 0.3739 0.5882
vn 0.6558 0.3739 0.6558
vn 0.6782 0.2828 0.6782
vn 0.6942 0.1901 0.6942
vn 0.7039 0.0957 0.7039
vn 0.7732 -0.0000 0.6341
vn 0.7071 -0.0000 0.7071
vn 0.8315 -0.0000 0.5556
vn 0.5719 0.7614 0.3053
vn 0.5099 0.8167 0.2701
vn 0.4803 0.8163 0.3209
vn 0.5392 0.7612 0.3603
vn 0.4451 0.8651 0.2311
vn 0.4182 0.8643 0.2794
vn 0.4447 0.8167 0.3677
vn 0.5009 0.7614 0.4115
vn 0.3838 0.8651 0.3228
vn 0.6325 0.6967 0.3383
vn 0.3754 0.9080 0.1863
vn 0.3508 0.9067 0.2344
vn 0.3157 0.9080 0.2755
vn 0.2940 0.9094 0.2940
vn 0.3536 0.8660 0.3536
vn 0.4075 0.8172 0.4075
vn 0.4582 0.7616 0.4582
vn 0.5546 0.6967 0.4549
vn 0.5072 0.6968 0.5072
vn 0.5965 0.6967 0.3985
vn 0.4451 -0.8651 0.2311
vn 0.5099 -0.8167 0.2701
vn 0.4803 -0.8163 0.3209
vn 0.4182 -0.8643 0.2794
vn 0.5719 -0.7614 0.3053
vn 0.5392 -0.7612 0.3603
vn 0.4447 -0.8167 0.3677
vn 0.3838 -0.8651 0.3228
vn 0.5009 -0.7614 0.4115
vn 0.3754 -0.9080 0.1863
vn 0.6325 -0.6967 0.3383
vn 0.5965 -0.6967 0.3985
vn 0.5546 -0.6967 0.4549
vn 0.5072 -0.6968 0.5072
vn 0.4582 -0.7616 0.4582
vn 0.4075 -0.8172 0.4075
vn 0.3536 -0.8660 0.3536
vn 0.3157 -0.9080 0.2755
vn 0.2940 -0.9094 0.2940
vn 0.3508 -0.9067 0.2344
vn 0.8458 -0.2828 0.4524
vn 0.8657 -0.1901 0.4631
vn 0.8163 -0.1901 0.5454
vn 0.7975 -0.2828 0.5329
vn 0.8777 -0.0957 0.4695
vn 0.8277 -0.0957 0.5530
vn 0.7591 -0.1901 0.6226
vn 0.7416 -0.2828 0.6083
vn 0.7697 -0.0957 0.6312
vn 0.8178 -0.3739 0.4375
vn 0.7039 -0.0957 0.7039
vn 0.6942 -0.1901 0.6942
vn 0.6782 -0.2828 0.6782
vn 0.7171 -0.3739 0.5882
vn 0.6558 -0.3739 0.6558
vn 0.7712 -0.3738 0.5153
vn 0.7822 0.4617 0.4184
vn 0.7393 0.5451 0.3955
vn 0.6971 0.5450 0.4658
vn 0.7375 0.4617 0.4928
vn 0.6893 0.6237 0.3687
vn 0.6500 0.6237 0.4343
vn 0.6483 0.5451 0.5317
vn 0.6859 0.4617 0.5625
vn 0.6044 0.6237 0.4957
vn 0.5527 0.6237 0.5527
vn 0.5928 0.5451 0.5928
vn 0.6272 0.4617 0.6272
vn 0.3036 0.9430 0.1364
vn 0.2220 0.9693 0.1058
vn 0.2308 0.9607 0.1542
vn 0.2827 0.9404 0.1889
vn 0.1551 0.9824 0.1036
vn 0.1828 0.9693 0.1646
vn 0.2422 0.9430 0.2283
vn 0.1026 0.9894 0.1026
vn 0.1660 0.9720 0.1660
vn 0.2300 0.9456 0.2300
vn 0.1551 -0.9824 0.1036
vn 0.2220 -0.9693 0.1058
vn 0.2308 -0.9607 0.1542
vn 0.1828 -0.9693 0.1646
vn 0.3036 -0.9430 0.1364
vn 0.2827 -0.9404 0.1889
vn 0.2422 -0.9430 0.2283
vn 0.1026 -0.9894 0.1026
vn 0.1660 -0.9720 0.1660
vn 0.2300 -0.9456 0.2300
vn 0.6893 -0.6237 0.3687
vn 0.7393 -0.5451 0.3955
vn 0.6971 -0.5450 0.4658
vn 0.6500 -0.6237 0.4343
vn 0.7822 -0.4617 0.4184
vn 0.7375 -0.4617 0.4928
vn 0.6483 -0.5451 0.5317
vn 0.6044 -0.6237 0.4957
vn 0.6859 -0.4617 0.5625
vn 0.6272 -0.4617 0.6272
vn 0.5928 -0.5451 0.5928
vn 0.5527 -0.6237 0.5527
vn 0.3228 -0.8651 0.3838
vn 0.3677 -0.8167 0.4447
vn 0.3209 -0.8163 0.4803
vn 0.2794 -0.8643 0.4182
vn 0.4115 -0.7614 0.5009
vn 0.3603 -0.7612 0.5392
vn 0.2701 -0.8167 0.5099
vn 0.2311 -0.8651 0.4451
vn 0.3053 -0.7614 0.5719
vn 0.2755 -0.9080 0.3157
vn 0.4549 -0.6967 0.5546
vn 0.3985 -0.6967 0.5965
vn 0.3383 -0.6967 0.6325
vn 0.2745 -0.6968 0.6627
vn 0.2480 -0.7616 0.5987
vn 0.2205 -0.8172 0.5324
vn 0.1914 -0.8660 0.4620
vn 0.1863 -0.9080 0.3754
vn 0.1591 -0.9094 0.3842
vn 0.2344 -0.9067 0.3508
vn 0.6083 -0.2828 0.7416
vn 0.6226 -0.1901 0.7591
vn 0.5454 -0.1901 0.8163
vn 0.5329 -0.2828 0.7975
vn 0.6312 -0.0957 0.7697
vn 0.5530 -0.0957 0.8277
vn 0.4631 -0.1901 0.8657
vn 0.4524 -0.2828 0.8458
vn 0.4695 -0.0957 0.8777
vn 0.5882 -0.3739 0.7171
vn 0.6341 -0.0000 0.7732
vn 0.5556 -0.0000 0.8315
vn 0.4717 -0.0000 0.8818
vn 0.3827 -0.0000 0.9239
vn 0.3809 -0.0957 0.9196
vn 0.3757 -0.1901 0.9070
vn 0.3671 -0.2828 0.8862
vn 0.4375 -0.3739 0.8178
vn 0.3549 -0.3739 0.8569
vn 0.5153 -0.3738 0.7712
vn 0.5625 0.4617 0.6859
vn 0.5317 0.5451 0.6483
vn 0.4658 0.5450 0.6971
vn 0.4928 0.4617 0.7375
vn 0.4957 0.6237 0.6044
vn 0.4343 0.6237 0.6500
vn 0.3955 0.5451 0.7393
vn 0.4184 0.4617 0.7822
vn 0.3687 0.6237 0.6893
vn 0.5882 0.3739 0.7171
vn 0.4549 0.6967 0.5546
vn 0.3985 0.6967 0.5965
vn 0.3383 0.6967 0.6325
vn 0.2745 0.6968 0.6627
vn 0.2991 0.6237 0.7222
vn 0.3208 0.5451 0.7746
vn 0.3395 0.4617 0.8195
vn 0.4375 0.3739 0.8178
vn 0.3549 0.3739 0.8569
vn 0.5153 0.3738 0.7712
vn 0.2283 0.9430 0.2422
vn 0.1646 0.9693 0.1828
vn 0.1542 0.9607 0.2308
vn 0.1889 0.9404 0.2827
vn 0.1036 0.9824 0.1551
vn 0.1058 0.9693 0.2220
vn 0.1364 0.9430 0.3036
vn 0.2755 0.9080 0.3157
vn 0.2344 0.9067 0.3508
vn 0.0555 0.9894 0.1340
vn 0.0899 0.9720 0.2169
vn 0.1591 0.9094 0.3842
vn 0.1863 0.9080 0.3754
vn 0.1245 0.9456 0.3004
vn 0.1036 -0.9824 0.1551
vn 0.1646 -0.9693 0.1828
vn 0.1542 -0.9607 0.2308
vn 0.1058 -0.9693 0.2220
vn 0.2283 -0.9430 0.2422
vn 0.1889 -0.9404 0.2827
vn 0.1364 -0.9430 0.3036
vn 0.0555 -0.9894 0.1340
vn 0.0899 -0.9720 0.2169
vn 0.1244 -0.9456 0.3004
vn 0.4957 -0.6237 0.6044
vn 0.5317 -0.5451 0.6483
vn 0.4658 -0.5450 0.6971
vn 0.4343 -0.6237 0.6500
vn 0.5625 -0.4617 0.6859
vn 0.4928 -0.4617 0.7375
vn 0.3955 -0.5451 0.7393
vn 0.3687 -0.6237 0.6893
vn 0.4184 -0.4617 0.7822
vn 0.3394 -0.4617 0.8195
vn 0.3208 -0.5451 0.7746
vn 0.2991 -0.6237 0.7222
vn 0.6312 0.0957 0.7697
vn 0.6226 0.1901 0.7591
vn 0.5454 0.1901 0.8163
vn 0.5530 0.0957 0.8277
vn 0.6083 0.2828 0.7416
vn 0.5329 0.2828 0.7975
vn 0.4631 0.1901 0.8657
vn 0.4695 0.0957 0.8777
vn 0.4524 0.2828 0.8458
vn 0.3671 0.2828 0.8862
vn 0.3757 0.1901 0.9070
vn 0.3809 0.0957 0.9196
vn 0.4115 0.7614 0.5009
vn 0.3677 0.8167 0.4447
vn 0.3209 0.8163 0.4803
vn 0.3603 0.7612 0.5392
vn 0.3228 0.8651 0.3838
vn 0.2794 0.8643 0.4182
vn 0.2701 0.8167 0.5099
vn 0.3053 0.7614 0.5719
vn 0.2311 0.8651 0.4451
vn 0.1914 0.8660 0.4620
vn 0.2205 0.8172 0.5324
vn 0.2480 0.7616 0.5987
vn 0.2572 0.4617 0.8489
vn 0.2431 0.5451 0.8024
vn 0.1636 0.5450 0.8223
vn 0.1731 0.4617 0.8700
vn 0.2267 0.6237 0.7481
vn 0.1525 0.6237 0.7667
vn 0.0824 0.5451 0.8343
vn 0.0872 0.4617 0.8827
vn 0.0769 0.6237 0.7779
vn 0.2689 0.3739 0.8876
vn 0.2081 0.6967 0.6865
vn 0.1399 0.6967 0.7036
vn 0.0705 0.6967 0.7138
vn -0.0000 0.6968 0.7173
vn -0.0000 0.6237 0.7817
vn -0.0000 0.5451 0.8384
vn -0.0000 0.4617 0.8870
vn 0.0912 0.3739 0.9230
vn -0.0000 0.3739 0.9275
vn 0.1809 0.3738 0.9097
vn 0.1182 0.9430 0.3111
vn 0.0822 0.9693 0.2318
vn 0.0542 0.9607 0.2722
vn 0.0663 0.9404 0.3335
vn 0.0364 0.9824 0.1830
vn 0.0128 0.9693 0.2456
vn 0.0098 0.9430 0.3327
vn 0.1337 0.9080 0.3971
vn 0.0823 0.9067 0.4138
vn -0.0000 0.9894 0.1451
vn -0.0000 0.9720 0.2348
vn -0.0000 0.9094 0.4158
vn 0.0285 0.9080 0.4181
vn -0.0000 0.9456 0.3252
vn 0.0364 -0.9824 0.1830
vn 0.0822 -0.9693 0.2318
vn 0.0542 -0.9607 0.2722
vn 0.0128 -0.9693 0.2456
vn 0.1182 -0.9430 0.3111
vn 0.0663 -0.9404 0.3335
vn 0.0098 -0.9430 0.3327
vn -0.0000 -0.9894 0.1451
vn -0.0000 -0.9720 0.2348
vn 0.1337 -0.9080 0.3971
vn 0.0823 -0.9067 0.4138
vn -0.0000 -0.9094 0.4158
vn -0.0000 -0.9456 0.3252
vn 0.0285 -0.9080 0.4181
vn 0.2267 -0.6237 0.7481
vn 0.2431 -0.5451 0.8024
vn 0.1636 -0.5450 0.8223
vn 0.1525 -0.6237 0.7667
vn 0.2572 -0.4617 0.8489
vn 0.1731 -0.4617 0.8700
vn 0.0824 -0.5451 0.8343
vn 0.0769 -0.6237 0.7779
vn 0.0872 -0.4617 0.8827
vn 0.2081 -0.6967 0.6865
vn 0.2689 -0.3739 0.8876
vn 0.1809 -0.3738 0.9097
vn 0.0912 -0.3739 0.9230
vn -0.0000 -0.3739 0.9275
vn -0.0000 -0.4617 0.8870
vn -0.0000 -0.5451 0.8384
vn -0.0000 -0.6237 0.7817
vn 0.0705 -0.6967 0.7138
vn -0.0000 -0.6968 0.7173
vn 0.1399 -0.6967 0.7036
vn 0.2886 0.0957 0.9526
vn 0.2847 0.1901 0.9396
vn 0.1915 0.1901 0.9629
vn 0.1942 0.0957 0.9763
vn 0.2781 0.2828 0.9180
vn 0.1871 0.2828 0.9407
vn 0.0965 0.1901 0.9770
vn 0.0979 0.0957 0.9906
vn 0.0943 0.2828 0.9545
vn 0.2900 -0.0000 0.9570
vn -0.0000 0.2828 0.9592
vn -0.0000 0.1901 0.9818
vn -0.0000 0.0957 0.9954
vn 0.0983 -0.0000 0.9952
vn -0.0000 -0.0000 1.0000
vn 0.1951 -0.0000 0.9808
vn 0.1885 0.7614 0.6202
vn 0.1696 0.8167 0.5515
vn 0.1127 0.8163 0.5666
vn 0.1265 0.7612 0.6360
vn 0.1514 0.8651 0.4782
vn 0.0981 0.8643 0.4933
vn 0.0544 0.8167 0.5744
vn 0.0632 0.7614 0.6452
vn 0.0431 0.8651 0.4997
vn -0.0000 0.8660 0.5001
vn -0.0000 0.8172 0.5763
vn -0.0000 0.7616 0.6480
vn 0.1514 -0.8651 0.4782
vn 0.1696 -0.8167 0.5515
vn 0.1127 -0.8163 0.5666
vn 0.0981 -0.8643 0.4933
vn 0.1885 -0.7614 0.6202
vn 0.1265 -0.7612 0.6360
vn 0.0544 -0.8167 0.5744
vn 0.0431 -0.8651 0.4997
vn 0.0632 -0.7614 0.6452
vn -0.0000 -0.7616 0.6480
vn -0.0000 -0.8172 0.5763
vn -0.0000 -0.8660 0.5001
vn 0.2781 -0.2828 0.9180
vn 0.2847 -0.1901 0.9396
vn 0.1915 -0.1901 0.9629
vn 0.1871 -0.2828 0.9407
vn 0.2886 -0.0957 0.9526
vn 0.1942 -0.0957 0.9763
vn 0.0965 -0.1901 0.9770
vn 0.0943 -0.2828 0.9545
vn 0.0979 -0.0957 0.9906
vn -0.0000 -0.0957 0.9954
vn -0.0000 -0.1901 0.9818
vn -0.0000 -0.2828 0.9592
vn -0.0364 -0.9824 0.1830
vn -0.0128 -0.9693 0.2456
vn -0.0541 -0.9607 0.2722
vn -0.0822 -0.9693 0.2318
vn -0.0098 -0.9430 0.3327
vn -0.0663 -0.9404 0.3335
vn -0.1182 -0.9430 0.3111
vn -0.0555 -0.9894 0.1340
vn -0.0899 -0.9720 0.2169
vn -0.0285 -0.9080 0.4181
vn -0.0823 -0.9067 0.4138
vn -0.1591 -0.9094 0.3842
vn -0.1244 -0.9456 0.3004
vn -0.1337 -0.9080 0.3971
vn -0.0769 -0.6237 0.7779
vn -0.0824 -0.5451 0.8343
vn -0.1636 -0.5450 0.8223
vn -0.1525 -0.6237 0.7667
vn -0.0872 -0.4617 0.8827
vn -0.1731 -0.4617 0.8700
vn -0.2431 -0.5451 0.8024
vn -0.2267 -0.6237 0.7481
vn -0.2572 -0.4617 0.8489
vn -0.0705 -0.6967 0.7138
vn -0.0912 -0.3739 0.9230
vn -0.1809 -0.3738 0.9097
vn -0.2689 -0.3739 0.8876
vn -0.3549 -0.3739 0.8569
vn -0.3395 -0.4617 0.8195
vn -0.3208 -0.5451 0.7746
vn -0.2991 -0.6237 0.7222
vn -0.2081 -0.6967 0.6865
vn -0.2745 -0.6968 0.6627
vn -0.1399 -0.6967 0.7036
vn -0.0979 0.0957 0.9906
vn -0.0965 0.1901 0.9770
vn -0.1915 0.1901 0.9629
vn -0.1942 0.0957 0.9763
vn -0.0943 0.2828 0.9545
vn -0.1871 0.2828 0.9407
vn -0.2847 0.1901 0.9396
vn -0.2886 0.0957 0.9526
vn -0.2781 0.2828 0.9180
vn -0.0983 -0.0000 0.9952
vn -0.0912 0.3739 0.9230
vn -0.1809 0.3738 0.9097
vn -0.2689 0.3739 0.8876
vn -0.3549 0.3739 0.8569
vn -0.3671 0.2828 0.8862
vn -0.3757 0.1901 0.9070
vn -0.3809 0.0957 0.9196
vn -0.2900 -0.0000 0.9570
vn -0.3827 -0.0000 0.9239
vn -0.1951 -0.0000 0.9808
vn -0.0632 0.7614 0.6452
vn -0.0544 0.8167 0.5744
vn -0.1127 0.8163 0.5666
vn -0.1265 0.7612 0.6360
vn -0.0431 0.8651 0.4997
vn -0.0981 0.8643 0.4933
vn -0.1696 0.8167 0.5515
vn -0.1885 0.7614 0.6202
vn -0.1514 0.8651 0.4782
vn -0.0705 0.6967 0.7138
vn -0.0285 0.9080 0.4181
vn -0.0823 0.9067 0.4138
vn -0.1337 0.9080 0.3971
vn -0.1591 0.9094 0.3842
vn -0.1914 0.8660 0.4620
vn -0.2205 0.8172 0.5324
vn -0.2480 0.7616 0.5987
vn -0.2081 0.6967 0.6865
vn -0.2745 0.6968 0.6627
vn -0.1399 0.6967 0.7036
vn -0.0431 -0.8651 0.4997
vn -0.0544 -0.8167 0.5744
vn -0.1127 -0.8163 0.5666
vn -0.0981 -0.8643 0.4933
vn -0.0632 -0.7614 0.6452
vn -0.1265 -0.7612 0.6360
vn -0.1696 -0.8167 0.5515
vn -0.1514 -0.8651 0.4782
vn -0.1885 -0.7614 0.6202
vn -0.2480 -0.7616 0.5987
vn -0.2205 -0.8172 0.5324
vn -0.1914 -0.8660 0.4620
vn -0.0943 -0.2828 0.9545
vn -0.0965 -0.1901 0.9770
vn -0.1915 -0.1901 0.9629
vn -0.1871 -0.2828 0.9407
vn -0.0979 -0.0957 0.9906
vn -0.1942 -0.0957 0.9763
vn -0.2847 -0.1901 0.9396
vn -0.2781 -0.2828 0.9180
vn -0.2886 -0.0957 0.9526
vn -0.3809 -0.0957 0.9196
vn -0.3757 -0.1901 0.9070
vn -0.3671 -0.2828 0.8862
vn -0.0872 0.4617 0.8827
vn -0.0824 0.5451 0.8343
vn -0.1636 0.5450 0.8223
vn -0.1731 0.4617 0.8700
vn -0.0769 0.6237 0.7779
vn -0.1525 0.6237 0.7667
vn -0.2431 0.5451 0.8024
vn -0.2572 0.4617 0.8489
vn -0.2267 0.6237 0.7481
vn -0.2991 0.6237 0.7222
vn -0.3208 0.5451 0.7746
vn -0.3395 0.4617 0.8195
vn -0.0098 0.9430 0.3327
vn -0.0128 0.9693 0.2456
vn -0.0542 0.9607 0.2722
vn -0.0663 0.9404 0.3335
vn -0.0364 0.9824 0.1830
vn -0.0822 0.9693 0.2318
vn -0.1182 0.9430 0.3111
vn -0.0555 0.9894 0.1340
vn -0.0899 0.9720 0.2169
vn -0.1244 0.9456 0.3004
vn -0.3053 0.7614 0.5719
vn -0.2701 0.8167 0.5099
vn -0.3209 0.8163 0.4803
vn -0.3603 0.7612 0.5392
vn -0.2311 0.8651 0.4451
vn -0.2794 0.8643 0.4182
vn -0.3677 0.8167 0.4447
vn -0.4115 0.7614 0.5009
vn -0.3228 0.8651 0.3838
vn -0.3383 0.6967 0.6325
vn -0.1863 0.9080 0.3754
vn -0.2344 0.9067 0.3508
vn -0.2755 0.9080 0.3157
vn -0.2940 0.9094 0.2940
vn -0.3536 0.8660 0.3536
vn -0.4075 0.8172 0.4075
vn -0.4582 0.7616 0.4582
vn -0.4549 0.6967 0.5546
vn -0.5072 0.6968 0.5072
vn -0.3985 0.6967 0.5965
vn -0.2311 -0.8651 0.4451
vn -0.2701 -0.8167 0.5099
vn -0.3209 -0.8163 0.4803
vn -0.2794 -0.8643 0.4182
vn -0.3053 -0.7614 0.5719
vn -0.3603 -0.7612 0.5392
vn -0.3677 -0.8167 0.4447
vn -0.3228 -0.8651 0.3838
vn -0.4115 -0.7614 0.5009
vn -0.1863 -0.9080 0.3754
vn -0.3383 -0.6967 0.6325
vn -0.3985 -0.6967 0.5965
vn -0.4549 -0.6967 0.5546
vn -0.5072 -0.6968 0.5072
vn -0.4582 -0.7616 0.4582
vn -0.4075 -0.8172 0.4075
vn -0.3536 -0.8660 0.3536
vn -0.2755 -0.9080 0.3157
vn -0.2940 -0.9094 0.2940
vn -0.2344 -0.9067 0.3508
vn -0.4524 -0.2828 0.8458
vn -0.4631 -0.1901 0.8657
vn -0.5454 -0.1901 0.8163
vn -0.5329 -0.2828 0.7975
vn -0.4695 -0.0957 0.8777
vn -0.5530 -0.0957 0.8277
vn -0.6226 -0.1901 0.7591
vn -0.6083 -0.2828 0.7416
vn -0.6312 -0.0957 0.7697
vn -0.4375 -0.3739 0.8178
vn -0.4717 -0.0000 0.8818
vn -0.5556 -0.0000 0.8315
vn -0.6341 -0.0000 0.7732
vn -0.7071 -0.0000 0.7071
vn -0.7039 -0.0957 0.7039
vn -0.6942 -0.1901 0.6942
vn -0.6782 -0.2828 0.6782
vn -0.5882 -0.3739 0.7171
vn -0.6558 -0.3739 0.6558
vn -0.5153 -0.3738 0.7712
vn -0.4184 0.4617 0.7822
vn -0.3955 0.5451 0.7393
vn -0.4658 0.5450 0.6971
vn -0.4928 0.4617 0.7375
vn -0.3687 0.6237 0.6893
vn -0.4343 0.6237 0.6500
vn -0.5317 0.5451 0.6483
vn -0.5625 0.4617 0.6859
vn -0.4957 0.6237 0.6044
vn -0.4375 0.3739 0.8178
vn -0.5527 0.6237 0.5527
vn -0.5928 0.5451 0.5928
vn -0.6272 0.4617 0.6272
vn -0.5882 0.3739 0.7171
vn -0.6558 0.3739 0.6558
vn -0.5153 0.3738 0.7712
vn -0.1364 0.9430 0.3036
vn -0.1058 0.9693 0.2220
vn -0.1542 0.9607 0.2308
vn -0.1889 0.9404 0.2827
vn -0.1036 0.9824 0.1551
vn -0.1646 0.9693 0.1828
vn -0.2283 0.9430 0.2422
vn -0.1026 0.9894 0.1026
vn -0.1660 0.9720 0.1660
vn -0.2300 0.9456 0.2300
vn -0.1036 -0.9824 0.1551
vn -0.1058 -0.9693 0.2220
vn -0.1542 -0.9607 0.2308
vn -0.1646 -0.9693 0.1828
vn -0.1364 -0.9430 0.3036
vn -0.1889 -0.9404 0.2827
vn -0.2283 -0.9430 0.2422
vn -0.1026 -0.9894 0.1026
vn -0.1660 -0.9720 0.1660
vn -0.2300 -0.9456 0.2300
vn -0.3687 -0.6237 0.6893
vn -0.3955 -0.5451 0.7393
vn -0.4658 -0.5450 0.6971
vn -0.4343 -0.6237 0.6500
vn -0.4184 -0.4617 0.7822
vn -0.4928 -0.4617 0.7375
vn -0.5317 -0.5451 0.6483
vn -0.4957 -0.6237 0.6044
vn -0.5625 -0.4617 0.6859
vn -0.6272 -0.4617 0.6272
vn -0.5928 -0.5451 0.5928
vn -0.5527 -0.6237 0.5527
vn -0.4695 0.0957 0.8777
vn -0.4631 0.1901 0.8657
vn -0.5454 0.1901 0.8163
vn -0.5530 0.0957 0.8277
vn -0.4524 0.2828 0.8458
vn -0.5329 0.2828 0.7975
vn -0.6226 0.1901 0.7591
vn -0.6312 0.0957 0.7697
vn -0.6083 0.2828 0.7416
vn -0.6782 0.2828 0.6782
vn -0.6942 0.1901 0.6942
vn -0.7039 0.0957 0.7039
vn -0.3838 -0.8651 0.3228
vn -0.4447 -0.8167 0.3677
vn -0.4803 -0.8163 0.3209
vn -0.4182 -0.8643 0.2794
vn -0.5009 -0.7614 0.4115
vn -0.5392 -0.7612 0.3603
vn -0.5099 -0.8167 0.2701
vn -0.4451 -0.8651 0.2311
vn -0.5719 -0.7614 0.3053
vn -0.3157 -0.9080 0.2755
vn -0.5546 -0.6967 0.4549
vn -0.5965 -0.6967 0.3985
vn -0.6325 -0.6967 0.3383
vn -0.6627 -0.6968 0.2745
vn -0.5987 -0.7616 0.2480
vn -0.5324 -0.8172 0.2205
vn -0.4620 -0.8660 0.1914
vn -0.3754 -0.9080 0.1863
vn -0.3842 -0.9094 0.1591
vn -0.3508 -0.9067 0.2344
vn -0.7416 -0.2828 0.6083
vn -0.7591 -0.1901 0.6226
vn -0.8163 -0.1901 0.5454
vn -0.7975 -0.2828 0.5329
vn -0.7697 -0.0957 0.6312
vn -0.8277 -0.0957 0.5530
vn -0.8657 -0.1901 0.4631
vn -0.8458 -0.2828 0.4524
vn -0.8777 -0.0957 0.4695
vn -0.7171 -0.3739 0.5882
vn -0.7732 -0.0000 0.6341
vn -0.8315 -0.0000 0.5556
vn -0.8818 -0.0000 0.4717
vn -0.9239 -0.0000 0.3827
vn -0.9196 -0.0957 0.3809
vn -0.9070 -0.1901 0.3757
vn -0.8862 -0.2828 0.3671
vn -0.8178 -0.3739 0.4375
vn -0.8569 -0.3739 0.3549
vn -0.7712 -0.3738 0.5153
vn -0.6859 0.4617 0.5625
vn -0.6483 0.5451 0.5317
vn -0.6971 0.5450 0.4658
vn -0.7375 0.4617 0.4928
vn -0.6044 0.6237 0.4957
vn -0.6500 0.6237 0.4343
vn -0.7393 0.5451 0.3955
vn -0.7822 0.4617 0.4184
vn -0.6893 0.6237 0.3687
vn -0.7171 0.3739 0.5882
vn -0.5546 0.6967 0.4549
vn -0.5965 0.6967 0.3985
vn -0.6325 0.6967 0.3383
vn -0.6627 0.6968 0.2745
vn -0.7222 0.6237 0.2991
vn -0.7746 0.5451 0.3208
vn -0.8195 0.4617 0.3394
vn -0.8178 0.3739 0.4375
vn -0.8569 0.3739 0.3549
vn -0.7712 0.3738 0.5153
vn -0.2422 0.9430 0.2283
vn -0.1828 0.9693 0.1646
vn -0.2308 0.9607 0.1542
vn -0.2827 0.9404 0.1889
vn -0.1551 0.9824 0.1036
vn -0.2220 0.9693 0.1058
vn -0.3036 0.9430 0.1364
vn -0.3157 0.9080 0.2755
vn -0.3508 0.9067 0.2344
vn -0.1340 0.9894 0.0555
vn -0.2169 0.9720 0.0899
vn -0.3842 0.9094 0.1591
vn -0.3754 0.9080 0.1863
vn -0.3004 0.9456 0.1244
vn -0.1551 -0.9824 0.1036
vn -0.1828 -0.9693 0.1646
vn -0.2308 -0.9607 0.1542
vn -0.2220 -0.9693 0.1058
vn -0.2422 -0.9430 0.2283
vn -0.2827 -0.9404 0.1889
vn -0.3036 -0.9430 0.1364
vn -0.1340 -0.9894 0.0555
vn -0.2169 -0.9720 0.0899
vn -0.3004 -0.9456 0.1244
vn -0.6044 -0.6237 0.4957
vn -0.6483 -0.5451 0.5317
vn -0.6971 -0.5450 0.4658
vn -0.6500 -0.6237 0.4343
vn -0.6859 -0.4617 0.5625
vn -0.7375 -0.4617 0.4928
vn -0.7393 -0.5451 0.3955
vn -0.6893 -0.6237 0.3687
vn -0.7822 -0.4617 0.4184
vn -0.8195 -0.4617 0.3394
vn -0.7746 -0.5451 0.3208
vn -0.7222 -0.6237 0.2991
vn -0.7697 0.0957 0.6312
vn -0.7591 0.1901 0.6226
vn -0.8163 0.1901 0.5454
vn -0.8277 0.0957 0.5530
vn -0.7416 0.2828 0.6083
vn -0.7975 0.2828 0.5329
vn -0.8657 0.1901 0.4631
vn -0.8777 0.0957 0.4695
vn -0.8458 0.2828 0.4524
vn -0.8862 0.2828 0.3671
vn -0.9070 0.1901 0.3757
vn -0.9196 0.0957 0.3809
vn -0.5009 0.7614 0.4115
vn -0.4447 0.8167 0.3677
vn -0.4803 0.8163 0.3209
vn -0.5392 0.7612 0.3603
vn -0.3838 0.8651 0.3228
vn -0.4182 0.8643 0.2794
vn -0.5099 0.8167 0.2701
vn -0.5719 0.7614 0.3053
vn -0.4451 0.8651 0.2311
vn -0.4620 0.8660 0.1914
vn -0.5324 0.8172 0.2205
vn -0.5987 0.7616 0.2480
vn -0.3111 0.9430 0.1182
vn -0.2318 0.9693 0.0822
vn -0.2722 0.9607 0.0541
vn -0.3335 0.9404 0.0663
vn -0.1830 0.9824 0.0364
vn -0.2456 0.9693 0.0128
vn -0.3327 0.9430 0.0098
vn -0.3971 0.9080 0.1337
vn -0.4138 0.9067 0.0823
vn -0.1450 0.9894 -0.0000
vn -0.2348 0.9720 -0.0000
vn -0.4158 0.9094 -0.0000
vn -0.4181 0.9080 0.0285
vn -0.3252 0.9456 -0.0000
vn -0.1830 -0.9824 0.0364
vn -0.2318 -0.9693 0.0822
vn -0.2722 -0.9607 0.0542
vn -0.2456 -0.9693 0.0128
vn -0.3111 -0.9430 0.1182
vn -0.3335 -0.9404 0.0663
vn -0.3327 -0.9430 0.0098
vn -0.1451 -0.9894 -0.0000
vn -0.2348 -0.9720 -0.0000
vn -0.3971 -0.9080 0.1337
vn -0.4138 -0.9067 0.0823
vn -0.4158 -0.9094 -0.0000
vn -0.3252 -0.9456 -0.0000
vn -0.4181 -0.9080 0.0285
vn -0.7481 -0.6237 0.2267
vn -0.8024 -0.5451 0.2431
vn -0.8223 -0.5450 0.1636
vn -0.7667 -0.6237 0.1525
vn -0.8489 -0.4617 0.2572
vn -0.8700 -0.4617 0.1731
vn -0.8343 -0.5451 0.0824
vn -0.7779 -0.6237 0.0769
vn -0.8827 -0.4617 0.0872
vn -0.6865 -0.6967 0.2081
vn -0.8876 -0.3739 0.2689
vn -0.9097 -0.3738 0.1809
vn -0.9230 -0.3739 0.0912
vn -0.9275 -0.3739 -0.0000
vn -0.8870 -0.4617 -0.0000
vn -0.8384 -0.5451 -0.0000
vn -0.7817 -0.6237 -0.0000
vn -0.7138 -0.6967 0.0705
vn -0.7173 -0.6968 -0.0000
vn -0.7036 -0.6967 0.1399
vn -0.9526 0.0957 0.2886
vn -0.9396 0.1901 0.2847
vn -0.9629 0.1901 0.1915
vn -0.9763 0.0957 0.1942
vn -0.9180 0.2828 0.2781
vn -0.9407 0.2828 0.1871
vn -0.9770 0.1901 0.0965
vn -0.9906 0.0957 0.0979
vn -0.9545 0.2828 0.0943
vn -0.9570 -0.0000 0.2900
vn -0.8876 0.3739 0.2689
vn -0.9097 0.3738 0.1809
vn -0.9230 0.3739 0.0912
vn -0.9275 0.3739 -0.0000
vn -0.9592 0.2828 -0.0000
vn -0.9818 0.1901 -0.0000
vn -0.9954 0.0957 -0.0000
vn -0.9952 -0.0000 0.0983
vn -1.0000 -0.0000 -0.0000
vn -0.9808 -0.0000 0.1951
vn -0.6202 0.7614 0.1885
vn -0.5515 0.8167 0.1696
vn -0.5666 0.8163 0.1127
vn -0.6360 0.7612 0.1265
vn -0.4782 0.8651 0.1514
vn -0.4933 0.8643 0.0981
vn -0.5744 0.8167 0.0544
vn -0.6452 0.7614 0.0632
vn -0.4997 0.8651 0.0431
vn -0.6865 0.6967 0.2081
vn -0.5001 0.8660 -0.0000
vn -0.5763 0.8172 -0.0000
vn -0.6480 0.7616 -0.0000
vn -0.7138 0.6967 0.0705
vn -0.7173 0.6968 -0.0000
vn -0.7036 0.6967 0.1399
vn -0.4782 -0.8651 0.1514
vn -0.5515 -0.8167 0.1696
vn -0.5666 -0.8163 0.1127
vn -0.4933 -0.8643 0.0981
vn -0.6202 -0.7614 0.1885
vn -0.6360 -0.7612 0.1265
vn -0.5744 -0.8167 0.0544
vn -0.4997 -0.8651 0.0431
vn -0.6452 -0.7614 0.0632
vn -0.6480 -0.7616 -0.0000
vn -0.5763 -0.8172 -0.0000
vn -0.5001 -0.8660 -0.0000
vn -0.9180 -0.2828 0.2781
vn -0.9396 -0.1901 0.2847
vn -0.9629 -0.1901 0.1915
vn -0.9407 -0.2828 0.1871
vn -0.9526 -0.0957 0.2886
vn -0.9763 -0.0957 0.1942
vn -0.9770 -0.1901 0.0965
vn -0.9545 -0.2828 0.0943
vn -0.9906 -0.0957 0.0979
vn -0.9954 -0.0957 -0.0000
vn -0.9818 -0.1901 -0.0000
vn -0.9592 -0.2828 -0.0000
vn -0.8489 0.4617 0.2572
vn -0.8024 0.5451 0.2431
vn -0.8223 0.5450 0.1636
vn -0.8700 0.4617 0.1731
vn -0.7481 0.6237 0.2267
vn -0.7667 0.6237 0.1525
vn -0.8343 0.5451 0.0824
vn -0.8827 0.4617 0.0872
vn -0.7779 0.6237 0.0769
vn -0.7817 0.6237 -0.0000
vn -0.8384 0.5451 -0.0000
vn -0.8870 0.4617 -0.0000
vn -0.7779 -0.6237 -0.0769
vn -0.8343 -0.5451 -0.0824
vn -0.8223 -0.5450 -0.1636
vn -0.7667 -0.6237 -0.1525
vn -0.8827 -0.4617 -0.0872
vn -0.8700 -0.4617 -0.1731
vn -0.8024 -0.5451 -0.2431
vn -0.7481 -0.6237 -0.2267
vn -0.8489 -0.4617 -0.2572
vn -0.7138 -0.6967 -0.0705
vn -0.9230 -0.3739 -0.0912
vn -0.9097 -0.3738 -0.1809
vn -0.8876 -0.3739 -0.2689
vn -0.8569 -0.3739 -0.3549
vn -0.8195 -0.4617 -0.3395
vn -0.7746 -0.5451 -0.3208
vn -0.7222 -0.6237 -0.2991
vn -0.6865 -0.6967 -0.2081
vn -0.6627 -0.6968 -0.2745
vn -0.7036 -0.6967 -0.1399
vn -0.9906 0.0957 -0.0979
vn -0.9770 0.1901 -0.0965
vn -0.9629 0.1901 -0.1915
vn -0.9763 0.0957 -0.1942
vn -0.9545 0.2828 -0.0943
vn -0.9407 0.2828 -0.1871
vn -0.9396 0.1901 -0.2847
vn -0.9526 0.0957 -0.2886
vn -0.9180 0.2828 -0.2781
vn -0.9952 -0.0000 -0.0983
vn -0.9230 0.3739 -0.0912
vn -0.9097 0.3738 -0.1809
vn -0.8876 0.3739 -0.2689
vn -0.8569 0.3739 -0.3549
vn -0.8862 0.2828 -0.3671
vn -0.9070 0.1901 -0.3757
vn -0.9196 0.0957 -0.3809
vn -0.9570 -0.0000 -0.2900
vn -0.9239 -0.0000 -0.3827
vn -0.9808 -0.0000 -0.1951
vn -0.6452 0.7614 -0.0632
vn -0.5744 0.8167 -0.0544
vn -0.5666 0.8163 -0.1127
vn -0.6360 0.7612 -0.1265
vn -0.4997 0.8651 -0.0431
vn -0.4933 0.8643 -0.0981
vn -0.5515 0.8167 -0.1696
vn -0.6202 0.7614 -0.1885
vn -0.4782 0.8651 -0.1514
vn -0.7138 0.6967 -0.0705
vn -0.4181 0.9080 -0.0285
vn -0.4138 0.9067 -0.0823
vn -0.3971 0.9080 -0.1337
vn -0.3842 0.9094 -0.1591
vn -0.4620 0.8660 -0.1914
vn -0.5324 0.8172 -0.2205
vn -0.5987 0.7616 -0.2480
vn -0.6865 0.6967 -0.2081
vn -0.6627 0.6968 -0.2745
vn -0.7036 0.6967 -0.1399
vn -0.4997 -0.8651 -0.0431
vn -0.5744 -0.8167 -0.0544
vn -0.5666 -0.8163 -0.1127
vn -0.4933 -0.8643 -0.0981
vn -0.6452 -0.7614 -0.0632
vn -0.6360 -0.7612 -0.1265
vn -0.5515 -0.8167 -0.1696
vn -0.4782 -0.8651 -0.1514
vn -0.6202 -0.7614 -0.1885
vn -0.4181 -0.9080 -0.0285
vn -0.5987 -0.7616 -0.2480
vn -0.5324 -0.8172 -0.2205
vn -0.4620 -0.8660 -0.1914
vn -0.3971 -0.9080 -0.1337
vn -0.3842 -0.9094 -0.1591
vn -0.4138 -0.9067 -0.0823
vn -0.9545 -0.2828 -0.0943
vn -0.9770 -0.1901 -0.0965
vn -0.9629 -0.1901 -0.1915
vn -0.9407 -0.2828 -0.1871
vn -0.9906 -0.0957 -0.0979
vn -0.9763 -0.0957 -0.1942
vn -0.9396 -0.1901 -0.2847
vn -0.9180 -0.2828 -0.2781
vn -0.9526 -0.0957 -0.2886
vn -0.9196 -0.0957 -0.3809
vn -0.9070 -0.1901 -0.3757
vn -0.8862 -0.2828 -0.3671
vn -0.8827 0.4617 -0.0872
vn -0.8343 0.5451 -0.0824
vn -0.8223 0.5450 -0.1636
vn -0.8700 0.4617 -0.1731
vn -0.7779 0.6237 -0.0769
vn -0.7667 0.6237 -0.1525
vn -0.8024 0.5451 -0.2431
vn -0.8489 0.4617 -0.2572
vn -0.7481 0.6237 -0.2267
vn -0.7222 0.6237 -0.2991
vn -0.7746 0.5451 -0.3208
vn -0.8195 0.4617 -0.3395
vn -0.3327 0.9430 -0.0098
vn -0.2456 0.9693 -0.0128
vn -0.2722 0.9607 -0.0542
vn -0.3335 0.9404 -0.0663
vn -0.1830 0.9824 -0.0364
vn -0.2318 0.9693 -0.0822
vn -0.3111 0.9430 -0.1182
vn -0.1340 0.9894 -0.0555
vn -0.2169 0.9720 -0.0899
vn -0.3004 0.9456 -0.1244
vn -0.1830 -0.9824 -0.0364
vn -0.2456 -0.9693 -0.0128
vn -0.2722 -0.9607 -0.0541
vn -0.2318 -0.9693 -0.0822
vn -0.3327 -0.9430 -0.0098
vn -0.3335 -0.9404 -0.0663
vn -0.3111 -0.9430 -0.1182
vn -0.1340 -0.9894 -0.0555
vn -0.2169 -0.9720 -0.0899
vn -0.3004 -0.9456 -0.1244
vn -0.4451 -0.8651 -0.2311
vn -0.5099 -0.8167 -0.2701
vn -0.4803 -0.8163 -0.3209
vn -0.4182 -0.8643 -0.2794
vn -0.5719 -0.7614 -0.3053
vn -0.5392 -0.7612 -0.3603
vn -0.4447 -0.8167 -0.3677
vn -0.3838 -0.8651 -0.3228
vn -0.5009 -0.7614 -0.4115
vn -0.3754 -0.9080 -0.1863
vn -0.6325 -0.6967 -0.3383
vn -0.5965 -0.6967 -0.3985
vn -0.5546 -0.6967 -0.4549
vn -0.5072 -0.6968 -0.5072
vn -0.4582 -0.7616 -0.4582
vn -0.4075 -0.8172 -0.4075
vn -0.3536 -0.8660 -0.3536
vn -0.3157 -0.9080 -0.2755
vn -0.2940 -0.9094 -0.2940
vn -0.3508 -0.9067 -0.2344
vn -0.8458 -0.2828 -0.4524
vn -0.8657 -0.1901 -0.4631
vn -0.8163 -0.1901 -0.5454
vn -0.7975 -0.2828 -0.5329
vn -0.8777 -0.0957 -0.4695
vn -0.8277 -0.0957 -0.5530
vn -0.7591 -0.1901 -0.6226
vn -0.7416 -0.2828 -0.6083
vn -0.7697 -0.0957 -0.6312
vn -0.8178 -0.3739 -0.4375
vn -0.8818 -0.0000 -0.4717
vn -0.8315 -0.0000 -0.5556
vn -0.7732 -0.0000 -0.6341
vn -0.7071 -0.0000 -0.7071
vn -0.7039 -0.0957 -0.7039
vn -0.6942 -0.1901 -0.6942
vn -0.6782 -0.2828 -0.6782
vn -0.7171 -0.3739 -0.5882
vn -0.6558 -0.3739 -0.6558
vn -0.7712 -0.3738 -0.5153
vn -0.7822 0.4617 -0.4184
vn -0.7393 0.5451 -0.3955
vn -0.6971 0.5450 -0.4658
vn -0.7375 0.4617 -0.4928
vn -0.6893 0.6237 -0.3687
vn -0.6500 0.6237 -0.4343
vn -0.6483 0.5451 -0.5317
vn -0.6859 0.4617 -0.5625
vn -0.6044 0.6237 -0.4957
vn -0.8178 0.3739 -0.4375
vn -0.6325 0.6967 -0.3383
vn -0.5965 0.6967 -0.3985
vn -0.5546 0.6967 -0.4549
vn -0.5072 0.6968 -0.5072
vn -0.5527 0.6237 -0.5527
vn -0.5928 0.5451 -0.5928
vn -0.6272 0.4617 -0.6272
vn -0.7171 0.3739 -0.5882
vn -0.6558 0.3739 -0.6558
vn -0.7712 0.3738 -0.5153
vn -0.3036 0.9430 -0.1364
vn -0.2220 0.9693 -0.1058
vn -0.2308 0.9607 -0.1542
vn -0.2827 0.9404 -0.1889
vn -0.1551 0.9824 -0.1036
vn -0.1828 0.9693 -0.1646
vn -0.2422 0.9430 -0.2283
vn -0.3754 0.9080 -0.1863
vn -0.3508 0.9067 -0.2344
vn -0.1026 0.9894 -0.1026
vn -0.1660 0.9720 -0.1660
vn -0.2940 0.9094 -0.2940
vn -0.3157 0.9080 -0.2755
vn -0.2300 0.9456 -0.2300
vn -0.1551 -0.9824 -0.1036
vn -0.2220 -0.9693 -0.1058
vn -0.2308 -0.9607 -0.1542
vn -0.1828 -0.9693 -0.1646
vn -0.3036 -0.9430 -0.1364
vn -0.2827 -0.9404 -0.1889
vn -0.2422 -0.9430 -0.2283
vn -0.1026 -0.9894 -0.1026
vn -0.1660 -0.9720 -0.1660
vn -0.2300 -0.9456 -0.2300
vn -0.6893 -0.6237 -0.3687
vn -0.7393 -0.5451 -0.3955
vn -0.6971 -0.5450 -0.4658
vn -0.6500 -0.6237 -0.4343
vn -0.7822 -0.4617 -0.4184
vn -0.7375 -0.4617 -0.4928
vn -0.6483 -0.5451 -0.5317
vn -0.6044 -0.6237 -0.4957
vn -0.6859 -0.4617 -0.5625
vn -0.6272 -0.4617 -0.6272
vn -0.5928 -0.5451 -0.5928
vn -0.5527 -0.6237 -0.5527
vn -0.8777 0.0957 -0.4695
vn -0.8657 0.1901 -0.4631
vn -0.8163 0.1901 -0.5454
vn -0.8277 0.0957 -0.5530
vn -0.8458 0.2828 -0.4524
vn -0.7975 0.2828 -0.5329
vn -0.7591 0.1901 -0.6226
vn -0.7697 0.0957 -0.6312
vn -0.7416 0.2828 -0.6083
vn -0.6782 0.2828 -0.6782
vn -0.6942 0.1901 -0.6942
vn -0.7039 0.0957 -0.7039
vn -0.5719 0.7614 -0.3053
vn -0.5099 0.8167 -0.2701
vn -0.4803 0.8163 -0.3209
vn -0.5392 0.7612 -0.3603
vn -0.4451 0.8651 -0.2311
vn -0.4182 0.8643 -0.2794
vn -0.4447 0.8167 -0.3677
vn -0.5009 0.7614 -0.4115
vn -0.3838 0.8651 -0.3228
vn -0.3536 0.8660 -0.3536
vn -0.4075 0.8172 -0.4075
vn -0.4582 0.7616 -0.4582
vn -0.6083 -0.2828 -0.7416
vn -0.6226 -0.1901 -0.7591
vn -0.5454 -0.1901 -0.8163
vn -0.5329 -0.2828 -0.7975
vn -0.6312 -0.0957 -0.7697
vn -0.5530 -0.0957 -0.8277
vn -0.4631 -0.1901 -0.8657
vn -0.4524 -0.2828 -0.8458
vn -0.4695 -0.0957 -0.8777
vn -0.5882 -0.3739 -0.7171
vn -0.6341 -0.0000 -0.7732
vn -0.5556 -0.0000 -0.8315
vn -0.4717 -0.0000 -0.8818
vn -0.3827 -0.0000 -0.9239
vn -0.3809 -0.0957 -0.9196
vn -0.3757 -0.1901 -0.9070
vn -0.3671 -0.2828 -0.8862
vn -0.4375 -0.3739 -0.8178
vn -0.3549 -0.3739 -0.8569
vn -0.5153 -0.3738 -0.7712
vn -0.5625 0.4617 -0.6859
vn -0.5317 0.5451 -0.6483
vn -0.4658 0.5450 -0.6971
vn -0.4928 0.4617 -0.7375
vn -0.4957 0.6237 -0.6044
vn -0.4343 0.6237 -0.6500
vn -0.3955 0.5451 -0.7393
vn -0.4184 0.4617 -0.7822
vn -0.3687 0.6237 -0.6893
vn -0.5882 0.3739 -0.7171
vn -0.4549 0.6967 -0.5546
vn -0.3985 0.6967 -0.5965
vn -0.3383 0.6967 -0.6325
vn -0.2745 0.6968 -0.6627
vn -0.2991 0.6237 -0.7222
vn -0.3208 0.5451 -0.7746
vn -0.3395 0.4617 -0.8195
vn -0.4375 0.3739 -0.8178
vn -0.3549 0.3739 -0.8569
vn -0.5153 0.3738 -0.7712
vn -0.2283 0.9430 -0.2422
vn -0.1646 0.9693 -0.1828
vn -0.1542 0.9607 -0.2308
vn -0.1889 0.9404 -0.2827
vn -0.1036 0.9824 -0.1551
vn -0.1058 0.9693 -0.2220
vn -0.1364 0.9430 -0.3036
vn -0.2755 0.9080 -0.3157
vn -0.2344 0.9067 -0.3508
vn -0.0555 0.9894 -0.1340
vn -0.0899 0.9720 -0.2169
vn -0.1591 0.9094 -0.3842
vn -0.1863 0.9080 -0.3754
vn -0.1244 0.9456 -0.3004
vn -0.1036 -0.9824 -0.1551
vn -0.1646 -0.9693 -0.1828
vn -0.1542 -0.9607 -0.2308
vn -0.1058 -0.9693 -0.2220
vn -0.2283 -0.9430 -0.2422
vn -0.1889 -0.9404 -0.2827
vn -0.1364 -0.9430 -0.3036
vn -0.0555 -0.9894 -0.1340
vn -0.0899 -0.9720 -0.2169
vn -0.2755 -0.9080 -0.3157
vn -0.2344 -0.9067 -0.3508
vn -0.1591 -0.9094 -0.3842
vn -0.1244 -0.9456 -0.3004
vn -0.1863 -0.9080 -0.3754
vn -0.4957 -0.6237 -0.6044
vn -0.5317 -0.5451 -0.6483
vn -0.4658 -0.5450 -0.6971
vn -0.4343 -0.6237 -0.6500
vn -0.5625 -0.4617 -0.6859
vn -0.4928 -0.4617 -0.7375
vn -0.3955 -0.5451 -0.7393
vn -0.3687 -0.6237 -0.6893
vn -0.4184 -0.4617 -0.7822
vn -0.4549 -0.6967 -0.5546
vn -0.3394 -0.4617 -0.8195
vn -0.3208 -0.5451 -0.7746
vn -0.2991 -0.6237 -0.7222
vn -0.3383 -0.6967 -0.6325
vn -0.2745 -0.6968 -0.6627
vn -0.3985 -0.6967 -0.5965
vn -0.6312 0.0957 -0.7697
vn -0.6226 0.1901 -0.7591
vn -0.5454 0.1901 -0.8163
vn -0.5530 0.0957 -0.8277
vn -0.6083 0.2828 -0.7416
vn -0.5329 0.2828 -0.7975
vn -0.4631 0.1901 -0.8657
vn -0.4695 0.0957 -0.8777
vn -0.4524 0.2828 -0.8458
vn -0.3671 0.2828 -0.8862
vn -0.3757 0.1901 -0.9070
vn -0.3809 0.0957 -0.9196
vn -0.4115 0.7614 -0.5009
vn -0.3677 0.8167 -0.4447
vn -0.3209 0.8163 -0.4803
vn -0.3603 0.7612 -0.5392
vn -0.3228 0.8651 -0.3838
vn -0.2794 0.8643 -0.4182
vn -0.2701 0.8167 -0.5099
vn -0.3053 0.7614 -0.5719
vn -0.2311 0.8651 -0.4451
vn -0.1914 0.8660 -0.4620
vn -0.2205 0.8172 -0.5324
vn -0.2480 0.7616 -0.5987
vn -0.3228 -0.8651 -0.3838
vn -0.3677 -0.8167 -0.4447
vn -0.3209 -0.8163 -0.4803
vn -0.2794 -0.8643 -0.4182
vn -0.4115 -0.7614 -0.5009
vn -0.3603 -0.7612 -0.5392
vn -0.2701 -0.8167 -0.5099
vn -0.2311 -0.8651 -0.4451
vn -0.3053 -0.7614 -0.5719
vn -0.2480 -0.7616 -0.5987
vn -0.2205 -0.8172 -0.5324
vn -0.1914 -0.8660 -0.4620
vn -0.0364 -0.9824 -0.1830
vn -0.0822 -0.9693 -0.2318
vn -0.0542 -0.9607 -0.2722
vn -0.0128 -0.9693 -0.2456
vn -0.1182 -0.9430 -0.3111
vn -0.0663 -0.9404 -0.3335
vn -0.0098 -0.9430 -0.3327
vn -0.1337 -0.9080 -0.3971
vn -0.0823 -0.9067 -0.4138
vn -0.0285 -0.9080 -0.4181
vn -0.2267 -0.6237 -0.7481
vn -0.2431 -0.5451 -0.8024
vn -0.1636 -0.5450 -0.8223
vn -0.1525 -0.6237 -0.7667
vn -0.2572 -0.4617 -0.8489
vn -0.1731 -0.4617 -0.8700
vn -0.0824 -0.5451 -0.8343
vn -0.0769 -0.6237 -0.7779
vn -0.0872 -0.4617 -0.8827
vn -0.2081 -0.6967 -0.6865
vn -0.2689 -0.3739 -0.8876
vn -0.1809 -0.3738 -0.9097
vn -0.0912 -0.3739 -0.9230
vn -0.0705 -0.6967 -0.7138
vn -0.1399 -0.6967 -0.7036
vn -0.2886 0.0957 -0.9526
vn -0.2847 0.1901 -0.9396
vn -0.1915 0.1901 -0.9629
vn -0.1942 0.0957 -0.9763
vn -0.2781 0.2828 -0.9180
vn -0.1871 0.2828 -0.9407
vn -0.0965 0.1901 -0.9770
vn -0.0979 0.0957 -0.9906
vn -0.0943 0.2828 -0.9545
vn -0.2900 -0.0000 -0.9570
vn -0.2689 0.3739 -0.8876
vn -0.1809 0.3738 -0.9097
vn -0.0912 0.3739 -0.9230
vn -0.0983 -0.0000 -0.9952
vn -0.1951 -0.0000 -0.9808
vn -0.1885 0.7614 -0.6202
vn -0.1696 0.8167 -0.5515
vn -0.1127 0.8163 -0.5666
vn -0.1265 0.7612 -0.6360
vn -0.1514 0.8651 -0.4782
vn -0.0981 0.8643 -0.4933
vn -0.0544 0.8167 -0.5744
vn -0.0632 0.7614 -0.6452
vn -0.0431 0.8651 -0.4997
vn -0.2081 0.6967 -0.6865
vn -0.1337 0.9080 -0.3971
vn -0.0823 0.9067 -0.4138
vn -0.0285 0.9080 -0.4181
vn -0.0705 0.6967 -0.7138
vn -0.1399 0.6967 -0.7036
vn -0.1514 -0.8651 -0.4782
vn -0.1696 -0.8167 -0.5515
vn -0.1127 -0.8163 -0.5666
vn -0.0981 -0.8643 -0.4933
vn -0.1885 -0.7614 -0.6202
vn -0.1265 -0.7612 -0.6360
vn -0.0544 -0.8167 -0.5744
vn -0.0431 -0.8651 -0.4997
vn -0.0632 -0.7614 -0.6452
vn -0.2781 -0.2828 -0.9180
vn -0.2847 -0.1901 -0.9396
vn -0.1915 -0.1901 -0.9629
vn -0.1871 -0.2828 -0.9407
vn -0.2886 -0.0957 -0.9526
vn -0.1942 -0.0957 -0.9763
vn -0.0965 -0.1901 -0.9770
vn -0.0943 -0.2828 -0.9545
vn -0.0979 -0.0957 -0.9906
vn -0.2572 0.4617 -0.8489
vn -0.2431 0.5451 -0.8024
vn -0.1636 0.5450 -0.8223
vn -0.1731 0.4617 -0.8700
vn -0.2267 0.6237 -0.7481
vn -0.1525 0.6237 -0.7667
vn -0.0824 0.5451 -0.8343
vn -0.0872 0.4617 -0.8827
vn -0.0769 0.6237 -0.7779
vn -0.1182 0.9430 -0.3111
vn -0.0822 0.9693 -0.2318
vn -0.0541 0.9607 -0.2722
vn -0.0663 0.9404 -0.3335
vn -0.0364 0.9824 -0.1830
vn -0.0128 0.9693 -0.2456
vn -0.0098 0.9430 -0.3327
vt 0.734375 0.656250
vt 0.734375 0.687500
vt 0.718750 0.687500
vt 0.718750 0.656250
vt 0.734375 0.718750
vt 0.718750 0.718750
vt 0.703125 0.687500
vt 0.703125 0.656250
vt 0.703125 0.718750
vt 0.750000 0.625000
vt 0.750000 0.656250
vt 0.734375 0.625000
vt 0.750000 0.687500
vt 0.750000 0.718750
vt 0.750000 0.750000
vt 0.734375 0.750000
vt 0.718750 0.750000
vt 0.703125 0.750000
vt 0.687500 0.750000
vt 0.687500 0.718750
vt 0.687500 0.687500
vt 0.687500 0.656250
vt 0.703125 0.625000
vt 0.687500 0.625000
vt 0.718750 0.625000
vt 0.730252 0.899833
vt 0.725505 0.925224
vt 0.718750 0.915799
vt 0.718750 0.896659
vt 0.718750 0.947531
vt 0.711995 0.925224
vt 0.725505 0.925224
vt 0.707248 0.899833
vt 0.711996 0.925224
vt 0.750000 0.875000
vt 0.742187 0.906250
vt 0.733290 0.871799
vt 0.734375 0.937500
vt 0.718750 0.870370
vt 0.718750 1.000000
vt 0.710938 0.968750
vt 0.726562 0.968750
vt 0.703125 0.937500
vt 0.687500 0.875000
vt 0.704210 0.871799
vt 0.695313 0.906250
vt 0.718750 0.052469
vt 0.725505 0.074776
vt 0.718750 0.084201
vt 0.711995 0.074776
vt 0.730252 0.100167
vt 0.718750 0.103341
vt 0.725505 0.074776
vt 0.707248 0.100167
vt 0.718750 0.103341
vt 0.718750 0.000000
vt 0.726563 0.031250
vt 0.710938 0.031250
vt 0.734375 0.062500
vt 0.703125 0.062500
vt 0.750000 0.125000
vt 0.733290 0.128201
vt 0.742188 0.093750
vt 0.718750 0.129630
vt 0.734375 0.062500
vt 0.687500 0.125000
vt 0.695313 0.093750
vt 0.704210 0.128201
vt 0.718750 0.129630
vt 0.734375 0.281250
vt 0.734375 0.312500
vt 0.718750 0.312500
vt 0.718750 0.281250
vt 0.734375 0.343750
vt 0.718750 0.343750
vt 0.703125 0.312500
vt 0.703125 0.281250
vt 0.703125 0.343750
vt 0.750000 0.250000
vt 0.750000 0.281250
vt 0.734375 0.250000
vt 0.750000 0.312500
vt 0.750000 0.343750
vt 0.750000 0.375000
vt 0.734375 0.375000
vt 0.718750 0.375000
vt 0.703125 0.375000
vt 0.687500 0.375000
vt 0.687500 0.343750
vt 0.687500 0.312500
vt 0.687500 0.281250
vt 0.703125 0.250000
vt 0.687500 0.250000
vt 0.718750 0.250000
vt 0.734375 0.531250
vt 0.734375 0.562500
vt 0.718750 0.562500
vt 0.718750 0.531250
vt 0.734375 0.593750
vt 0.718750 0.593750
vt 0.703125 0.562500
vt 0.703125 0.531250
vt 0.703125 0.593750
vt 0.750000 0.500000
vt 0.750000 0.531250
vt 0.734375 0.500000
vt 0.750000 0.562500
vt 0.750000 0.593750
vt 0.687500 0.593750
vt 0.687500 0.562500
vt 0.687500 0.531250
vt 0.703125 0.500000
vt 0.687500 0.500000
vt 0.718750 0.500000
vt 0.734375 0.781196
vt 0.734375 0.812066
vt 0.718750 0.811921
vt 0.718750 0.781178
vt 0.734267 0.842330
vt 0.718750 0.841797
vt 0.703125 0.812066
vt 0.703125 0.781196
vt 0.703234 0.842330
vt 0.750000 0.750000
vt 0.750000 0.781214
vt 0.734375 0.750000
vt 0.750000 0.812211
vt 0.750000 0.842954
vt 0.704210 0.871799
vt 0.687500 0.842954
vt 0.687500 0.812211
vt 0.687500 0.781214
vt 0.703125 0.750000
vt 0.687500 0.750000
vt 0.718750 0.750000
vt 0.734267 0.157670
vt 0.734375 0.187934
vt 0.718750 0.188079
vt 0.718750 0.158203
vt 0.734375 0.218804
vt 0.718750 0.218822
vt 0.703125 0.187934
vt 0.703234 0.157670
vt 0.703125 0.218804
vt 0.750000 0.157046
vt 0.733290 0.128201
vt 0.750000 0.187789
vt 0.750000 0.218786
vt 0.750000 0.250000
vt 0.734375 0.250000
vt 0.718750 0.250000
vt 0.703125 0.250000
vt 0.687500 0.250000
vt 0.687500 0.218786
vt 0.687500 0.187789
vt 0.687500 0.157046
vt 0.704210 0.128201
vt 0.734375 0.406250
vt 0.734375 0.437500
vt 0.718750 0.437500
vt 0.718750 0.406250
vt 0.734375 0.468750
vt 0.718750 0.468750
vt 0.703125 0.437500
vt 0.703125 0.406250
vt 0.703125 0.468750
vt 0.750000 0.406250
vt 0.750000 0.437500
vt 0.750000 0.468750
vt 0.687500 0.468750
vt 0.687500 0.437500
vt 0.687500 0.406250
vt 0.671875 0.281250
vt 0.671875 0.312500
vt 0.656250 0.312500
vt 0.656250 0.281250
vt 0.671875 0.343750
vt 0.656250 0.343750
vt 0.640625 0.312500
vt 0.640625 0.281250
vt 0.640625 0.343750
vt 0.671875 0.250000
vt 0.671875 0.375000
vt 0.656250 0.375000
vt 0.640625 0.375000
vt 0.625000 0.375000
vt 0.625000 0.343750
vt 0.625000 0.312500
vt 0.625000 0.281250
vt 0.640625 0.250000
vt 0.625000 0.250000
vt 0.656250 0.250000
vt 0.671875 0.531250
vt 0.671875 0.562500
vt 0.656250 0.562500
vt 0.656250 0.531250
vt 0.671875 0.593750
vt 0.656250 0.593750
vt 0.640625 0.562500
vt 0.640625 0.531250
vt 0.640625 0.593750
vt 0.671875 0.500000
vt 0.671875 0.625000
vt 0.656250 0.625000
vt 0.640625 0.625000
vt 0.625000 0.625000
vt 0.625000 0.593750
vt 0.625000 0.562500
vt 0.625000 0.531250
vt 0.640625 0.500000
vt 0.625000 0.500000
vt 0.656250 0.500000
vt 0.671875 0.781196
vt 0.671875 0.812066
vt 0.656250 0.811921
vt 0.656250 0.781178
vt 0.671767 0.842330
vt 0.656250 0.841797
vt 0.640625 0.812066
vt 0.640625 0.781196
vt 0.640734 0.842330
vt 0.671875 0.750000
vt 0.670790 0.871799
vt 0.656250 0.870370
vt 0.641710 0.871799
vt 0.625000 0.875000
vt 0.625000 0.842954
vt 0.625000 0.812211
vt 0.625000 0.781214
vt 0.640625 0.750000
vt 0.625000 0.750000
vt 0.656250 0.750000
vt 0.671767 0.157670
vt 0.671875 0.187934
vt 0.656250 0.188079
vt 0.656250 0.158203
vt 0.671875 0.218804
vt 0.656250 0.218822
vt 0.640625 0.187934
vt 0.640734 0.157670
vt 0.640625 0.218804
vt 0.670790 0.128201
vt 0.671875 0.250000
vt 0.656250 0.250000
vt 0.640625 0.250000
vt 0.625000 0.250000
vt 0.625000 0.218786
vt 0.625000 0.187789
vt 0.625000 0.157046
vt 0.641710 0.128201
vt 0.625000 0.125000
vt 0.656250 0.129630
vt 0.671875 0.406250
vt 0.671875 0.437500
vt 0.656250 0.437500
vt 0.656250 0.406250
vt 0.671875 0.468750
vt 0.656250 0.468750
vt 0.640625 0.437500
vt 0.640625 0.406250
vt 0.640625 0.468750
vt 0.625000 0.468750
vt 0.625000 0.437500
vt 0.625000 0.406250
vt 0.671875 0.656250
vt 0.671875 0.687500
vt 0.656250 0.687500
vt 0.656250 0.656250
vt 0.671875 0.718750
vt 0.656250 0.718750
vt 0.640625 0.687500
vt 0.640625 0.656250
vt 0.640625 0.718750
vt 0.671875 0.750000
vt 0.656250 0.750000
vt 0.640625 0.750000
vt 0.625000 0.750000
vt 0.625000 0.718750
vt 0.625000 0.687500
vt 0.625000 0.656250
vt 0.667752 0.899833
vt 0.663005 0.925224
vt 0.656250 0.915799
vt 0.656250 0.896659
vt 0.656250 0.947531
vt 0.649496 0.925224
vt 0.663005 0.925224
vt 0.644748 0.899833
vt 0.656250 0.896659
vt 0.649496 0.925224
vt 0.679688 0.906250
vt 0.671875 0.937500
vt 0.656250 1.000000
vt 0.648438 0.968750
vt 0.664063 0.968750
vt 0.640625 0.937500
vt 0.671875 0.937500
vt 0.641710 0.871799
vt 0.632813 0.906250
vt 0.656250 0.052469
vt 0.663005 0.074776
vt 0.656250 0.084201
vt 0.649496 0.074776
vt 0.667752 0.100167
vt 0.656250 0.103341
vt 0.663005 0.074776
vt 0.644748 0.100167
vt 0.656250 0.103341
vt 0.656250 0.000000
vt 0.664063 0.031250
vt 0.648438 0.031250
vt 0.671875 0.062500
vt 0.640625 0.062500
vt 0.670790 0.128201
vt 0.679688 0.093750
vt 0.656250 0.129630
vt 0.671875 0.062500
vt 0.632813 0.093750
vt 0.641710 0.128201
vt 0.609267 0.157670
vt 0.609375 0.187934
vt 0.593750 0.188079
vt 0.593750 0.158203
vt 0.609375 0.218804
vt 0.593750 0.218822
vt 0.578125 0.187934
vt 0.578234 0.157670
vt 0.578125 0.218804
vt 0.608290 0.128201
vt 0.609375 0.250000
vt 0.593750 0.250000
vt 0.578125 0.250000
vt 0.562500 0.250000
vt 0.562500 0.218786
vt 0.562500 0.187789
vt 0.562500 0.157046
vt 0.579210 0.128201
vt 0.562500 0.125000
vt 0.593750 0.129630
vt 0.609375 0.406250
vt 0.609375 0.437500
vt 0.593750 0.437500
vt 0.593750 0.406250
vt 0.609375 0.468750
vt 0.593750 0.468750
vt 0.578125 0.437500
vt 0.578125 0.406250
vt 0.578125 0.468750
vt 0.609375 0.375000
vt 0.609375 0.500000
vt 0.593750 0.500000
vt 0.578125 0.500000
vt 0.562500 0.500000
vt 0.562500 0.468750
vt 0.562500 0.437500
vt 0.562500 0.406250
vt 0.578125 0.375000
vt 0.562500 0.375000
vt 0.593750 0.375000
vt 0.609375 0.656250
vt 0.609375 0.687500
vt 0.593750 0.687500
vt 0.593750 0.656250
vt 0.609375 0.718750
vt 0.593750 0.718750
vt 0.578125 0.687500
vt 0.578125 0.656250
vt 0.578125 0.718750
vt 0.609375 0.625000
vt 0.609375 0.750000
vt 0.593750 0.750000
vt 0.578125 0.750000
vt 0.562500 0.750000
vt 0.562500 0.718750
vt 0.562500 0.687500
vt 0.562500 0.656250
vt 0.578125 0.625000
vt 0.562500 0.625000
vt 0.593750 0.625000
vt 0.605252 0.899833
vt 0.600505 0.925224
vt 0.593750 0.915799
vt 0.593750 0.896659
vt 0.593750 0.947531
vt 0.586996 0.925224
vt 0.600505 0.925224
vt 0.582248 0.899833
vt 0.593750 0.896659
vt 0.586996 0.925224
vt 0.617188 0.906250
vt 0.608290 0.871799
vt 0.609375 0.937500
vt 0.593750 0.870370
vt 0.593750 1.000000
vt 0.585938 0.968750
vt 0.601563 0.968750
vt 0.578125 0.937500
vt 0.609375 0.937500
vt 0.562500 0.875000
vt 0.579210 0.871799
vt 0.570313 0.906250
vt 0.593750 0.870370
vt 0.578125 0.937500
vt 0.593750 0.052469
vt 0.600505 0.074776
vt 0.593750 0.084201
vt 0.586996 0.074776
vt 0.605252 0.100167
vt 0.593750 0.103341
vt 0.600505 0.074776
vt 0.582248 0.100167
vt 0.586996 0.074776
vt 0.593750 0.103341
vt 0.593750 0.000000
vt 0.601563 0.031250
vt 0.585938 0.031250
vt 0.609375 0.062500
vt 0.578125 0.062500
vt 0.608290 0.128201
vt 0.617188 0.093750
vt 0.593750 0.129630
vt 0.609375 0.062500
vt 0.570313 0.093750
vt 0.579210 0.128201
vt 0.578125 0.062500
vt 0.609375 0.281250
vt 0.609375 0.312500
vt 0.593750 0.312500
vt 0.593750 0.281250
vt 0.609375 0.343750
vt 0.593750 0.343750
vt 0.578125 0.312500
vt 0.578125 0.281250
vt 0.578125 0.343750
vt 0.562500 0.343750
vt 0.562500 0.312500
vt 0.562500 0.281250
vt 0.578125 0.250000
vt 0.562500 0.250000
vt 0.609375 0.531250
vt 0.609375 0.562500
vt 0.593750 0.562500
vt 0.593750 0.531250
vt 0.609375 0.593750
vt 0.593750 0.593750
vt 0.578125 0.562500
vt 0.578125 0.531250
vt 0.578125 0.593750
vt 0.562500 0.593750
vt 0.562500 0.562500
vt 0.562500 0.531250
vt 0.609375 0.781196
vt 0.609375 0.812066
vt 0.593750 0.811921
vt 0.593750 0.781178
vt 0.609267 0.842330
vt 0.593750 0.841797
vt 0.578125 0.812066
vt 0.578125 0.781196
vt 0.578234 0.842330
vt 0.609375 0.750000
vt 0.579210 0.871799
vt 0.562500 0.842954
vt 0.562500 0.812211
vt 0.562500 0.781214
vt 0.578125 0.750000
vt 0.562500 0.750000
vt 0.593750 0.750000
vt 0.546875 0.406250
vt 0.546875 0.437500
vt 0.531250 0.437500
vt 0.531250 0.406250
vt 0.546875 0.468750
vt 0.531250 0.468750
vt 0.515625 0.437500
vt 0.515625 0.406250
vt 0.515625 0.468750
vt 0.546875 0.375000
vt 0.546875 0.500000
vt 0.531250 0.500000
vt 0.515625 0.500000
vt 0.500000 0.500000
vt 0.500000 0.468750
vt 0.500000 0.437500
vt 0.500000 0.406250
vt 0.515625 0.375000
vt 0.500000 0.375000
vt 0.531250 0.375000
vt 0.546875 0.656250
vt 0.546875 0.687500
vt 0.531250 0.687500
vt 0.531250 0.656250
vt 0.546875 0.718750
vt 0.531250 0.718750
vt 0.515625 0.687500
vt 0.515625 0.656250
vt 0.515625 0.718750
vt 0.546875 0.625000
vt 0.546875 0.750000
vt 0.531250 0.750000
vt 0.515625 0.750000
vt 0.500000 0.750000
vt 0.500000 0.718750
vt 0.500000 0.687500
vt 0.500000 0.656250
vt 0.515625 0.625000
vt 0.500000 0.625000
vt 0.531250 0.625000
vt 0.542752 0.899833
vt 0.538005 0.925224
vt 0.531250 0.915799
vt 0.531250 0.896659
vt 0.531250 0.947531
vt 0.524495 0.925224
vt 0.538005 0.925224
vt 0.519748 0.899833
vt 0.531250 0.896659
vt 0.524495 0.925224
vt 0.554688 0.906250
vt 0.545790 0.871799
vt 0.546875 0.937500
vt 0.531250 0.870370
vt 0.531250 1.000000
vt 0.523438 0.968750
vt 0.539063 0.968750
vt 0.515625 0.937500
vt 0.500000 0.875000
vt 0.516710 0.871799
vt 0.507813 0.906250
vt 0.531250 0.052469
vt 0.538005 0.074776
vt 0.531250 0.084201
vt 0.524495 0.074776
vt 0.542752 0.100167
vt 0.531250 0.103341
vt 0.538005 0.074776
vt 0.519748 0.100167
vt 0.524495 0.074776
vt 0.531250 0.103341
vt 0.531250 0.000000
vt 0.539063 0.031250
vt 0.523438 0.031250
vt 0.546875 0.062500
vt 0.515625 0.062500
vt 0.545790 0.128201
vt 0.554688 0.093750
vt 0.531250 0.129630
vt 0.500000 0.125000
vt 0.507813 0.093750
vt 0.516710 0.128201
vt 0.531250 0.129630
vt 0.546875 0.281250
vt 0.546875 0.312500
vt 0.531250 0.312500
vt 0.531250 0.281250
vt 0.546875 0.343750
vt 0.531250 0.343750
vt 0.515625 0.312500
vt 0.515625 0.281250
vt 0.515625 0.343750
vt 0.546875 0.250000
vt 0.500000 0.343750
vt 0.500000 0.312500
vt 0.500000 0.281250
vt 0.515625 0.250000
vt 0.500000 0.250000
vt 0.531250 0.250000
vt 0.546875 0.531250
vt 0.546875 0.562500
vt 0.531250 0.562500
vt 0.531250 0.531250
vt 0.546875 0.593750
vt 0.531250 0.593750
vt 0.515625 0.562500
vt 0.515625 0.531250
vt 0.515625 0.593750
vt 0.500000 0.593750
vt 0.500000 0.562500
vt 0.500000 0.531250
vt 0.546875 0.781196
vt 0.546875 0.812066
vt 0.531250 0.811921
vt 0.531250 0.781178
vt 0.546767 0.842330
vt 0.531250 0.841797
vt 0.515625 0.812066
vt 0.515625 0.781196
vt 0.515734 0.842330
vt 0.546875 0.750000
vt 0.516710 0.871799
vt 0.500000 0.842954
vt 0.500000 0.812211
vt 0.500000 0.781214
vt 0.515625 0.750000
vt 0.500000 0.750000
vt 0.531250 0.750000
vt 0.546767 0.157670
vt 0.546875 0.187934
vt 0.531250 0.188079
vt 0.531250 0.158203
vt 0.546875 0.218804
vt 0.531250 0.218822
vt 0.515625 0.187934
vt 0.515734 0.157670
vt 0.515625 0.218804
vt 0.546875 0.250000
vt 0.531250 0.250000
vt 0.515625 0.250000
vt 0.500000 0.250000
vt 0.500000 0.218786
vt 0.500000 0.187789
vt 0.500000 0.157046
vt 0.516710 0.128201
vt 0.468750 0.052469
vt 0.475505 0.074776
vt 0.468750 0.084201
vt 0.461995 0.074776
vt 0.480252 0.100167
vt 0.468750 0.103341
vt 0.475505 0.074776
vt 0.457248 0.100167
vt 0.468750 0.103341
vt 0.468750 0.000000
vt 0.476562 0.031250
vt 0.460938 0.031250
vt 0.484375 0.062500
vt 0.453125 0.062500
vt 0.483290 0.128201
vt 0.492188 0.093750
vt 0.468750 0.129630
vt 0.437500 0.125000
vt 0.445313 0.093750
vt 0.454210 0.128201
vt 0.468750 0.129630
vt 0.484375 0.281250
vt 0.484375 0.312500
vt 0.468750 0.312500
vt 0.468750 0.281250
vt 0.484375 0.343750
vt 0.468750 0.343750
vt 0.453125 0.312500
vt 0.453125 0.281250
vt 0.453125 0.343750
vt 0.484375 0.250000
vt 0.484375 0.375000
vt 0.468750 0.375000
vt 0.453125 0.375000
vt 0.437500 0.375000
vt 0.437500 0.343750
vt 0.437500 0.312500
vt 0.437500 0.281250
vt 0.453125 0.250000
vt 0.437500 0.250000
vt 0.468750 0.250000
vt 0.484375 0.531250
vt 0.484375 0.562500
vt 0.468750 0.562500
vt 0.468750 0.531250
vt 0.484375 0.593750
vt 0.468750 0.593750
vt 0.453125 0.562500
vt 0.453125 0.531250
vt 0.453125 0.593750
vt 0.484375 0.500000
vt 0.484375 0.625000
vt 0.468750 0.625000
vt 0.453125 0.625000
vt 0.437500 0.625000
vt 0.437500 0.593750
vt 0.437500 0.562500
vt 0.437500 0.531250
vt 0.453125 0.500000
vt 0.437500 0.500000
vt 0.468750 0.500000
vt 0.484375 0.781196
vt 0.484375 0.812066
vt 0.468750 0.811921
vt 0.468750 0.781178
vt 0.484267 0.842330
vt 0.468750 0.841797
vt 0.453125 0.812066
vt 0.453125 0.781196
vt 0.453234 0.842330
vt 0.484375 0.750000
vt 0.483290 0.871799
vt 0.468750 0.870370
vt 0.454210 0.871799
vt 0.437500 0.875000
vt 0.437500 0.842954
vt 0.437500 0.812211
vt 0.437500 0.781214
vt 0.453125 0.750000
vt 0.437500 0.750000
vt 0.468750 0.750000
vt 0.484267 0.157670
vt 0.484375 0.187934
vt 0.468750 0.188079
vt 0.468750 0.158203
vt 0.484375 0.218804
vt 0.468750 0.218822
vt 0.453125 0.187934
vt 0.453234 0.157670
vt 0.453125 0.218804
vt 0.483290 0.128201
vt 0.484375 0.250000
vt 0.453125 0.250000
vt 0.437500 0.218786
vt 0.437500 0.187789
vt 0.437500 0.157046
vt 0.454210 0.128201
vt 0.468750 0.129630
vt 0.484375 0.406250
vt 0.484375 0.437500
vt 0.468750 0.437500
vt 0.468750 0.406250
vt 0.484375 0.468750
vt 0.468750 0.468750
vt 0.453125 0.437500
vt 0.453125 0.406250
vt 0.453125 0.468750
vt 0.437500 0.468750
vt 0.437500 0.437500
vt 0.437500 0.406250
vt 0.484375 0.656250
vt 0.484375 0.687500
vt 0.468750 0.687500
vt 0.468750 0.656250
vt 0.484375 0.718750
vt 0.468750 0.718750
vt 0.453125 0.687500
vt 0.453125 0.656250
vt 0.453125 0.718750
vt 0.484375 0.750000
vt 0.468750 0.750000
vt 0.453125 0.750000
vt 0.437500 0.750000
vt 0.437500 0.718750
vt 0.437500 0.687500
vt 0.437500 0.656250
vt 0.480252 0.899833
vt 0.475505 0.925224
vt 0.468750 0.915799
vt 0.468750 0.896659
vt 0.468750 0.947531
vt 0.461995 0.925224
vt 0.475505 0.925224
vt 0.457248 0.899833
vt 0.461995 0.925224
vt 0.492188 0.906250
vt 0.484375 0.937500
vt 0.468750 1.000000
vt 0.460938 0.968750
vt 0.476562 0.968750
vt 0.453125 0.937500
vt 0.454210 0.871799
vt 0.445313 0.906250
vt 0.421875 0.531250
vt 0.421875 0.562500
vt 0.406250 0.562500
vt 0.406250 0.531250
vt 0.421875 0.593750
vt 0.406250 0.593750
vt 0.390625 0.562500
vt 0.390625 0.531250
vt 0.390625 0.593750
vt 0.421875 0.500000
vt 0.421875 0.625000
vt 0.406250 0.625000
vt 0.390625 0.625000
vt 0.375000 0.625000
vt 0.375000 0.593750
vt 0.375000 0.562500
vt 0.375000 0.531250
vt 0.390625 0.500000
vt 0.375000 0.500000
vt 0.406250 0.500000
vt 0.421875 0.781196
vt 0.421875 0.812066
vt 0.406250 0.811921
vt 0.406250 0.781178
vt 0.421766 0.842330
vt 0.406250 0.841797
vt 0.390625 0.812066
vt 0.390625 0.781196
vt 0.390734 0.842330
vt 0.421875 0.750000
vt 0.420790 0.871799
vt 0.406250 0.870370
vt 0.391710 0.871799
vt 0.375000 0.875000
vt 0.375000 0.842954
vt 0.375000 0.812211
vt 0.375000 0.781214
vt 0.390625 0.750000
vt 0.375000 0.750000
vt 0.406250 0.750000
vt 0.421766 0.157670
vt 0.421875 0.187934
vt 0.406250 0.188079
vt 0.406250 0.158203
vt 0.421875 0.218804
vt 0.406250 0.218822
vt 0.390625 0.187934
vt 0.390734 0.157670
vt 0.390625 0.218804
vt 0.420790 0.128201
vt 0.421875 0.250000
vt 0.406250 0.250000
vt 0.390625 0.250000
vt 0.375000 0.250000
vt 0.375000 0.218786
vt 0.375000 0.187789
vt 0.375000 0.157046
vt 0.391710 0.128201
vt 0.375000 0.125000
vt 0.406250 0.129630
vt 0.421875 0.406250
vt 0.421875 0.437500
vt 0.406250 0.437500
vt 0.406250 0.406250
vt 0.421875 0.468750
vt 0.406250 0.468750
vt 0.390625 0.437500
vt 0.390625 0.406250
vt 0.390625 0.468750
vt 0.421875 0.375000
vt 0.375000 0.468750
vt 0.375000 0.437500
vt 0.375000 0.406250
vt 0.390625 0.375000
vt 0.375000 0.375000
vt 0.406250 0.375000
vt 0.421875 0.656250
vt 0.421875 0.687500
vt 0.406250 0.687500
vt 0.406250 0.656250
vt 0.421875 0.718750
vt 0.406250 0.718750
vt 0.390625 0.687500
vt 0.390625 0.656250
vt 0.390625 0.718750
vt 0.421875 0.750000
vt 0.406250 0.750000
vt 0.390625 0.750000
vt 0.375000 0.718750
vt 0.375000 0.687500
vt 0.375000 0.656250
vt 0.417752 0.899833
vt 0.413005 0.925224
vt 0.406250 0.915799
vt 0.406250 0.896659
vt 0.406250 0.947531
vt 0.399495 0.925224
vt 0.413005 0.925224
vt 0.394748 0.899833
vt 0.399495 0.925224
vt 0.429688 0.906250
vt 0.421875 0.937500
vt 0.406250 1.000000
vt 0.398438 0.968750
vt 0.414063 0.968750
vt 0.390625 0.937500
vt 0.421875 0.937500
vt 0.391710 0.871799
vt 0.382812 0.906250
vt 0.406250 0.870370
vt 0.406250 0.052469
vt 0.413005 0.074776
vt 0.406250 0.084201
vt 0.399495 0.074776
vt 0.417752 0.100167
vt 0.406250 0.103341
vt 0.413005 0.074776
vt 0.394748 0.100167
vt 0.406250 0.103341
vt 0.406250 0.000000
vt 0.414063 0.031250
vt 0.398438 0.031250
vt 0.421875 0.062500
vt 0.390625 0.062500
vt 0.420790 0.128201
vt 0.429688 0.093750
vt 0.421875 0.062500
vt 0.382812 0.093750
vt 0.391710 0.128201
vt 0.406250 0.129630
vt 0.421875 0.281250
vt 0.421875 0.312500
vt 0.406250 0.312500
vt 0.406250 0.281250
vt 0.421875 0.343750
vt 0.406250 0.343750
vt 0.390625 0.312500
vt 0.390625 0.281250
vt 0.390625 0.343750
vt 0.421875 0.250000
vt 0.375000 0.343750
vt 0.375000 0.312500
vt 0.375000 0.281250
vt 0.390625 0.250000
vt 0.406250 0.250000
vt 0.359266 0.157670
vt 0.359375 0.187934
vt 0.343750 0.188079
vt 0.343750 0.158203
vt 0.359375 0.218804
vt 0.343750 0.218822
vt 0.328125 0.187934
vt 0.328234 0.157670
vt 0.328125 0.218804
vt 0.358290 0.128201
vt 0.359375 0.250000
vt 0.343750 0.250000
vt 0.328125 0.250000
vt 0.312500 0.250000
vt 0.312500 0.218786
vt 0.312500 0.187789
vt 0.312500 0.157046
vt 0.329210 0.128201
vt 0.312500 0.125000
vt 0.343750 0.129630
vt 0.359375 0.406250
vt 0.359375 0.437500
vt 0.343750 0.437500
vt 0.343750 0.406250
vt 0.359375 0.468750
vt 0.343750 0.468750
vt 0.328125 0.437500
vt 0.328125 0.406250
vt 0.328125 0.468750
vt 0.359375 0.375000
vt 0.359375 0.500000
vt 0.343750 0.500000
vt 0.328125 0.500000
vt 0.312500 0.500000
vt 0.312500 0.468750
vt 0.312500 0.437500
vt 0.312500 0.406250
vt 0.328125 0.375000
vt 0.312500 0.375000
vt 0.343750 0.375000
vt 0.359375 0.656250
vt 0.359375 0.687500
vt 0.343750 0.687500
vt 0.343750 0.656250
vt 0.359375 0.718750
vt 0.343750 0.718750
vt 0.328125 0.687500
vt 0.328125 0.656250
vt 0.328125 0.718750
vt 0.359375 0.625000
vt 0.359375 0.750000
vt 0.343750 0.750000
vt 0.328125 0.750000
vt 0.312500 0.750000
vt 0.312500 0.718750
vt 0.312500 0.687500
vt 0.312500 0.656250
vt 0.328125 0.625000
vt 0.312500 0.625000
vt 0.343750 0.625000
vt 0.355252 0.899833
vt 0.350505 0.925224
vt 0.343750 0.915799
vt 0.343750 0.896659
vt 0.343750 0.947531
vt 0.336995 0.925224
vt 0.350505 0.925224
vt 0.332248 0.899833
vt 0.336995 0.925224
vt 0.367188 0.906250
vt 0.358290 0.871799
vt 0.359375 0.937500
vt 0.343750 0.870370
vt 0.343750 1.000000
vt 0.335937 0.968750
vt 0.351562 0.968750
vt 0.328125 0.937500
vt 0.359375 0.937500
vt 0.312500 0.875000
vt 0.329210 0.871799
vt 0.320312 0.906250
vt 0.343750 0.870370
vt 0.328125 0.937500
vt 0.343750 0.052469
vt 0.350505 0.074776
vt 0.343750 0.084201
vt 0.336995 0.074776
vt 0.355252 0.100167
vt 0.343750 0.103341
vt 0.350505 0.074776
vt 0.332248 0.100167
vt 0.336995 0.074776
vt 0.343750 0.103341
vt 0.343750 0.000000
vt 0.351562 0.031250
vt 0.335937 0.031250
vt 0.359375 0.062500
vt 0.328125 0.062500
vt 0.358290 0.128201
vt 0.367188 0.093750
vt 0.343750 0.129630
vt 0.359375 0.062500
vt 0.320312 0.093750
vt 0.329210 0.128201
vt 0.328125 0.062500
vt 0.343750 0.129630
vt 0.359375 0.281250
vt 0.359375 0.312500
vt 0.343750 0.312500
vt 0.343750 0.281250
vt 0.359375 0.343750
vt 0.343750 0.343750
vt 0.328125 0.312500
vt 0.328125 0.281250
vt 0.328125 0.343750
vt 0.359375 0.250000
vt 0.312500 0.343750
vt 0.312500 0.312500
vt 0.312500 0.281250
vt 0.328125 0.250000
vt 0.359375 0.531250
vt 0.359375 0.562500
vt 0.343750 0.562500
vt 0.343750 0.531250
vt 0.359375 0.593750
vt 0.343750 0.593750
vt 0.328125 0.562500
vt 0.328125 0.531250
vt 0.328125 0.593750
vt 0.312500 0.593750
vt 0.312500 0.562500
vt 0.312500 0.531250
vt 0.359375 0.781196
vt 0.359375 0.812066
vt 0.343750 0.811921
vt 0.343750 0.781178
vt 0.359266 0.842330
vt 0.343750 0.841797
vt 0.328125 0.812066
vt 0.328125 0.781196
vt 0.328234 0.842330
vt 0.359375 0.750000
vt 0.329210 0.871799
vt 0.312500 0.842954
vt 0.312500 0.812211
vt 0.312500 0.781214
vt 0.328125 0.750000
vt 0.296875 0.656250
vt 0.296875 0.687500
vt 0.281250 0.687500
vt 0.281250 0.656250
vt 0.296875 0.718750
vt 0.281250 0.718750
vt 0.265625 0.687500
vt 0.265625 0.656250
vt 0.265625 0.718750
vt 0.296875 0.625000
vt 0.296875 0.750000
vt 0.281250 0.750000
vt 0.265625 0.750000
vt 0.250000 0.750000
vt 0.250000 0.718750
vt 0.250000 0.687500
vt 0.250000 0.656250
vt 0.265625 0.625000
vt 0.250000 0.625000
vt 0.281250 0.625000
vt 0.292752 0.899833
vt 0.288005 0.925224
vt 0.281250 0.915799
vt 0.281250 0.896659
vt 0.281250 0.947531
vt 0.274495 0.925224
vt 0.288005 0.925224
vt 0.269748 0.899833
vt 0.274495 0.925224
vt 0.304687 0.906250
vt 0.295790 0.871799
vt 0.296875 0.937500
vt 0.281250 0.870370
vt 0.281250 1.000000
vt 0.273437 0.968750
vt 0.289062 0.968750
vt 0.265625 0.937500
vt 0.296875 0.937500
vt 0.250000 0.875000
vt 0.266710 0.871799
vt 0.257812 0.906250
vt 0.281250 0.870370
vt 0.281250 0.052469
vt 0.288005 0.074776
vt 0.281250 0.084201
vt 0.274495 0.074776
vt 0.292752 0.100167
vt 0.281250 0.103341
vt 0.288005 0.074776
vt 0.269748 0.100167
vt 0.274495 0.074776
vt 0.281250 0.103341
vt 0.281250 0.000000
vt 0.289062 0.031250
vt 0.273437 0.031250
vt 0.296875 0.062500
vt 0.265625 0.062500
vt 0.295790 0.128201
vt 0.304687 0.093750
vt 0.281250 0.129630
vt 0.296875 0.062500
vt 0.250000 0.125000
vt 0.257812 0.093750
vt 0.266710 0.128201
vt 0.281250 0.129630
vt 0.296875 0.281250
vt 0.296875 0.312500
vt 0.281250 0.312500
vt 0.281250 0.281250
vt 0.296875 0.343750
vt 0.281250 0.343750
vt 0.265625 0.312500
vt 0.265625 0.281250
vt 0.265625 0.343750
vt 0.296875 0.250000
vt 0.296875 0.375000
vt 0.281250 0.375000
vt 0.265625 0.375000
vt 0.250000 0.375000
vt 0.250000 0.343750
vt 0.250000 0.312500
vt 0.250000 0.281250
vt 0.265625 0.250000
vt 0.250000 0.250000
vt 0.281250 0.250000
vt 0.296875 0.531250
vt 0.296875 0.562500
vt 0.281250 0.562500
vt 0.281250 0.531250
vt 0.296875 0.593750
vt 0.281250 0.593750
vt 0.265625 0.562500
vt 0.265625 0.531250
vt 0.265625 0.593750
vt 0.296875 0.500000
vt 0.250000 0.593750
vt 0.250000 0.562500
vt 0.250000 0.531250
vt 0.265625 0.500000
vt 0.250000 0.500000
vt 0.281250 0.500000
vt 0.296875 0.781196
vt 0.296875 0.812066
vt 0.281250 0.811921
vt 0.281250 0.781178
vt 0.296766 0.842330
vt 0.281250 0.841797
vt 0.265625 0.812066
vt 0.265625 0.781196
vt 0.265733 0.842330
vt 0.296875 0.750000
vt 0.266710 0.871799
vt 0.250000 0.842954
vt 0.250000 0.812211
vt 0.250000 0.781214
vt 0.265625 0.750000
vt 0.250000 0.750000
vt 0.281250 0.750000
vt 0.296766 0.157670
vt 0.296875 0.187934
vt 0.281250 0.188079
vt 0.281250 0.158203
vt 0.296875 0.218804
vt 0.281250 0.218822
vt 0.265625 0.187934
vt 0.265734 0.157670
vt 0.265625 0.218804
vt 0.296875 0.250000
vt 0.250000 0.250000
vt 0.250000 0.218786
vt 0.250000 0.187789
vt 0.250000 0.157046
vt 0.266710 0.128201
vt 0.296875 0.406250
vt 0.296875 0.437500
vt 0.281250 0.437500
vt 0.281250 0.406250
vt 0.296875 0.468750
vt 0.281250 0.468750
vt 0.265625 0.437500
vt 0.265625 0.406250
vt 0.265625 0.468750
vt 0.250000 0.468750
vt 0.250000 0.437500
vt 0.250000 0.406250
vt 0.218750 0.052469
vt 0.225505 0.074776
vt 0.218750 0.084201
vt 0.211995 0.074776
vt 0.230252 0.100167
vt 0.218750 0.103341
vt 0.225505 0.074776
vt 0.207248 0.100167
vt 0.211995 0.074776
vt 0.218750 0.103341
vt 0.218750 0.000000
vt 0.226562 0.031250
vt 0.210937 0.031250
vt 0.234375 0.062500
vt 0.203125 0.062500
vt 0.233290 0.128201
vt 0.242188 0.093750
vt 0.218750 0.129630
vt 0.187500 0.125000
vt 0.195312 0.093750
vt 0.204210 0.128201
vt 0.203125 0.062500
vt 0.218750 0.129630
vt 0.234375 0.281250
vt 0.234375 0.312500
vt 0.218750 0.312500
vt 0.218750 0.281250
vt 0.234375 0.343750
vt 0.218750 0.343750
vt 0.203125 0.312500
vt 0.203125 0.281250
vt 0.203125 0.343750
vt 0.234375 0.250000
vt 0.234375 0.375000
vt 0.218750 0.375000
vt 0.203125 0.375000
vt 0.187500 0.375000
vt 0.187500 0.343750
vt 0.187500 0.312500
vt 0.187500 0.281250
vt 0.203125 0.250000
vt 0.187500 0.250000
vt 0.218750 0.250000
vt 0.234375 0.531250
vt 0.234375 0.562500
vt 0.218750 0.562500
vt 0.218750 0.531250
vt 0.234375 0.593750
vt 0.218750 0.593750
vt 0.203125 0.562500
vt 0.203125 0.531250
vt 0.203125 0.593750
vt 0.234375 0.500000
vt 0.234375 0.625000
vt 0.218750 0.625000
vt 0.203125 0.625000
vt 0.187500 0.625000
vt 0.187500 0.593750
vt 0.187500 0.562500
vt 0.187500 0.531250
vt 0.203125 0.500000
vt 0.187500 0.500000
vt 0.218750 0.500000
vt 0.234375 0.781196
vt 0.234375 0.812066
vt 0.218750 0.811921
vt 0.218750 0.781178
vt 0.234267 0.842330
vt 0.218750 0.841797
vt 0.203125 0.812066
vt 0.203125 0.781196
vt 0.203234 0.842330
vt 0.234375 0.750000
vt 0.233290 0.871799
vt 0.218750 0.870370
vt 0.204210 0.871799
vt 0.187500 0.875000
vt 0.187500 0.842954
vt 0.187500 0.812211
vt 0.187500 0.781214
vt 0.203125 0.750000
vt 0.187500 0.750000
vt 0.218750 0.750000
vt 0.234267 0.157670
vt 0.234375 0.187934
vt 0.218750 0.188079
vt 0.218750 0.158203
vt 0.234375 0.218804
vt 0.218750 0.218822
vt 0.203125 0.187934
vt 0.203233 0.157670
vt 0.203125 0.218804
vt 0.233290 0.128201
vt 0.234375 0.250000
vt 0.187500 0.218786
vt 0.187500 0.187789
vt 0.187500 0.157046
vt 0.204210 0.128201
vt 0.218750 0.129630
vt 0.234375 0.406250
vt 0.234375 0.437500
vt 0.218750 0.437500
vt 0.218750 0.406250
vt 0.234375 0.468750
vt 0.218750 0.468750
vt 0.203125 0.437500
vt 0.203125 0.406250
vt 0.203125 0.468750
vt 0.187500 0.468750
vt 0.187500 0.437500
vt 0.187500 0.406250
vt 0.234375 0.656250
vt 0.234375 0.687500
vt 0.218750 0.687500
vt 0.218750 0.656250
vt 0.234375 0.718750
vt 0.218750 0.718750
vt 0.203125 0.687500
vt 0.203125 0.656250
vt 0.203125 0.718750
vt 0.234375 0.750000
vt 0.218750 0.750000
vt 0.203125 0.750000
vt 0.187500 0.718750
vt 0.187500 0.687500
vt 0.187500 0.656250
vt 0.230252 0.899833
vt 0.225505 0.925224
vt 0.218750 0.915799
vt 0.218750 0.896659
vt 0.218750 0.947531
vt 0.211995 0.925224
vt 0.225505 0.925224
vt 0.207248 0.899833
vt 0.211995 0.925224
vt 0.242188 0.906250
vt 0.234375 0.937500
vt 0.218750 1.000000
vt 0.210937 0.968750
vt 0.226562 0.968750
vt 0.203125 0.937500
vt 0.204210 0.871799
vt 0.195312 0.906250
vt 0.203125 0.937500
vt 0.171875 0.781196
vt 0.171875 0.812066
vt 0.156250 0.811921
vt 0.156250 0.781178
vt 0.171766 0.842330
vt 0.156250 0.841797
vt 0.140625 0.812066
vt 0.140625 0.781196
vt 0.140733 0.842330
vt 0.171875 0.750000
vt 0.170790 0.871799
vt 0.156250 0.870370
vt 0.141710 0.871799
vt 0.125000 0.875000
vt 0.125000 0.842954
vt 0.125000 0.812211
vt 0.125000 0.781214
vt 0.140625 0.750000
vt 0.125000 0.750000
vt 0.156250 0.750000
vt 0.171766 0.157670
vt 0.171875 0.187934
vt 0.156250 0.188079
vt 0.156250 0.158203
vt 0.171875 0.218804
vt 0.156250 0.218822
vt 0.140625 0.187934
vt 0.140733 0.157670
vt 0.140625 0.218804
vt 0.170790 0.128201
vt 0.171875 0.250000
vt 0.156250 0.250000
vt 0.140625 0.250000
vt 0.125000 0.250000
vt 0.125000 0.218786
vt 0.125000 0.187789
vt 0.125000 0.157046
vt 0.141710 0.128201
vt 0.125000 0.125000
vt 0.156250 0.129630
vt 0.171875 0.406250
vt 0.171875 0.437500
vt 0.156250 0.437500
vt 0.156250 0.406250
vt 0.171875 0.468750
vt 0.156250 0.468750
vt 0.140625 0.437500
vt 0.140625 0.406250
vt 0.140625 0.468750
vt 0.171875 0.375000
vt 0.171875 0.500000
vt 0.156250 0.500000
vt 0.140625 0.500000
vt 0.125000 0.500000
vt 0.125000 0.468750
vt 0.125000 0.437500
vt 0.125000 0.406250
vt 0.140625 0.375000
vt 0.125000 0.375000
vt 0.156250 0.375000
vt 0.171875 0.656250
vt 0.171875 0.687500
vt 0.156250 0.687500
vt 0.156250 0.656250
vt 0.171875 0.718750
vt 0.156250 0.718750
vt 0.140625 0.687500
vt 0.140625 0.656250
vt 0.140625 0.718750
vt 0.171875 0.625000
vt 0.171875 0.750000
vt 0.156250 0.750000
vt 0.140625 0.750000
vt 0.125000 0.750000
vt 0.125000 0.718750
vt 0.125000 0.687500
vt 0.125000 0.656250
vt 0.140625 0.625000
vt 0.125000 0.625000
vt 0.156250 0.625000
vt 0.167752 0.899833
vt 0.163005 0.925224
vt 0.156250 0.915799
vt 0.156250 0.896659
vt 0.156250 0.947531
vt 0.149495 0.925224
vt 0.163005 0.925224
vt 0.144748 0.899833
vt 0.149495 0.925224
vt 0.179687 0.906250
vt 0.171875 0.937500
vt 0.156250 1.000000
vt 0.148437 0.968750
vt 0.164062 0.968750
vt 0.140625 0.937500
vt 0.141710 0.871799
vt 0.132812 0.906250
vt 0.156250 0.052469
vt 0.163005 0.074776
vt 0.156250 0.084201
vt 0.149495 0.074776
vt 0.167752 0.100167
vt 0.156250 0.103341
vt 0.163005 0.074776
vt 0.144748 0.100167
vt 0.149495 0.074776
vt 0.156250 0.103341
vt 0.156250 0.000000
vt 0.164062 0.031250
vt 0.148437 0.031250
vt 0.171875 0.062500
vt 0.140625 0.062500
vt 0.170790 0.128201
vt 0.179687 0.093750
vt 0.132812 0.093750
vt 0.141710 0.128201
vt 0.171875 0.281250
vt 0.171875 0.312500
vt 0.156250 0.312500
vt 0.156250 0.281250
vt 0.171875 0.343750
vt 0.156250 0.343750
vt 0.140625 0.312500
vt 0.140625 0.281250
vt 0.140625 0.343750
vt 0.125000 0.343750
vt 0.125000 0.312500
vt 0.125000 0.281250
vt 0.140625 0.250000
vt 0.156250 0.250000
vt 0.171875 0.531250
vt 0.171875 0.562500
vt 0.156250 0.562500
vt 0.156250 0.531250
vt 0.171875 0.593750
vt 0.156250 0.593750
vt 0.140625 0.562500
vt 0.140625 0.531250
vt 0.140625 0.593750
vt 0.125000 0.593750
vt 0.125000 0.562500
vt 0.125000 0.531250
vt 0.109266 0.157670
vt 0.109375 0.187934
vt 0.093750 0.188079
vt 0.093750 0.158203
vt 0.109375 0.218804
vt 0.093750 0.218822
vt 0.078125 0.187934
vt 0.078233 0.157670
vt 0.078125 0.218804
vt 0.108290 0.128201
vt 0.109375 0.250000
vt 0.093750 0.250000
vt 0.078125 0.250000
vt 0.062500 0.250000
vt 0.062500 0.218786
vt 0.062500 0.187789
vt 0.062500 0.157046
vt 0.079210 0.128201
vt 0.062500 0.125000
vt 0.093750 0.129630
vt 0.109375 0.406250
vt 0.109375 0.437500
vt 0.093750 0.437500
vt 0.093750 0.406250
vt 0.109375 0.468750
vt 0.093750 0.468750
vt 0.078125 0.437500
vt 0.078125 0.406250
vt 0.078125 0.468750
vt 0.109375 0.375000
vt 0.109375 0.500000
vt 0.093750 0.500000
vt 0.078125 0.500000
vt 0.062500 0.500000
vt 0.062500 0.468750
vt 0.062500 0.437500
vt 0.062500 0.406250
vt 0.078125 0.375000
vt 0.062500 0.375000
vt 0.093750 0.375000
vt 0.109375 0.656250
vt 0.109375 0.687500
vt 0.093750 0.687500
vt 0.093750 0.656250
vt 0.109375 0.718750
vt 0.093750 0.718750
vt 0.078125 0.687500
vt 0.078125 0.656250
vt 0.078125 0.718750
vt 0.109375 0.625000
vt 0.109375 0.750000
vt 0.093750 0.750000
vt 0.078125 0.750000
vt 0.062500 0.750000
vt 0.062500 0.718750
vt 0.062500 0.687500
vt 0.062500 0.656250
vt 0.078125 0.625000
vt 0.062500 0.625000
vt 0.093750 0.625000
vt 0.105252 0.899833
vt 0.100505 0.925224
vt 0.093750 0.915799
vt 0.093750 0.896659
vt 0.093750 0.947531
vt 0.086995 0.925224
vt 0.100505 0.925224
vt 0.082248 0.899833
vt 0.093750 0.896659
vt 0.086995 0.925224
vt 0.117187 0.906250
vt 0.108290 0.871799
vt 0.109375 0.937500
vt 0.093750 0.870370
vt 0.093750 1.000000
vt 0.085937 0.968750
vt 0.101562 0.968750
vt 0.078125 0.937500
vt 0.062500 0.875000
vt 0.079210 0.871799
vt 0.070312 0.906250
vt 0.093750 0.870370
vt 0.093750 0.052469
vt 0.100505 0.074776
vt 0.093750 0.084201
vt 0.086995 0.074776
vt 0.105252 0.100167
vt 0.093750 0.103341
vt 0.100505 0.074776
vt 0.082248 0.100167
vt 0.093750 0.103341
vt 0.093750 0.000000
vt 0.101562 0.031250
vt 0.085937 0.031250
vt 0.109375 0.062500
vt 0.078125 0.062500
vt 0.108290 0.128201
vt 0.117187 0.093750
vt 0.093750 0.129630
vt 0.070312 0.093750
vt 0.079210 0.128201
vt 0.109375 0.281250
vt 0.109375 0.312500
vt 0.093750 0.312500
vt 0.093750 0.281250
vt 0.109375 0.343750
vt 0.093750 0.343750
vt 0.078125 0.312500
vt 0.078125 0.281250
vt 0.078125 0.343750
vt 0.109375 0.250000
vt 0.062500 0.343750
vt 0.062500 0.312500
vt 0.062500 0.281250
vt 0.078125 0.250000
vt 0.062500 0.250000
vt 0.093750 0.250000
vt 0.109375 0.531250
vt 0.109375 0.562500
vt 0.093750 0.562500
vt 0.093750 0.531250
vt 0.109375 0.593750
vt 0.093750 0.593750
vt 0.078125 0.562500
vt 0.078125 0.531250
vt 0.078125 0.593750
vt 0.062500 0.593750
vt 0.062500 0.562500
vt 0.062500 0.531250
vt 0.109375 0.781196
vt 0.109375 0.812066
vt 0.093750 0.811921
vt 0.093750 0.781178
vt 0.109266 0.842330
vt 0.093750 0.841797
vt 0.078125 0.812066
vt 0.078125 0.781196
vt 0.078233 0.842330
vt 0.109375 0.750000
vt 0.079210 0.871799
vt 0.062500 0.842954
vt 0.062500 0.812211
vt 0.062500 0.781214
vt 0.078125 0.750000
vt 0.062500 0.750000
vt 0.093750 0.750000
vt 0.042752 0.899833
vt 0.038005 0.925224
vt 0.031250 0.915799
vt 0.031250 0.896659
vt 0.031250 0.947531
vt 0.024495 0.925224
vt 0.038005 0.925224
vt 0.019748 0.899833
vt 0.031250 0.896659
vt 0.024495 0.925224
vt 0.054687 0.906250
vt 0.045790 0.871799
vt 0.046875 0.937500
vt 0.031250 0.870370
vt 0.031250 1.000000
vt 0.023437 0.968750
vt 0.039062 0.968750
vt 0.015625 0.937500
vt 0.000000 0.875000
vt 0.016710 0.871817
vt 0.007812 0.906250
vt 0.015625 0.937500
vt 0.031250 0.052469
vt 0.038005 0.074776
vt 0.031250 0.084201
vt 0.024495 0.074776
vt 0.042752 0.100167
vt 0.031250 0.103341
vt 0.038005 0.074776
vt 0.019748 0.100167
vt 0.031250 0.103341
vt 0.031250 0.000000
vt 0.039062 0.031250
vt 0.023437 0.031250
vt 0.046875 0.062500
vt 0.015625 0.062500
vt 0.045790 0.128201
vt 0.054687 0.093750
vt 0.031250 0.129630
vt 0.000000 0.125000
vt 0.007812 0.093750
vt 0.016710 0.128183
vt 0.015625 0.062500
vt 0.031250 0.129630
vt 0.046875 0.281250
vt 0.046875 0.312500
vt 0.031250 0.312500
vt 0.031250 0.281250
vt 0.046875 0.343750
vt 0.031250 0.343750
vt 0.015625 0.312500
vt 0.015625 0.281250
vt 0.015625 0.343750
vt 0.062500 0.281250
vt 0.046875 0.250000
vt 0.062500 0.312500
vt 0.062500 0.343750
vt 0.062500 0.375000
vt 0.046875 0.375000
vt 0.031250 0.375000
vt 0.015625 0.375000
vt 0.000000 0.375000
vt 0.000000 0.343750
vt 0.000000 0.312500
vt 0.000000 0.281250
vt 0.015625 0.250000
vt 0.000000 0.250000
vt 0.031250 0.250000
vt 0.046875 0.531250
vt 0.046875 0.562500
vt 0.031250 0.562500
vt 0.031250 0.531250
vt 0.046875 0.593750
vt 0.031250 0.593750
vt 0.015625 0.562500
vt 0.015625 0.531250
vt 0.015625 0.593750
vt 0.062500 0.500000
vt 0.046875 0.500000
vt 0.062500 0.562500
vt 0.062500 0.593750
vt 0.062500 0.625000
vt 0.046875 0.625000
vt 0.031250 0.625000
vt 0.015625 0.625000
vt 0.000000 0.625000
vt 0.000000 0.593750
vt 0.000000 0.562500
vt 0.000000 0.531250
vt 0.015625 0.500000
vt 0.000000 0.500000
vt 0.031250 0.500000
vt 0.046875 0.781196
vt 0.046875 0.812066
vt 0.031250 0.811921
vt 0.031250 0.781178
vt 0.046766 0.842330
vt 0.031250 0.841797
vt 0.015625 0.812102
vt 0.015625 0.781200
vt 0.015733 0.842407
vt 0.046875 0.750000
vt 0.016710 0.871817
vt 0.000000 0.843750
vt 0.000000 0.812500
vt 0.000000 0.781250
vt 0.015625 0.750000
vt 0.000000 0.750000
vt 0.031250 0.750000
vt 0.046766 0.157670
vt 0.046875 0.187934
vt 0.031250 0.188079
vt 0.031250 0.158203
vt 0.046875 0.218804
vt 0.031250 0.218822
vt 0.015625 0.187898
vt 0.015733 0.157593
vt 0.015625 0.218800
vt 0.045790 0.128201
vt 0.000000 0.218750
vt 0.000000 0.187500
vt 0.000000 0.156250
vt 0.016710 0.128183
vt 0.046875 0.406250
vt 0.046875 0.437500
vt 0.031250 0.437500
vt 0.031250 0.406250
vt 0.046875 0.468750
vt 0.031250 0.468750
vt 0.015625 0.437500
vt 0.015625 0.406250
vt 0.015625 0.468750
vt 0.062500 0.406250
vt 0.062500 0.437500
vt 0.062500 0.468750
vt 0.000000 0.468750
vt 0.000000 0.437500
vt 0.000000 0.406250
vt 0.046875 0.656250
vt 0.046875 0.687500
vt 0.031250 0.687500
vt 0.031250 0.656250
vt 0.046875 0.718750
vt 0.031250 0.718750
vt 0.015625 0.687500
vt 0.015625 0.656250
vt 0.015625 0.718750
vt 0.062500 0.656250
vt 0.062500 0.687500
vt 0.062500 0.718750
vt 0.000000 0.718750
vt 0.000000 0.687500
vt 0.000000 0.656250
vt 0.984375 0.281250
vt 0.984375 0.312500
vt 0.968750 0.312500
vt 0.968750 0.281250
vt 0.984375 0.343750
vt 0.968750 0.343750
vt 0.953125 0.312500
vt 0.953125 0.281250
vt 0.953125 0.343750
vt 1.000000 0.250000
vt 1.000000 0.281250
vt 0.984375 0.250000
vt 1.000000 0.312500
vt 1.000000 0.343750
vt 1.000000 0.375000
vt 0.984375 0.375000
vt 0.968750 0.375000
vt 0.953125 0.375000
vt 0.937500 0.375000
vt 0.937500 0.343750
vt 0.937500 0.312500
vt 0.937500 0.281250
vt 0.953125 0.250000
vt 0.937500 0.250000
vt 0.968750 0.250000
vt 0.984375 0.531250
vt 0.984375 0.562500
vt 0.968750 0.562500
vt 0.968750 0.531250
vt 0.984375 0.593750
vt 0.968750 0.593750
vt 0.953125 0.562500
vt 0.953125 0.531250
vt 0.953125 0.593750
vt 1.000000 0.500000
vt 1.000000 0.531250
vt 0.984375 0.500000
vt 1.000000 0.562500
vt 1.000000 0.593750
vt 1.000000 0.625000
vt 0.984375 0.625000
vt 0.968750 0.625000
vt 0.953125 0.625000
vt 0.937500 0.625000
vt 0.937500 0.593750
vt 0.937500 0.562500
vt 0.937500 0.531250
vt 0.953125 0.500000
vt 0.937500 0.500000
vt 0.968750 0.500000
vt 0.984375 0.781200
vt 0.984375 0.812102
vt 0.968750 0.811921
vt 0.968750 0.781178
vt 0.984267 0.842407
vt 0.968750 0.841797
vt 0.953125 0.812066
vt 0.953125 0.781196
vt 0.953234 0.842330
vt 1.000000 0.750000
vt 1.000000 0.781250
vt 0.984375 0.750000
vt 1.000000 0.812500
vt 1.000000 0.843750
vt 1.000000 0.875000
vt 0.983290 0.871817
vt 0.968750 0.870370
vt 0.954210 0.871799
vt 0.937500 0.875000
vt 0.937500 0.842954
vt 0.937500 0.812211
vt 0.937500 0.781214
vt 0.953125 0.750000
vt 0.937500 0.750000
vt 0.968750 0.750000
vt 0.984267 0.157593
vt 0.984375 0.187898
vt 0.968750 0.188079
vt 0.968750 0.158203
vt 0.984375 0.218800
vt 0.968750 0.218822
vt 0.953125 0.187934
vt 0.953234 0.157670
vt 0.953125 0.218804
vt 1.000000 0.125000
vt 1.000000 0.156250
vt 0.983290 0.128183
vt 1.000000 0.187500
vt 1.000000 0.218750
vt 0.937500 0.218786
vt 0.937500 0.187789
vt 0.937500 0.157046
vt 0.954210 0.128201
vt 0.937500 0.125000
vt 0.968750 0.129630
vt 0.984375 0.406250
vt 0.984375 0.437500
vt 0.968750 0.437500
vt 0.968750 0.406250
vt 0.984375 0.468750
vt 0.968750 0.468750
vt 0.953125 0.437500
vt 0.953125 0.406250
vt 0.953125 0.468750
vt 1.000000 0.406250
vt 1.000000 0.437500
vt 1.000000 0.468750
vt 0.937500 0.468750
vt 0.937500 0.437500
vt 0.937500 0.406250
vt 0.984375 0.656250
vt 0.984375 0.687500
vt 0.968750 0.687500
vt 0.968750 0.656250
vt 0.984375 0.718750
vt 0.968750 0.718750
vt 0.953125 0.687500
vt 0.953125 0.656250
vt 0.953125 0.718750
vt 1.000000 0.656250
vt 1.000000 0.687500
vt 1.000000 0.718750
vt 0.937500 0.718750
vt 0.937500 0.687500
vt 0.937500 0.656250
vt 0.980252 0.899833
vt 0.975505 0.925224
vt 0.968750 0.915799
vt 0.968750 0.896659
vt 0.968750 0.947531
vt 0.961995 0.925224
vt 0.975505 0.925224
vt 0.957248 0.899833
vt 0.961995 0.925224
vt 0.992188 0.906250
vt 0.984375 0.937500
vt 0.968750 1.000000
vt 0.960938 0.968750
vt 0.976562 0.968750
vt 0.953125 0.937500
vt 0.954210 0.871799
vt 0.945312 0.906250
vt 0.968750 0.870370
vt 0.968750 0.052469
vt 0.975505 0.074776
vt 0.968750 0.084201
vt 0.961995 0.074776
vt 0.980252 0.100167
vt 0.968750 0.103341
vt 0.975505 0.074776
vt 0.957248 0.100167
vt 0.968750 0.103341
vt 0.968750 0.000000
vt 0.976562 0.031250
vt 0.960938 0.031250
vt 0.984375 0.062500
vt 0.953125 0.062500
vt 0.983290 0.128183
vt 0.992188 0.093750
vt 0.945312 0.093750
vt 0.968750 0.129630
vt 0.921766 0.157670
vt 0.921875 0.187934
vt 0.906250 0.188079
vt 0.906250 0.158203
vt 0.921875 0.218804
vt 0.906250 0.218822
vt 0.890625 0.187934
vt 0.890734 0.157670
vt 0.890625 0.218804
vt 0.920790 0.128201
vt 0.921875 0.250000
vt 0.906250 0.250000
vt 0.890625 0.250000
vt 0.875000 0.250000
vt 0.875000 0.218786
vt 0.875000 0.187789
vt 0.875000 0.157046
vt 0.891710 0.128201
vt 0.875000 0.125000
vt 0.906250 0.129630
vt 0.921875 0.406250
vt 0.921875 0.437500
vt 0.906250 0.437500
vt 0.906250 0.406250
vt 0.921875 0.468750
vt 0.906250 0.468750
vt 0.890625 0.437500
vt 0.890625 0.406250
vt 0.890625 0.468750
vt 0.937500 0.375000
vt 0.937500 0.406250
vt 0.921875 0.375000
vt 0.937500 0.437500
vt 0.937500 0.468750
vt 0.937500 0.500000
vt 0.921875 0.500000
vt 0.906250 0.500000
vt 0.890625 0.500000
vt 0.875000 0.500000
vt 0.875000 0.468750
vt 0.875000 0.437500
vt 0.875000 0.406250
vt 0.890625 0.375000
vt 0.875000 0.375000
vt 0.906250 0.375000
vt 0.921875 0.656250
vt 0.921875 0.687500
vt 0.906250 0.687500
vt 0.906250 0.656250
vt 0.921875 0.718750
vt 0.906250 0.718750
vt 0.890625 0.687500
vt 0.890625 0.656250
vt 0.890625 0.718750
vt 0.937500 0.625000
vt 0.937500 0.656250
vt 0.921875 0.625000
vt 0.937500 0.687500
vt 0.937500 0.750000
vt 0.921875 0.750000
vt 0.906250 0.750000
vt 0.890625 0.750000
vt 0.875000 0.750000
vt 0.875000 0.718750
vt 0.875000 0.687500
vt 0.875000 0.656250
vt 0.890625 0.625000
vt 0.875000 0.625000
vt 0.906250 0.625000
vt 0.917752 0.899833
vt 0.913005 0.925224
vt 0.906250 0.915799
vt 0.906250 0.896659
vt 0.906250 0.947531
vt 0.899495 0.925224
vt 0.913005 0.925224
vt 0.894748 0.899833
vt 0.906250 0.896659
vt 0.899495 0.925224
vt 0.929688 0.906250
vt 0.920790 0.871799
vt 0.921875 0.937500
vt 0.906250 0.870370
vt 0.906250 1.000000
vt 0.898438 0.968750
vt 0.914062 0.968750
vt 0.890625 0.937500
vt 0.875000 0.875000
vt 0.891710 0.871799
vt 0.882812 0.906250
vt 0.906250 0.052469
vt 0.913005 0.074776
vt 0.906250 0.084201
vt 0.899495 0.074776
vt 0.917752 0.100167
vt 0.906250 0.103341
vt 0.913005 0.074776
vt 0.894748 0.100167
vt 0.906250 0.103341
vt 0.906250 0.000000
vt 0.914062 0.031250
vt 0.898438 0.031250
vt 0.921875 0.062500
vt 0.890625 0.062500
vt 0.929688 0.093750
vt 0.906250 0.129630
vt 0.882812 0.093750
vt 0.891710 0.128201
vt 0.921875 0.281250
vt 0.921875 0.312500
vt 0.906250 0.312500
vt 0.906250 0.281250
vt 0.921875 0.343750
vt 0.906250 0.343750
vt 0.890625 0.312500
vt 0.890625 0.281250
vt 0.890625 0.343750
vt 0.937500 0.250000
vt 0.937500 0.312500
vt 0.937500 0.343750
vt 0.875000 0.343750
vt 0.875000 0.312500
vt 0.875000 0.281250
vt 0.890625 0.250000
vt 0.875000 0.250000
vt 0.906250 0.250000
vt 0.921875 0.531250
vt 0.921875 0.562500
vt 0.906250 0.562500
vt 0.906250 0.531250
vt 0.921875 0.593750
vt 0.906250 0.593750
vt 0.890625 0.562500
vt 0.890625 0.531250
vt 0.890625 0.593750
vt 0.937500 0.531250
vt 0.937500 0.593750
vt 0.875000 0.593750
vt 0.875000 0.562500
vt 0.875000 0.531250
vt 0.921875 0.781196
vt 0.921875 0.812066
vt 0.906250 0.811921
vt 0.906250 0.781178
vt 0.921767 0.842330
vt 0.906250 0.841797
vt 0.890625 0.812066
vt 0.890625 0.781196
vt 0.890733 0.842330
vt 0.921875 0.750000
vt 0.891710 0.871799
vt 0.875000 0.842954
vt 0.875000 0.812211
vt 0.875000 0.781214
vt 0.890625 0.750000
vt 0.875000 0.750000
vt 0.859375 0.406250
vt 0.859375 0.437500
vt 0.843750 0.437500
vt 0.843750 0.406250
vt 0.859375 0.468750
vt 0.843750 0.468750
vt 0.828125 0.437500
vt 0.828125 0.406250
vt 0.828125 0.468750
vt 0.859375 0.375000
vt 0.859375 0.500000
vt 0.843750 0.500000
vt 0.828125 0.500000
vt 0.812500 0.500000
vt 0.812500 0.468750
vt 0.812500 0.437500
vt 0.812500 0.406250
vt 0.828125 0.375000
vt 0.812500 0.375000
vt 0.843750 0.375000
vt 0.859375 0.656250
vt 0.859375 0.687500
vt 0.843750 0.687500
vt 0.843750 0.656250
vt 0.859375 0.718750
vt 0.843750 0.718750
vt 0.828125 0.687500
vt 0.828125 0.656250
vt 0.828125 0.718750
vt 0.859375 0.625000
vt 0.859375 0.750000
vt 0.843750 0.750000
vt 0.828125 0.750000
vt 0.812500 0.750000
vt 0.812500 0.718750
vt 0.812500 0.687500
vt 0.812500 0.656250
vt 0.828125 0.625000
vt 0.812500 0.625000
vt 0.843750 0.625000
vt 0.855252 0.899833
vt 0.850505 0.925224
vt 0.843750 0.915799
vt 0.843750 0.896659
vt 0.843750 0.947531
vt 0.836995 0.925224
vt 0.850505 0.925224
vt 0.832248 0.899833
vt 0.836995 0.925224
vt 0.867188 0.906250
vt 0.858290 0.871799
vt 0.859375 0.937500
vt 0.843750 0.870370
vt 0.843750 1.000000
vt 0.835937 0.968750
vt 0.851562 0.968750
vt 0.828125 0.937500
vt 0.812500 0.875000
vt 0.829210 0.871799
vt 0.820312 0.906250
vt 0.843750 0.052469
vt 0.850505 0.074776
vt 0.843750 0.084201
vt 0.836995 0.074776
vt 0.855252 0.100167
vt 0.843750 0.103341
vt 0.850505 0.074776
vt 0.832248 0.100167
vt 0.843750 0.103341
vt 0.843750 0.000000
vt 0.851562 0.031250
vt 0.835937 0.031250
vt 0.859375 0.062500
vt 0.828125 0.062500
vt 0.858290 0.128201
vt 0.867188 0.093750
vt 0.843750 0.129630
vt 0.812500 0.125000
vt 0.820312 0.093750
vt 0.829210 0.128201
vt 0.843750 0.129630
vt 0.859375 0.281250
vt 0.859375 0.312500
vt 0.843750 0.312500
vt 0.843750 0.281250
vt 0.859375 0.343750
vt 0.843750 0.343750
vt 0.828125 0.312500
vt 0.828125 0.281250
vt 0.828125 0.343750
vt 0.859375 0.250000
vt 0.812500 0.343750
vt 0.812500 0.312500
vt 0.812500 0.281250
vt 0.828125 0.250000
vt 0.812500 0.250000
vt 0.843750 0.250000
vt 0.859375 0.531250
vt 0.859375 0.562500
vt 0.843750 0.562500
vt 0.843750 0.531250
vt 0.859375 0.593750
vt 0.843750 0.593750
vt 0.828125 0.562500
vt 0.828125 0.531250
vt 0.828125 0.593750
vt 0.812500 0.593750
vt 0.812500 0.562500
vt 0.812500 0.531250
vt 0.859375 0.781196
vt 0.859375 0.812066
vt 0.843750 0.811921
vt 0.843750 0.781178
vt 0.859267 0.842330
vt 0.843750 0.841797
vt 0.828125 0.812066
vt 0.828125 0.781196
vt 0.828233 0.842330
vt 0.859375 0.750000
vt 0.829210 0.871799
vt 0.812500 0.842954
vt 0.812500 0.812211
vt 0.812500 0.781214
vt 0.828125 0.750000
vt 0.843750 0.750000
vt 0.859266 0.157670
vt 0.859375 0.187934
vt 0.843750 0.188079
vt 0.843750 0.158203
vt 0.859375 0.218804
vt 0.843750 0.218822
vt 0.828125 0.187934
vt 0.828233 0.157670
vt 0.828125 0.218804
vt 0.859375 0.250000
vt 0.843750 0.250000
vt 0.828125 0.250000
vt 0.812500 0.250000
vt 0.812500 0.218786
vt 0.812500 0.187789
vt 0.812500 0.157046
vt 0.829210 0.128201
vt 0.781250 0.052469
vt 0.788005 0.074776
vt 0.781250 0.084201
vt 0.774495 0.074776
vt 0.792752 0.100167
vt 0.781250 0.103341
vt 0.788005 0.074776
vt 0.769748 0.100167
vt 0.774495 0.074776
vt 0.781250 0.103341
vt 0.781250 0.000000
vt 0.789062 0.031250
vt 0.773438 0.031250
vt 0.796875 0.062500
vt 0.765625 0.062500
vt 0.795790 0.128201
vt 0.804688 0.093750
vt 0.781250 0.129630
vt 0.796875 0.062500
vt 0.757813 0.093750
vt 0.766710 0.128201
vt 0.781250 0.129630
vt 0.796875 0.281250
vt 0.796875 0.312500
vt 0.781250 0.312500
vt 0.781250 0.281250
vt 0.796875 0.343750
vt 0.781250 0.343750
vt 0.765625 0.312500
vt 0.765625 0.281250
vt 0.765625 0.343750
vt 0.796875 0.250000
vt 0.796875 0.375000
vt 0.781250 0.375000
vt 0.765625 0.375000
vt 0.765625 0.250000
vt 0.781250 0.250000
vt 0.796875 0.531250
vt 0.796875 0.562500
vt 0.781250 0.562500
vt 0.781250 0.531250
vt 0.796875 0.593750
vt 0.781250 0.593750
vt 0.765625 0.562500
vt 0.765625 0.531250
vt 0.765625 0.593750
vt 0.796875 0.500000
vt 0.796875 0.625000
vt 0.781250 0.625000
vt 0.765625 0.625000
vt 0.765625 0.500000
vt 0.781250 0.500000
vt 0.796875 0.781196
vt 0.796875 0.812066
vt 0.781250 0.811921
vt 0.781250 0.781178
vt 0.796766 0.842330
vt 0.781250 0.841797
vt 0.765625 0.812066
vt 0.765625 0.781196
vt 0.765733 0.842330
vt 0.796875 0.750000
vt 0.795790 0.871799
vt 0.781250 0.870370
vt 0.766710 0.871799
vt 0.765625 0.750000
vt 0.781250 0.750000
vt 0.796767 0.157670
vt 0.796875 0.187934
vt 0.781250 0.188079
vt 0.781250 0.158203
vt 0.796875 0.218804
vt 0.781250 0.218822
vt 0.765625 0.187934
vt 0.765734 0.157670
vt 0.765625 0.218804
vt 0.795790 0.128201
vt 0.796875 0.250000
vt 0.781250 0.250000
vt 0.765625 0.250000
vt 0.796875 0.406250
vt 0.796875 0.437500
vt 0.781250 0.437500
vt 0.781250 0.406250
vt 0.796875 0.468750
vt 0.781250 0.468750
vt 0.765625 0.437500
vt 0.765625 0.406250
vt 0.765625 0.468750
vt 0.796875 0.656250
vt 0.796875 0.687500
vt 0.781250 0.687500
vt 0.781250 0.656250
vt 0.796875 0.718750
vt 0.781250 0.718750
vt 0.765625 0.687500
vt 0.765625 0.656250
vt 0.765625 0.718750
vt 0.796875 0.750000
vt 0.781250 0.750000
vt 0.765625 0.750000
vt 0.792752 0.899833
vt 0.788005 0.925224
vt 0.781250 0.915799
vt 0.781250 0.896659
vt 0.781250 0.947531
vt 0.774495 0.925224
vt 0.788005 0.925224
vt 0.769748 0.899833
vt 0.781250 0.896659
vt 0.774495 0.925224
vt 0.804688 0.906250
vt 0.796875 0.937500
vt 0.781250 1.000000
vt 0.773438 0.968750
vt 0.789062 0.968750
vt 0.765625 0.937500
vt 0.796875 0.937500
vt 0.766710 0.871799
vt 0.757812 0.906250
s 1
usemtl Material.001
f 835/1/1 836/2/2 839/3/3 838/4/4
f 836/2/2 837/5/5 840/6/6 839/3/3
f 838/4/4 839/3/3 842/7/7 841/8/8
f 839/3/3 840/6/6 843/9/9 842/7/7
f 1/10/10 720/11/11 835/1/1 141/12/12
f 720/11/11 719/13/13 836/2/2 835/1/1
f 719/13/13 718/14/14 837/5/5 836/2/2
f 718/14/14 113/15/15 736/16/16 837/5/5
f 837/5/5 736/16/16 737/17/17 840/6/6
f 840/6/6 737/17/17 738/18/18 843/9/9
f 843/9/9 738/18/18 6/19/19 124/20/20
f 842/7/7 843/9/9 124/20/20 125/21/21
f 841/8/8 842/7/7 125/21/21 126/22/22
f 139/23/23 841/8/8 126/22/22 7/24/24
f 140/25/25 838/4/4 841/8/8 139/23/23
f 141/12/12 835/1/1 838/4/4 140/25/25
f 845/26/26 846/27/27 844/28/28 850/29/29
f 847/30/30 848/31/31 844/28/28 846/32/27
f 849/33/32 850/29/29 844/28/28 848/34/31
f 112/35/33 717/36/34 845/26/26 741/37/35
f 717/36/34 716/38/36 846/27/27 845/26/26
f 741/37/35 845/26/26 850/29/29 740/39/37
f 62/40/38 730/41/39 847/30/30 715/42/40
f 730/41/39 731/43/41 848/31/31 847/30/30
f 715/42/40 847/30/30 846/32/27 716/38/36
f 5/44/42 739/45/43 849/33/32 732/46/44
f 739/45/43 740/39/37 850/29/29 849/33/32
f 732/46/44 849/33/32 848/34/31 731/43/41
f 852/47/45 853/48/46 851/49/47 857/50/48
f 854/51/49 855/52/50 851/49/47 853/53/46
f 856/54/51 857/50/48 851/49/47 855/55/50
f 61/56/52 729/57/53 852/47/45 735/58/54
f 729/57/53 728/59/55 853/48/46 852/47/45
f 735/58/54 852/47/45 857/50/48 734/60/56
f 4/61/57 142/62/58 854/51/49 727/63/59
f 142/62/58 143/64/60 855/52/50 854/51/49
f 727/63/59 854/51/49 853/53/46 728/65/55
f 11/66/61 733/67/62 856/54/51 144/68/63
f 733/67/62 734/60/56 857/50/48 856/54/51
f 144/68/63 856/54/51 855/55/50 143/69/60
f 858/70/64 859/71/65 862/72/66 861/73/67
f 859/71/65 860/74/68 863/75/69 862/72/66
f 861/73/67 862/72/66 865/76/70 864/77/71
f 862/72/66 863/75/69 866/78/72 865/76/70
f 114/79/73 723/80/74 858/70/64 744/81/75
f 723/80/74 722/82/76 859/71/65 858/70/64
f 722/82/76 721/83/77 860/74/68 859/71/65
f 721/83/77 3/84/78 145/85/79 860/74/68
f 860/74/68 145/85/79 146/86/80 863/75/69
f 863/75/69 146/86/80 147/87/81 866/78/72
f 866/78/72 147/87/81 9/88/82 133/89/83
f 865/76/70 866/78/72 133/89/83 134/90/84
f 864/77/71 865/76/70 134/90/84 135/91/85
f 742/92/86 864/77/71 135/91/85 10/93/87
f 743/94/88 861/73/67 864/77/71 742/92/86
f 744/81/75 858/70/64 861/73/67 743/94/88
f 867/95/89 868/96/90 871/97/91 870/98/92
f 868/96/90 869/99/93 872/100/94 871/97/91
f 870/98/92 871/97/91 874/101/95 873/102/96
f 871/97/91 872/100/94 875/103/97 874/101/95
f 2/104/98 117/105/99 867/95/89 150/106/100
f 117/105/99 116/107/101 868/96/90 867/95/89
f 116/107/101 115/108/102 869/99/93 868/96/90
f 115/108/102 1/10/10 141/12/12 869/99/93
f 869/99/93 141/12/12 140/25/25 872/100/94
f 872/100/94 140/25/25 139/23/23 875/103/97
f 875/103/97 139/23/23 7/24/24 127/109/103
f 874/101/95 875/103/97 127/109/103 128/110/104
f 873/102/96 874/101/95 128/110/104 129/111/105
f 148/112/106 873/102/96 129/111/105 8/113/107
f 149/114/108 870/98/92 873/102/96 148/112/106
f 150/106/100 867/95/89 870/98/92 149/114/108
f 876/115/109 877/116/110 880/117/111 879/118/112
f 877/116/110 878/119/113 881/120/114 880/117/111
f 879/118/112 880/117/111 883/121/115 882/122/116
f 880/117/111 881/120/114 884/123/117 883/121/115
f 113/124/15 705/125/118 876/115/109 736/126/16
f 705/125/118 704/127/119 877/116/110 876/115/109
f 704/127/119 703/128/120 878/119/113 877/116/110
f 703/128/120 112/35/33 741/37/35 878/119/113
f 878/119/113 741/37/35 740/39/37 881/120/114
f 881/120/114 740/39/37 739/129/43 884/123/117
f 884/123/117 739/129/43 5/44/42 121/130/121
f 883/121/115 884/123/117 121/130/121 122/131/122
f 882/122/116 883/121/115 122/131/122 123/132/123
f 738/133/18 882/122/116 123/132/123 6/134/19
f 737/135/17 879/118/112 882/122/116 738/133/18
f 736/126/16 876/115/109 879/118/112 737/135/17
f 885/136/124 886/137/125 889/138/126 888/139/127
f 886/137/125 887/140/128 890/141/129 889/138/126
f 888/139/127 889/138/126 892/142/130 891/143/131
f 889/138/126 890/141/129 893/144/132 892/142/130
f 4/61/57 726/145/133 885/136/124 142/146/58
f 726/145/133 725/147/134 886/137/125 885/136/124
f 725/147/134 724/148/135 887/140/128 886/137/125
f 724/148/135 114/149/73 744/150/75 887/140/128
f 887/140/128 744/150/75 743/151/88 890/141/129
f 890/141/129 743/151/88 742/152/86 893/144/132
f 893/144/132 742/152/86 10/153/87 136/154/136
f 892/142/130 893/144/132 136/154/136 137/155/137
f 891/143/131 892/142/130 137/155/137 138/156/138
f 144/157/63 891/143/131 138/156/138 11/66/61
f 143/64/60 888/139/127 891/143/131 144/157/63
f 142/146/58 885/136/124 888/139/127 143/64/60
f 894/158/139 895/159/140 898/160/141 897/161/142
f 895/159/140 896/162/143 899/163/144 898/160/141
f 897/161/142 898/160/141 901/164/145 900/165/146
f 898/160/141 899/163/144 902/166/147 901/164/145
f 3/84/78 120/167/148 894/158/139 145/85/79
f 120/167/148 119/168/149 895/159/140 894/158/139
f 119/168/149 118/169/150 896/162/143 895/159/140
f 118/169/150 2/104/98 150/106/100 896/162/143
f 896/162/143 150/106/100 149/114/108 899/163/144
f 899/163/144 149/114/108 148/112/106 902/166/147
f 902/166/147 148/112/106 8/113/107 130/170/151
f 901/164/145 902/166/147 130/170/151 131/171/152
f 900/165/146 901/164/145 131/171/152 132/172/153
f 147/87/81 900/165/146 132/172/153 9/88/82
f 146/86/80 897/161/142 900/165/146 147/87/81
f 145/85/79 894/158/139 897/161/142 146/86/80
f 903/173/154 904/174/155 907/175/156 906/176/157
f 904/174/155 905/177/158 908/178/159 907/175/156
f 906/176/157 907/175/156 910/179/160 909/180/161
f 907/175/156 908/178/159 911/181/162 910/179/160
f 10/93/87 135/91/85 903/173/154 171/182/163
f 135/91/85 134/90/84 904/174/155 903/173/154
f 134/90/84 133/89/83 905/177/158 904/174/155
f 133/89/83 9/88/82 172/183/164 905/177/158
f 905/177/158 172/183/164 173/184/165 908/178/159
f 908/178/159 173/184/165 174/185/166 911/181/162
f 911/181/162 174/185/166 16/186/167 163/187/168
f 910/179/160 911/181/162 163/187/168 164/188/169
f 909/180/161 910/179/160 164/188/169 165/189/170
f 169/190/171 909/180/161 165/189/170 17/191/172
f 170/192/173 906/176/157 909/180/161 169/190/171
f 171/182/163 903/173/154 906/176/157 170/192/173
f 912/193/174 913/194/175 916/195/176 915/196/177
f 913/194/175 914/197/178 917/198/179 916/195/176
f 915/196/177 916/195/176 919/199/180 918/200/181
f 916/195/176 917/198/179 920/201/182 919/199/180
f 8/113/107 129/111/105 912/193/174 177/202/183
f 129/111/105 128/110/104 913/194/175 912/193/174
f 128/110/104 127/109/103 914/197/178 913/194/175
f 127/109/103 7/24/24 178/203/184 914/197/178
f 914/197/178 178/203/184 179/204/185 917/198/179
f 917/198/179 179/204/185 180/205/186 920/201/182
f 920/201/182 180/205/186 14/206/187 157/207/188
f 919/199/180 920/201/182 157/207/188 158/208/189
f 918/200/181 919/199/180 158/208/189 159/209/190
f 175/210/191 918/200/181 159/209/190 15/211/192
f 176/212/193 915/196/177 918/200/181 175/210/191
f 177/202/183 912/193/174 915/196/177 176/212/193
f 921/213/194 922/214/195 925/215/196 924/216/197
f 922/214/195 923/217/198 926/218/199 925/215/196
f 924/216/197 925/215/196 928/219/200 927/220/201
f 925/215/196 926/218/199 929/221/202 928/219/200
f 6/134/19 123/132/123 921/213/194 183/222/203
f 123/132/123 122/131/122 922/214/195 921/213/194
f 122/131/122 121/130/121 923/217/198 922/214/195
f 121/130/121 5/44/42 184/223/204 923/217/198
f 923/217/198 184/223/204 185/224/205 926/218/199
f 926/218/199 185/224/205 186/225/206 929/221/202
f 929/221/202 186/225/206 12/226/207 151/227/208
f 928/219/200 929/221/202 151/227/208 152/228/209
f 927/220/201 928/219/200 152/228/209 153/229/210
f 181/230/211 927/220/201 153/229/210 13/231/212
f 182/232/213 924/216/197 927/220/201 181/230/211
f 183/222/203 921/213/194 924/216/197 182/232/213
f 930/233/214 931/234/215 934/235/216 933/236/217
f 931/234/215 932/237/218 935/238/219 934/235/216
f 933/236/217 934/235/216 937/239/220 936/240/221
f 934/235/216 935/238/219 938/241/222 937/239/220
f 11/66/61 138/156/138 930/233/214 189/242/223
f 138/156/138 137/155/137 931/234/215 930/233/214
f 137/155/137 136/154/136 932/237/218 931/234/215
f 136/154/136 10/153/87 171/243/163 932/237/218
f 932/237/218 171/243/163 170/244/173 935/238/219
f 935/238/219 170/244/173 169/245/171 938/241/222
f 938/241/222 169/245/171 17/246/172 166/247/224
f 937/239/220 938/241/222 166/247/224 167/248/225
f 936/240/221 937/239/220 167/248/225 168/249/226
f 187/250/227 936/240/221 168/249/226 18/251/228
f 188/252/229 933/236/217 936/240/221 187/250/227
f 189/242/223 930/233/214 933/236/217 188/252/229
f 939/253/230 940/254/231 943/255/232 942/256/233
f 940/254/231 941/257/234 944/258/235 943/255/232
f 942/256/233 943/255/232 946/259/236 945/260/237
f 943/255/232 944/258/235 947/261/238 946/259/236
f 9/88/82 132/172/153 939/253/230 172/183/164
f 132/172/153 131/171/152 940/254/231 939/253/230
f 131/171/152 130/170/151 941/257/234 940/254/231
f 130/170/151 8/113/107 177/202/183 941/257/234
f 941/257/234 177/202/183 176/212/193 944/258/235
f 944/258/235 176/212/193 175/210/191 947/261/238
f 947/261/238 175/210/191 15/211/192 160/262/239
f 946/259/236 947/261/238 160/262/239 161/263/240
f 945/260/237 946/259/236 161/263/240 162/264/241
f 174/185/166 945/260/237 162/264/241 16/186/167
f 173/184/165 942/256/233 945/260/237 174/185/166
f 172/183/164 939/253/230 942/256/233 173/184/165
f 948/265/242 949/266/243 952/267/244 951/268/245
f 949/266/243 950/269/246 953/270/247 952/267/244
f 951/268/245 952/267/244 955/271/248 954/272/249
f 952/267/244 953/270/247 956/273/250 955/271/248
f 7/24/24 126/22/22 948/265/242 178/203/184
f 126/22/22 125/21/21 949/266/243 948/265/242
f 125/21/21 124/20/20 950/269/246 949/266/243
f 124/20/20 6/19/19 183/274/203 950/269/246
f 950/269/246 183/274/203 182/275/213 953/270/247
f 953/270/247 182/275/213 181/276/211 956/273/250
f 956/273/250 181/276/211 13/277/212 154/278/251
f 955/271/248 956/273/250 154/278/251 155/279/252
f 954/272/249 955/271/248 155/279/252 156/280/253
f 180/205/186 954/272/249 156/280/253 14/206/187
f 179/204/185 951/268/245 954/272/249 180/205/186
f 178/203/184 948/265/242 951/268/245 179/204/185
f 958/281/254 959/282/255 957/283/256 963/284/257
f 960/285/258 961/286/259 957/283/256 959/287/255
f 962/288/260 963/289/257 957/283/256 961/290/259
f 5/44/42 732/291/44 958/281/254 184/223/204
f 732/291/44 731/292/41 959/282/255 958/281/254
f 184/223/204 958/281/254 963/284/257 185/224/205
f 62/293/38 745/294/261 960/285/258 730/295/39
f 745/294/261 746/296/262 961/286/259 960/285/258
f 730/295/39 960/285/258 959/287/255 731/297/41
f 12/226/207 186/298/206 962/288/260 747/299/263
f 186/298/206 185/224/205 963/289/257 962/288/260
f 747/299/263 962/288/260 961/290/259 746/296/262
f 965/300/264 966/301/265 964/302/266 970/303/267
f 967/304/268 968/305/269 964/302/266 966/306/265
f 969/307/270 970/303/267 964/302/266 968/308/269
f 61/309/52 735/310/54 965/300/264 750/311/271
f 735/310/54 734/312/56 966/301/265 965/300/264
f 750/311/271 965/300/264 970/303/267 749/313/272
f 11/66/61 189/314/223 967/304/268 733/315/62
f 189/314/223 188/316/229 968/305/269 967/304/268
f 733/315/62 967/304/268 966/306/265 734/317/56
f 18/251/228 748/318/273 969/307/270 187/319/227
f 748/318/273 749/313/272 970/303/267 969/307/270
f 187/319/227 969/307/270 968/308/269 188/252/229
f 971/320/274 972/321/275 975/322/276 974/323/277
f 972/321/275 973/324/278 976/325/279 975/322/276
f 974/323/277 975/322/276 978/326/280 977/327/281
f 975/322/276 976/325/279 979/328/282 978/326/280
f 18/251/228 168/249/226 971/320/274 210/329/283
f 168/249/226 167/248/225 972/321/275 971/320/274
f 167/248/225 166/247/224 973/324/278 972/321/275
f 166/247/224 17/246/172 211/330/284 973/324/278
f 973/324/278 211/330/284 212/331/285 976/325/279
f 976/325/279 212/331/285 213/332/286 979/328/282
f 979/328/282 213/332/286 24/333/287 205/334/288
f 978/326/280 979/328/282 205/334/288 206/335/289
f 977/327/281 978/326/280 206/335/289 207/336/290
f 208/337/291 977/327/281 207/336/290 25/338/292
f 209/339/293 974/323/277 977/327/281 208/337/291
f 210/329/283 971/320/274 974/323/277 209/339/293
f 980/340/294 981/341/295 984/342/296 983/343/297
f 981/341/295 982/344/298 985/345/299 984/342/296
f 983/343/297 984/342/296 987/346/300 986/347/301
f 984/342/296 985/345/299 988/348/302 987/346/300
f 16/186/167 162/264/241 980/340/294 216/349/303
f 162/264/241 161/263/240 981/341/295 980/340/294
f 161/263/240 160/262/239 982/344/298 981/341/295
f 160/262/239 15/211/192 217/350/304 982/344/298
f 982/344/298 217/350/304 218/351/305 985/345/299
f 985/345/299 218/351/305 219/352/306 988/348/302
f 988/348/302 219/352/306 22/353/307 199/354/308
f 987/346/300 988/348/302 199/354/308 200/355/309
f 986/347/301 987/346/300 200/355/309 201/356/310
f 214/357/311 986/347/301 201/356/310 23/358/312
f 215/359/313 983/343/297 986/347/301 214/357/311
f 216/349/303 980/340/294 983/343/297 215/359/313
f 989/360/314 990/361/315 993/362/316 992/363/317
f 990/361/315 991/364/318 994/365/319 993/362/316
f 992/363/317 993/362/316 996/366/320 995/367/321
f 993/362/316 994/365/319 997/368/322 996/366/320
f 14/206/187 156/280/253 989/360/314 222/369/323
f 156/280/253 155/279/252 990/361/315 989/360/314
f 155/279/252 154/278/251 991/364/318 990/361/315
f 154/278/251 13/277/212 223/370/324 991/364/318
f 991/364/318 223/370/324 224/371/325 994/365/319
f 994/365/319 224/371/325 225/372/326 997/368/322
f 997/368/322 225/372/326 20/373/327 193/374/328
f 996/366/320 997/368/322 193/374/328 194/375/329
f 995/367/321 996/366/320 194/375/329 195/376/330
f 220/377/331 995/367/321 195/376/330 21/378/332
f 221/379/333 992/363/317 995/367/321 220/377/331
f 222/369/323 989/360/314 992/363/317 221/379/333
f 999/380/334 1000/381/335 998/382/336 1004/383/337
f 1001/384/338 1002/385/339 998/382/336 1000/386/335
f 1003/387/340 1004/388/337 998/382/336 1002/389/339
f 12/226/207 747/390/263 999/380/334 228/391/341
f 747/390/263 746/392/262 1000/381/335 999/380/334
f 228/391/341 999/380/334 1004/383/337 227/393/342
f 62/394/38 751/395/343 1001/384/338 745/396/261
f 751/395/343 752/397/344 1002/385/339 1001/384/338
f 745/396/261 1001/384/338 1000/386/335 746/398/262
f 19/399/345 226/400/346 1003/387/340 753/401/347
f 226/400/346 227/402/342 1004/388/337 1003/387/340
f 753/401/347 1003/387/340 1002/389/339 752/403/344
f 1006/404/348 1007/405/349 1005/406/350 1011/407/351
f 1008/408/352 1009/409/353 1005/406/350 1007/410/349
f 1010/411/354 1011/412/351 1005/406/350 1009/413/353
f 61/414/52 750/415/271 1006/404/348 756/416/355
f 750/415/271 749/417/272 1007/405/349 1006/404/348
f 756/416/355 1006/404/348 1011/407/351 755/418/356
f 18/251/228 210/419/283 1008/408/352 748/420/273
f 210/419/283 209/421/293 1009/409/353 1008/408/352
f 748/420/273 1008/408/352 1007/410/349 749/422/272
f 25/338/292 754/423/357 1010/411/354 208/424/291
f 754/423/357 755/425/356 1011/412/351 1010/411/354
f 208/424/291 1010/411/354 1009/413/353 209/421/293
f 1012/426/358 1013/427/359 1016/428/360 1015/429/361
f 1013/427/359 1014/430/362 1017/431/363 1016/428/360
f 1015/429/361 1016/428/360 1019/432/364 1018/433/365
f 1016/428/360 1017/431/363 1020/434/366 1019/432/364
f 17/191/172 165/189/170 1012/426/358 211/330/284
f 165/189/170 164/188/169 1013/427/359 1012/426/358
f 164/188/169 163/187/168 1014/430/362 1013/427/359
f 163/187/168 16/186/167 216/349/303 1014/430/362
f 1014/430/362 216/349/303 215/359/313 1017/431/363
f 1017/431/363 215/359/313 214/357/311 1020/434/366
f 1020/434/366 214/357/311 23/358/312 202/435/367
f 1019/432/364 1020/434/366 202/435/367 203/436/368
f 1018/433/365 1019/432/364 203/436/368 204/437/369
f 213/438/286 1018/433/365 204/437/369 24/439/287
f 212/331/285 1015/429/361 1018/433/365 213/438/286
f 211/330/284 1012/426/358 1015/429/361 212/331/285
f 1021/440/370 1022/441/371 1025/442/372 1024/443/373
f 1022/441/371 1023/444/374 1026/445/375 1025/442/372
f 1024/443/373 1025/442/372 1028/446/376 1027/447/377
f 1025/442/372 1026/445/375 1029/448/378 1028/446/376
f 15/211/192 159/209/190 1021/440/370 217/350/304
f 159/209/190 158/208/189 1022/441/371 1021/440/370
f 158/208/189 157/207/188 1023/444/374 1022/441/371
f 157/207/188 14/206/187 222/369/323 1023/444/374
f 1023/444/374 222/369/323 221/379/333 1026/445/375
f 1026/445/375 221/379/333 220/377/331 1029/448/378
f 1029/448/378 220/377/331 21/378/332 196/449/379
f 1028/446/376 1029/448/378 196/449/379 197/450/380
f 1027/447/377 1028/446/376 197/450/380 198/451/381
f 219/352/306 1027/447/377 198/451/381 22/353/307
f 218/351/305 1024/443/373 1027/447/377 219/352/306
f 217/350/304 1021/440/370 1024/443/373 218/351/305
f 1030/452/382 1031/453/383 1034/454/384 1033/455/385
f 1031/453/383 1032/456/386 1035/457/387 1034/454/384
f 1033/455/385 1034/454/384 1037/458/388 1036/459/389
f 1034/454/384 1035/457/387 1038/460/390 1037/458/388
f 13/231/212 153/229/210 1030/452/382 223/461/324
f 153/229/210 152/228/209 1031/453/383 1030/452/382
f 152/228/209 151/227/208 1032/456/386 1031/453/383
f 151/227/208 12/226/207 228/391/341 1032/456/386
f 1032/456/386 228/391/341 227/393/342 1035/457/387
f 1035/457/387 227/393/342 226/462/346 1038/460/390
f 1038/460/390 226/462/346 19/399/345 190/463/391
f 1037/458/388 1038/460/390 190/463/391 191/464/392
f 1036/459/389 1037/458/388 191/464/392 192/465/393
f 225/466/326 1036/459/389 192/465/393 20/467/327
f 224/468/325 1033/455/385 1036/459/389 225/466/326
f 223/461/324 1030/452/382 1033/455/385 224/468/325
f 1039/469/394 1040/470/395 1043/471/396 1042/472/397
f 1040/470/395 1041/473/398 1044/474/399 1043/471/396
f 1042/472/397 1043/471/396 1046/475/400 1045/476/401
f 1043/471/396 1044/474/399 1047/477/402 1046/475/400
f 23/358/312 201/356/310 1039/469/394 249/478/403
f 201/356/310 200/355/309 1040/470/395 1039/469/394
f 200/355/309 199/354/308 1041/473/398 1040/470/395
f 199/354/308 22/353/307 250/479/404 1041/473/398
f 1041/473/398 250/479/404 251/480/405 1044/474/399
f 1044/474/399 251/480/405 252/481/406 1047/477/402
f 1047/477/402 252/481/406 29/482/407 238/483/408
f 1046/475/400 1047/477/402 238/483/408 239/484/409
f 1045/476/401 1046/475/400 239/484/409 240/485/410
f 247/486/411 1045/476/401 240/485/410 30/487/412
f 248/488/413 1042/472/397 1045/476/401 247/486/411
f 249/478/403 1039/469/394 1042/472/397 248/488/413
f 1048/489/414 1049/490/415 1052/491/416 1051/492/417
f 1049/490/415 1050/493/418 1053/494/419 1052/491/416
f 1051/492/417 1052/491/416 1055/495/420 1054/496/421
f 1052/491/416 1053/494/419 1056/497/422 1055/495/420
f 21/378/332 195/376/330 1048/489/414 255/498/423
f 195/376/330 194/375/329 1049/490/415 1048/489/414
f 194/375/329 193/374/328 1050/493/418 1049/490/415
f 193/374/328 20/373/327 256/499/424 1050/493/418
f 1050/493/418 256/499/424 257/500/425 1053/494/419
f 1053/494/419 257/500/425 258/501/426 1056/497/422
f 1056/497/422 258/501/426 27/502/427 232/503/428
f 1055/495/420 1056/497/422 232/503/428 233/504/429
f 1054/496/421 1055/495/420 233/504/429 234/505/430
f 253/506/431 1054/496/421 234/505/430 28/507/432
f 254/508/433 1051/492/417 1054/496/421 253/506/431
f 255/498/423 1048/489/414 1051/492/417 254/508/433
f 1058/509/434 1059/510/435 1057/511/436 1063/512/437
f 1060/513/438 1061/514/439 1057/511/436 1059/515/435
f 1062/516/440 1063/517/437 1057/511/436 1061/518/439
f 19/399/345 753/519/347 1058/509/434 261/520/441
f 753/519/347 752/521/344 1059/510/435 1058/509/434
f 261/520/441 1058/509/434 1063/512/437 260/522/442
f 62/523/38 757/524/443 1060/513/438 751/525/343
f 757/524/443 758/526/444 1061/514/439 1060/513/438
f 751/525/343 1060/513/438 1059/515/435 752/521/344
f 26/527/445 259/528/446 1062/516/440 759/529/447
f 259/528/446 260/522/442 1063/517/437 1062/516/440
f 759/529/447 1062/516/440 1061/518/439 758/526/444
f 1065/530/448 1066/531/449 1064/532/450 1070/533/451
f 1067/534/452 1068/535/453 1064/532/450 1066/536/449
f 1069/537/454 1070/538/451 1064/532/450 1068/539/453
f 61/540/52 756/541/355 1065/530/448 762/542/455
f 756/541/355 755/543/356 1066/531/449 1065/530/448
f 762/542/455 1065/530/448 1070/533/451 761/544/456
f 25/338/292 262/545/457 1067/534/452 754/546/357
f 262/545/457 263/547/458 1068/535/453 1067/534/452
f 754/546/357 1067/534/452 1066/536/449 755/543/356
f 32/548/459 760/549/460 1069/537/454 264/550/461
f 760/549/460 761/544/456 1070/538/451 1069/537/454
f 264/550/461 1069/537/454 1068/539/453 263/551/458
f 1071/552/462 1072/553/463 1075/554/464 1074/555/465
f 1072/553/463 1073/556/466 1076/557/467 1075/554/464
f 1074/555/465 1075/554/464 1078/558/468 1077/559/469
f 1075/554/464 1076/557/467 1079/560/470 1078/558/468
f 24/439/287 204/437/369 1071/552/462 267/561/471
f 204/437/369 203/436/368 1072/553/463 1071/552/462
f 203/436/368 202/435/367 1073/556/466 1072/553/463
f 202/435/367 23/358/312 249/478/403 1073/556/466
f 1073/556/466 249/478/403 248/488/413 1076/557/467
f 1076/557/467 248/488/413 247/486/411 1079/560/470
f 1079/560/470 247/486/411 30/487/412 241/562/472
f 1078/558/468 1079/560/470 241/562/472 242/563/473
f 1077/559/469 1078/558/468 242/563/473 243/564/474
f 265/565/475 1077/559/469 243/564/474 31/566/476
f 266/567/477 1074/555/465 1077/559/469 265/565/475
f 267/561/471 1071/552/462 1074/555/465 266/567/477
f 1080/568/478 1081/569/479 1084/570/480 1083/571/481
f 1081/569/479 1082/572/482 1085/573/483 1084/570/480
f 1083/571/481 1084/570/480 1087/574/484 1086/575/485
f 1084/570/480 1085/573/483 1088/576/486 1087/574/484
f 22/353/307 198/451/381 1080/568/478 250/479/404
f 198/451/381 197/450/380 1081/569/479 1080/568/478
f 197/450/380 196/449/379 1082/572/482 1081/569/479
f 196/449/379 21/378/332 255/498/423 1082/572/482
f 1082/572/482 255/498/423 254/508/433 1085/573/483
f 1085/573/483 254/508/433 253/506/431 1088/576/486
f 1088/576/486 253/506/431 28/507/432 235/577/487
f 1087/574/484 1088/576/486 235/577/487 236/578/488
f 1086/575/485 1087/574/484 236/578/488 237/579/489
f 252/481/406 1086/575/485 237/579/489 29/482/407
f 251/480/405 1083/571/481 1086/575/485 252/481/406
f 250/479/404 1080/568/478 1083/571/481 251/480/405
f 1089/580/490 1090/581/491 1093/582/492 1092/583/493
f 1090/581/491 1091/584/494 1094/585/495 1093/582/492
f 1092/583/493 1093/582/492 1096/586/496 1095/587/497
f 1093/582/492 1094/585/495 1097/588/498 1096/586/496
f 20/467/327 192/465/393 1089/580/490 256/589/424
f 192/465/393 191/464/392 1090/581/491 1089/580/490
f 191/464/392 190/463/391 1091/584/494 1090/581/491
f 190/463/391 19/399/345 261/520/441 1091/584/494
f 1091/584/494 261/520/441 260/522/442 1094/585/495
f 1094/585/495 260/522/442 259/590/446 1097/588/498
f 1097/588/498 259/590/446 26/527/445 229/591/499
f 1096/586/496 1097/588/498 229/591/499 230/592/500
f 1095/587/497 1096/586/496 230/592/500 231/593/501
f 258/594/426 1095/587/497 231/593/501 27/595/427
f 257/596/425 1092/583/493 1095/587/497 258/594/426
f 256/589/424 1089/580/490 1092/583/493 257/596/425
f 1098/597/502 1099/598/503 1102/599/504 1101/600/505
f 1099/598/503 1100/601/506 1103/602/507 1102/599/504
f 1101/600/505 1102/599/504 1105/603/508 1104/604/509
f 1102/599/504 1103/602/507 1106/605/510 1105/603/508
f 25/338/292 207/336/290 1098/597/502 262/545/457
f 207/336/290 206/335/289 1099/598/503 1098/597/502
f 206/335/289 205/334/288 1100/601/506 1099/598/503
f 205/334/288 24/333/287 267/606/471 1100/601/506
f 1100/601/506 267/606/471 266/607/477 1103/602/507
f 1103/602/507 266/607/477 265/608/475 1106/605/510
f 1106/605/510 265/608/475 31/609/476 244/610/511
f 1105/603/508 1106/605/510 244/610/511 245/611/512
f 1104/604/509 1105/603/508 245/611/512 246/612/513
f 264/613/461 1104/604/509 246/612/513 32/548/459
f 263/547/458 1101/600/505 1104/604/509 264/613/461
f 262/545/457 1098/597/502 1101/600/505 263/547/458
f 1108/614/514 1109/615/515 1107/616/516 1113/617/517
f 1110/618/518 1111/619/519 1107/616/516 1109/620/515
f 1112/621/520 1113/617/517 1107/616/516 1111/622/519
f 61/623/52 762/624/455 1108/614/514 768/625/521
f 762/624/455 761/626/456 1109/615/515 1108/614/514
f 768/625/521 1108/614/514 1113/617/517 767/627/522
f 32/548/459 286/628/523 1110/618/518 760/629/460
f 286/628/523 287/630/524 1111/619/519 1110/618/518
f 760/629/460 1110/618/518 1109/620/515 761/626/456
f 39/631/525 766/632/526 1112/621/520 288/633/527
f 766/632/526 767/627/522 1113/617/517 1112/621/520
f 288/633/527 1112/621/520 1111/622/519 287/634/524
f 1114/635/528 1115/636/529 1118/637/530 1117/638/531
f 1115/636/529 1116/639/532 1119/640/533 1118/637/530
f 1117/638/531 1118/637/530 1121/641/534 1120/642/535
f 1118/637/530 1119/640/533 1122/643/536 1121/641/534
f 31/566/476 243/564/474 1114/635/528 291/644/537
f 243/564/474 242/563/473 1115/636/529 1114/635/528
f 242/563/473 241/562/472 1116/639/532 1115/636/529
f 241/562/472 30/487/412 292/645/538 1116/639/532
f 1116/639/532 292/645/538 293/646/539 1119/640/533
f 1119/640/533 293/646/539 294/647/540 1122/643/536
f 1122/643/536 294/647/540 37/648/541 280/649/542
f 1121/641/534 1122/643/536 280/649/542 281/650/543
f 1120/642/535 1121/641/534 281/650/543 282/651/544
f 289/652/545 1120/642/535 282/651/544 38/653/546
f 290/654/547 1117/638/531 1120/642/535 289/652/545
f 291/644/537 1114/635/528 1117/638/531 290/654/547
f 1123/655/548 1124/656/549 1127/657/550 1126/658/551
f 1124/656/549 1125/659/552 1128/660/553 1127/657/550
f 1126/658/551 1127/657/550 1130/661/554 1129/662/555
f 1127/657/550 1128/660/553 1131/663/556 1130/661/554
f 29/482/407 237/579/489 1123/655/548 297/664/557
f 237/579/489 236/578/488 1124/656/549 1123/655/548
f 236/578/488 235/577/487 1125/659/552 1124/656/549
f 235/577/487 28/507/432 298/665/558 1125/659/552
f 1125/659/552 298/665/558 299/666/559 1128/660/553
f 1128/660/553 299/666/559 300/667/560 1131/663/556
f 1131/663/556 300/667/560 35/668/561 274/669/562
f 1130/661/554 1131/663/556 274/669/562 275/670/563
f 1129/662/555 1130/661/554 275/670/563 276/671/564
f 295/672/565 1129/662/555 276/671/564 36/673/566
f 296/674/567 1126/658/551 1129/662/555 295/672/565
f 297/664/557 1123/655/548 1126/658/551 296/674/567
f 1132/675/568 1133/676/569 1136/677/570 1135/678/571
f 1133/676/569 1134/679/572 1137/680/573 1136/677/570
f 1135/678/571 1136/677/570 1139/681/574 1138/682/575
f 1136/677/570 1137/680/573 1140/683/576 1139/681/574
f 27/595/427 231/593/501 1132/675/568 303/684/577
f 231/593/501 230/592/500 1133/676/569 1132/675/568
f 230/592/500 229/591/499 1134/679/572 1133/676/569
f 229/591/499 26/527/445 304/685/578 1134/679/572
f 1134/679/572 304/685/578 305/686/579 1137/680/573
f 1137/680/573 305/686/579 306/687/580 1140/683/576
f 1140/683/576 306/687/580 33/688/581 268/689/582
f 1139/681/574 1140/683/576 268/689/582 269/690/583
f 1138/682/575 1139/681/574 269/690/583 270/691/584
f 301/692/585 1138/682/575 270/691/584 34/693/586
f 302/694/587 1135/678/571 1138/682/575 301/692/585
f 303/684/577 1132/675/568 1135/678/571 302/694/587
f 1141/695/588 1142/696/589 1145/697/590 1144/698/591
f 1142/696/589 1143/699/592 1146/700/593 1145/697/590
f 1144/698/591 1145/697/590 1148/701/594 1147/702/595
f 1145/697/590 1146/700/593 1149/703/596 1148/701/594
f 32/548/459 246/612/513 1141/695/588 286/704/523
f 246/612/513 245/611/512 1142/696/589 1141/695/588
f 245/611/512 244/610/511 1143/699/592 1142/696/589
f 244/610/511 31/609/476 291/705/537 1143/699/592
f 1143/699/592 291/705/537 290/654/547 1146/700/593
f 1146/700/593 290/654/547 289/706/545 1149/703/596
f 1149/703/596 289/706/545 38/653/546 283/707/597
f 1148/701/594 1149/703/596 283/707/597 284/708/598
f 1147/702/595 1148/701/594 284/708/598 285/709/599
f 288/710/527 1147/702/595 285/709/599 39/631/525
f 287/711/524 1144/698/591 1147/702/595 288/710/527
f 286/704/523 1141/695/588 1144/698/591 287/711/524
f 1150/712/600 1151/713/601 1154/714/602 1153/715/603
f 1151/713/601 1152/716/604 1155/717/605 1154/714/602
f 1153/715/603 1154/714/602 1157/718/606 1156/719/607
f 1154/714/602 1155/717/605 1158/720/608 1157/718/606
f 30/487/412 240/485/410 1150/712/600 292/645/538
f 240/485/410 239/484/409 1151/713/601 1150/712/600
f 239/484/409 238/483/408 1152/716/604 1151/713/601
f 238/483/408 29/482/407 297/664/557 1152/716/604
f 1152/716/604 297/664/557 296/674/567 1155/717/605
f 1155/717/605 296/674/567 295/672/565 1158/720/608
f 1158/720/608 295/672/565 36/673/566 277/721/609
f 1157/718/606 1158/720/608 277/721/609 278/722/610
f 1156/719/607 1157/718/606 278/722/610 279/723/611
f 294/647/540 1156/719/607 279/723/611 37/648/541
f 293/646/539 1153/715/603 1156/719/607 294/647/540
f 292/645/538 1150/712/600 1153/715/603 293/646/539
f 1159/724/612 1160/725/613 1163/726/614 1162/727/615
f 1160/725/613 1161/728/616 1164/729/617 1163/726/614
f 1162/727/615 1163/726/614 1166/730/618 1165/731/619
f 1163/726/614 1164/729/617 1167/732/620 1166/730/618
f 28/507/432 234/505/430 1159/724/612 298/665/558
f 234/505/430 233/504/429 1160/725/613 1159/724/612
f 233/504/429 232/503/428 1161/728/616 1160/725/613
f 232/503/428 27/502/427 303/733/577 1161/728/616
f 1161/728/616 303/733/577 302/734/587 1164/729/617
f 1164/729/617 302/734/587 301/735/585 1167/732/620
f 1167/732/620 301/735/585 34/736/586 271/737/621
f 1166/730/618 1167/732/620 271/737/621 272/738/622
f 1165/731/619 1166/730/618 272/738/622 273/739/623
f 300/667/560 1165/731/619 273/739/623 35/668/561
f 299/666/559 1162/727/615 1165/731/619 300/667/560
f 298/665/558 1159/724/612 1162/727/615 299/666/559
f 1169/740/624 1170/741/625 1168/742/626 1174/743/627
f 1171/744/628 1172/745/629 1168/742/626 1170/746/625
f 1173/747/630 1174/743/627 1168/742/626 1172/748/629
f 26/527/445 759/749/447 1169/740/624 304/685/578
f 759/749/447 758/750/444 1170/741/625 1169/740/624
f 304/685/578 1169/740/624 1174/743/627 305/686/579
f 62/751/38 763/752/631 1171/744/628 757/753/443
f 763/752/631 764/754/632 1172/745/629 1171/744/628
f 757/753/443 1171/744/628 1170/746/625 758/750/444
f 33/688/581 306/755/580 1173/747/630 765/756/633
f 306/755/580 305/686/579 1174/743/627 1173/747/630
f 765/756/633 1173/747/630 1172/748/629 764/754/632
f 1175/757/634 1176/758/635 1179/759/636 1178/760/637
f 1176/758/635 1177/761/638 1180/762/639 1179/759/636
f 1178/760/637 1179/759/636 1182/763/640 1181/764/641
f 1179/759/636 1180/762/639 1183/765/642 1182/763/640
f 36/673/566 276/671/564 1175/757/634 327/766/643
f 276/671/564 275/670/563 1176/758/635 1175/757/634
f 275/670/563 274/669/562 1177/761/638 1176/758/635
f 274/669/562 35/668/561 328/767/644 1177/761/638
f 1177/761/638 328/767/644 329/768/645 1180/762/639
f 1180/762/639 329/768/645 330/769/646 1183/765/642
f 1183/765/642 330/769/646 42/770/647 313/771/648
f 1182/763/640 1183/765/642 313/771/648 314/772/649
f 1181/764/641 1182/763/640 314/772/649 315/773/650
f 325/774/651 1181/764/641 315/773/650 43/775/652
f 326/776/653 1178/760/637 1181/764/641 325/774/651
f 327/766/643 1175/757/634 1178/760/637 326/776/653
f 1184/777/654 1185/778/655 1188/779/656 1187/780/657
f 1185/778/655 1186/781/658 1189/782/659 1188/779/656
f 1187/780/657 1188/779/656 1191/783/660 1190/784/661
f 1188/779/656 1189/782/659 1192/785/662 1191/783/660
f 34/693/586 270/691/584 1184/777/654 333/786/663
f 270/691/584 269/690/583 1185/778/655 1184/777/654
f 269/690/583 268/689/582 1186/781/658 1185/778/655
f 268/689/582 33/688/581 334/787/664 1186/781/658
f 1186/781/658 334/787/664 335/788/665 1189/782/659
f 1189/782/659 335/788/665 336/789/666 1192/785/662
f 1192/785/662 336/789/666 40/790/667 307/791/668
f 1191/783/660 1192/785/662 307/791/668 308/792/669
f 1190/784/661 1191/783/660 308/792/669 309/793/670
f 331/794/671 1190/784/661 309/793/670 41/795/672
f 332/796/673 1187/780/657 1190/784/661 331/794/671
f 333/786/663 1184/777/654 1187/780/657 332/796/673
f 1193/797/674 1194/798/675 1197/799/676 1196/800/677
f 1194/798/675 1195/801/678 1198/802/679 1197/799/676
f 1196/800/677 1197/799/676 1200/803/680 1199/804/681
f 1197/799/676 1198/802/679 1201/805/682 1200/803/680
f 39/631/525 285/709/599 1193/797/674 339/806/683
f 285/709/599 284/708/598 1194/798/675 1193/797/674
f 284/708/598 283/707/597 1195/801/678 1194/798/675
f 283/707/597 38/653/546 340/807/684 1195/801/678
f 1195/801/678 340/807/684 341/808/685 1198/802/679
f 1198/802/679 341/808/685 342/809/686 1201/805/682
f 1201/805/682 342/809/686 45/810/687 322/811/688
f 1200/803/680 1201/805/682 322/811/688 323/812/689
f 1199/804/681 1200/803/680 323/812/689 324/813/690
f 337/814/691 1199/804/681 324/813/690 46/815/692
f 338/816/693 1196/800/677 1199/804/681 337/814/691
f 339/806/683 1193/797/674 1196/800/677 338/816/693
f 1202/817/694 1203/818/695 1206/819/696 1205/820/697
f 1203/818/695 1204/821/698 1207/822/699 1206/819/696
f 1205/820/697 1206/819/696 1209/823/700 1208/824/701
f 1206/819/696 1207/822/699 1210/825/702 1209/823/700
f 37/648/541 279/723/611 1202/817/694 345/826/703
f 279/723/611 278/722/610 1203/818/695 1202/817/694
f 278/722/610 277/721/609 1204/821/698 1203/818/695
f 277/721/609 36/673/566 327/766/643 1204/821/698
f 1204/821/698 327/766/643 326/776/653 1207/822/699
f 1207/822/699 326/776/653 325/774/651 1210/825/702
f 1210/825/702 325/774/651 43/775/652 316/827/704
f 1209/823/700 1210/825/702 316/827/704 317/828/705
f 1208/824/701 1209/823/700 317/828/705 318/829/706
f 343/830/707 1208/824/701 318/829/706 44/831/708
f 344/832/709 1205/820/697 1208/824/701 343/830/707
f 345/826/703 1202/817/694 1205/820/697 344/832/709
f 1211/833/710 1212/834/711 1215/835/712 1214/836/713
f 1212/834/711 1213/837/714 1216/838/715 1215/835/712
f 1214/836/713 1215/835/712 1218/839/716 1217/840/717
f 1215/835/712 1216/838/715 1219/841/718 1218/839/716
f 35/668/561 273/739/623 1211/833/710 328/767/644
f 273/739/623 272/738/622 1212/834/711 1211/833/710
f 272/738/622 271/737/621 1213/837/714 1212/834/711
f 271/737/621 34/736/586 333/842/663 1213/837/714
f 1213/837/714 333/842/663 332/843/673 1216/838/715
f 1216/838/715 332/843/673 331/844/671 1219/841/718
f 1219/841/718 331/844/671 41/795/672 310/845/719
f 1218/839/716 1219/841/718 310/845/719 311/846/720
f 1217/840/717 1218/839/716 311/846/720 312/847/721
f 330/769/646 1217/840/717 312/847/721 42/770/647
f 329/768/645 1214/836/713 1217/840/717 330/769/646
f 328/767/644 1211/833/710 1214/836/713 329/768/645
f 1221/848/722 1222/849/723 1220/850/724 1226/851/725
f 1223/852/726 1224/853/727 1220/850/724 1222/854/723
f 1225/855/728 1226/851/725 1220/850/724 1224/856/727
f 33/688/581 765/857/633 1221/848/722 334/787/664
f 765/857/633 764/858/632 1222/849/723 1221/848/722
f 334/787/664 1221/848/722 1226/851/725 335/788/665
f 62/859/38 769/860/729 1223/852/726 763/861/631
f 769/860/729 770/862/730 1224/853/727 1223/852/726
f 763/861/631 1223/852/726 1222/854/723 764/863/632
f 40/790/667 336/864/666 1225/855/728 771/865/731
f 336/864/666 335/866/665 1226/851/725 1225/855/728
f 771/865/731 1225/855/728 1224/856/727 770/862/730
f 1228/867/732 1229/868/733 1227/869/734 1233/870/735
f 1230/871/736 1231/872/737 1227/869/734 1229/873/733
f 1232/874/738 1233/870/735 1227/869/734 1231/875/737
f 61/876/52 768/877/521 1228/867/732 774/878/739
f 768/877/521 767/879/522 1229/868/733 1228/867/732
f 774/878/739 1228/867/732 1233/870/735 773/880/740
f 39/631/525 339/881/683 1230/871/736 766/882/526
f 339/881/683 338/816/693 1231/872/737 1230/871/736
f 766/882/526 1230/871/736 1229/873/733 767/883/522
f 46/815/692 772/884/741 1232/874/738 337/885/691
f 772/884/741 773/880/740 1233/870/735 1232/874/738
f 337/885/691 1232/874/738 1231/875/737 338/886/693
f 1234/887/742 1235/888/743 1238/889/744 1237/890/745
f 1235/888/743 1236/891/746 1239/892/747 1238/889/744
f 1237/890/745 1238/889/744 1241/893/748 1240/894/749
f 1238/889/744 1239/892/747 1242/895/750 1241/893/748
f 38/653/546 282/651/544 1234/887/742 340/896/684
f 282/651/544 281/650/543 1235/888/743 1234/887/742
f 281/650/543 280/649/542 1236/891/746 1235/888/743
f 280/649/542 37/648/541 345/826/703 1236/891/746
f 1236/891/746 345/826/703 344/832/709 1239/892/747
f 1239/892/747 344/832/709 343/830/707 1242/895/750
f 1242/895/750 343/830/707 44/831/708 319/897/751
f 1241/893/748 1242/895/750 319/897/751 320/898/752
f 1240/894/749 1241/893/748 320/898/752 321/899/753
f 342/900/686 1240/894/749 321/899/753 45/810/687
f 341/901/685 1237/890/745 1240/894/749 342/900/686
f 340/896/684 1234/887/742 1237/890/745 341/901/685
f 1243/902/754 1244/903/755 1247/904/756 1246/905/757
f 1244/903/755 1245/906/758 1248/907/759 1247/904/756
f 1246/905/757 1247/904/756 1250/908/760 1249/909/761
f 1247/904/756 1248/907/759 1251/910/762 1250/908/760
f 46/815/692 324/813/690 1243/902/754 366/911/763
f 324/813/690 323/812/689 1244/903/755 1243/902/754
f 323/812/689 322/811/688 1245/906/758 1244/903/755
f 322/811/688 45/810/687 367/912/764 1245/906/758
f 1245/906/758 367/912/764 368/913/765 1248/907/759
f 1248/907/759 368/913/765 369/914/766 1251/910/762
f 1251/910/762 369/914/766 52/915/767 361/916/768
f 1250/908/760 1251/910/762 361/916/768 362/917/769
f 1249/909/761 1250/908/760 362/917/769 363/918/770
f 364/919/771 1249/909/761 363/918/770 53/920/772
f 365/921/773 1246/905/757 1249/909/761 364/919/771
f 366/911/763 1243/902/754 1246/905/757 365/921/773
f 1252/922/774 1253/923/775 1256/924/776 1255/925/777
f 1253/923/775 1254/926/778 1257/927/779 1256/924/776
f 1255/925/777 1256/924/776 1259/928/780 1258/929/781
f 1256/924/776 1257/927/779 1260/930/782 1259/928/780
f 44/831/708 318/829/706 1252/922/774 372/931/783
f 318/829/706 317/828/705 1253/923/775 1252/922/774
f 317/828/705 316/827/704 1254/926/778 1253/923/775
f 316/827/704 43/775/652 373/932/784 1254/926/778
f 1254/926/778 373/932/784 374/933/785 1257/927/779
f 1257/927/779 374/933/785 375/934/786 1260/930/782
f 1260/930/782 375/934/786 50/935/787 355/936/788
f 1259/928/780 1260/930/782 355/936/788 356/937/789
f 1258/929/781 1259/928/780 356/937/789 357/938/790
f 370/939/791 1258/929/781 357/938/790 51/940/792
f 371/941/793 1255/925/777 1258/929/781 370/939/791
f 372/931/783 1252/922/774 1255/925/777 371/941/793
f 1261/942/794 1262/943/795 1265/944/796 1264/945/797
f 1262/943/795 1263/946/798 1266/947/799 1265/944/796
f 1264/945/797 1265/944/796 1268/948/800 1267/949/801
f 1265/944/796 1266/947/799 1269/950/802 1268/948/800
f 42/770/647 312/847/721 1261/942/794 378/951/803
f 312/847/721 311/846/720 1262/943/795 1261/942/794
f 311/846/720 310/845/719 1263/946/798 1262/943/795
f 310/845/719 41/795/672 379/952/804 1263/946/798
f 1263/946/798 379/952/804 380/953/805 1266/947/799
f 1266/947/799 380/953/805 381/954/806 1269/950/802
f 1269/950/802 381/954/806 48/955/807 349/956/808
f 1268/948/800 1269/950/802 349/956/808 350/957/809
f 1267/949/801 1268/948/800 350/957/809 351/958/810
f 376/959/811 1267/949/801 351/958/810 49/960/812
f 377/961/813 1264/945/797 1267/949/801 376/959/811
f 378/951/803 1261/942/794 1264/945/797 377/961/813
f 1271/962/814 1272/963/815 1270/964/816 1276/965/817
f 1273/966/818 1274/967/819 1270/964/816 1272/968/815
f 1275/969/820 1276/965/817 1270/964/816 1274/970/819
f 40/790/667 771/971/731 1271/962/814 384/972/821
f 771/971/731 770/973/730 1272/963/815 1271/962/814
f 384/972/821 1271/962/814 1276/965/817 383/974/822
f 62/975/38 775/976/823 1273/966/818 769/977/729
f 775/976/823 776/978/824 1274/967/819 1273/966/818
f 769/977/729 1273/966/818 1272/968/815 770/979/730
f 47/980/825 382/981/826 1275/969/820 777/982/827
f 382/981/826 383/983/822 1276/965/817 1275/969/820
f 777/982/827 1275/969/820 1274/970/819 776/984/824
f 1278/985/828 1279/986/829 1277/987/830 1283/988/831
f 1280/989/832 1281/990/833 1277/987/830 1279/991/829
f 1282/992/834 1283/993/831 1277/987/830 1281/994/833
f 61/995/52 774/996/739 1278/985/828 780/997/835
f 774/996/739 773/998/740 1279/986/829 1278/985/828
f 780/997/835 1278/985/828 1283/988/831 779/999/836
f 46/815/692 366/1000/763 1280/989/832 772/1001/741
f 366/1000/763 365/1002/773 1281/990/833 1280/989/832
f 772/1001/741 1280/989/832 1279/991/829 773/1003/740
f 53/920/772 778/1004/837 1282/992/834 364/1005/771
f 778/1004/837 779/1006/836 1283/993/831 1282/992/834
f 364/1005/771 1282/992/834 1281/994/833 365/1007/773
f 1284/1008/838 1285/1009/839 1288/1010/840 1287/1011/841
f 1285/1009/839 1286/1012/842 1289/1013/843 1288/1010/840
f 1287/1011/841 1288/1010/840 1291/1014/844 1290/1015/845
f 1288/1010/840 1289/1013/843 1292/1016/846 1291/1014/844
f 45/810/687 321/899/753 1284/1008/838 367/1017/764
f 321/899/753 320/898/752 1285/1009/839 1284/1008/838
f 320/898/752 319/897/751 1286/1012/842 1285/1009/839
f 319/897/751 44/831/708 372/931/783 1286/1012/842
f 1286/1012/842 372/931/783 371/941/793 1289/1013/843
f 1289/1013/843 371/941/793 370/939/791 1292/1016/846
f 1292/1016/846 370/939/791 51/940/792 358/1018/847
f 1291/1014/844 1292/1016/846 358/1018/847 359/1019/848
f 1290/1015/845 1291/1014/844 359/1019/848 360/1020/849
f 369/1021/766 1290/1015/845 360/1020/849 52/915/767
f 368/913/765 1287/1011/841 1290/1015/845 369/1021/766
f 367/1017/764 1284/1008/838 1287/1011/841 368/913/765
f 1293/1022/850 1294/1023/851 1297/1024/852 1296/1025/853
f 1294/1023/851 1295/1026/854 1298/1027/855 1297/1024/852
f 1296/1025/853 1297/1024/852 1300/1028/856 1299/1029/857
f 1297/1024/852 1298/1027/855 1301/1030/858 1300/1028/856
f 43/775/652 315/773/650 1293/1022/850 373/932/784
f 315/773/650 314/772/649 1294/1023/851 1293/1022/850
f 314/772/649 313/771/648 1295/1026/854 1294/1023/851
f 313/771/648 42/770/647 378/951/803 1295/1026/854
f 1295/1026/854 378/951/803 377/961/813 1298/1027/855
f 1298/1027/855 377/961/813 376/959/811 1301/1030/858
f 1301/1030/858 376/959/811 49/960/812 352/1031/859
f 1300/1028/856 1301/1030/858 352/1031/859 353/1032/860
f 1299/1029/857 1300/1028/856 353/1032/860 354/1033/861
f 375/934/786 1299/1029/857 354/1033/861 50/935/787
f 374/933/785 1296/1025/853 1299/1029/857 375/934/786
f 373/932/784 1293/1022/850 1296/1025/853 374/933/785
f 1302/1034/862 1303/1035/863 1306/1036/864 1305/1037/865
f 1303/1035/863 1304/1038/866 1307/1039/867 1306/1036/864
f 1305/1037/865 1306/1036/864 1309/1040/868 1308/1041/869
f 1306/1036/864 1307/1039/867 1310/1042/870 1309/1040/868
f 41/795/672 309/793/670 1302/1034/862 379/1043/804
f 309/793/670 308/792/669 1303/1035/863 1302/1034/862
f 308/792/669 307/791/668 1304/1038/866 1303/1035/863
f 307/791/668 40/790/667 384/972/821 1304/1038/866
f 1304/1038/866 384/972/821 383/974/822 1307/1039/867
f 1307/1039/867 383/974/822 382/1044/826 1310/1042/870
f 1310/1042/870 382/1044/826 47/980/825 346/1045/871
f 1309/1040/868 1310/1042/870 346/1045/871 347/1046/872
f 1308/1041/869 1309/1040/868 347/1046/872 348/1047/873
f 381/1048/806 1308/1041/869 348/1047/873 48/955/807
f 380/953/805 1305/1037/865 1308/1041/869 381/1048/806
f 379/1043/804 1302/1034/862 1305/1037/865 380/953/805
f 1311/1049/874 1312/1050/875 1315/1051/876 1314/1052/877
f 1312/1050/875 1313/1053/878 1316/1054/879 1315/1051/876
f 1314/1052/877 1315/1051/876 1318/1055/880 1317/1056/881
f 1315/1051/876 1316/1054/879 1319/1057/882 1318/1055/880
f 49/960/812 351/958/810 1311/1049/874 408/1058/883
f 351/958/810 350/957/809 1312/1050/875 1311/1049/874
f 350/957/809 349/956/808 1313/1053/878 1312/1050/875
f 349/956/808 48/955/807 409/1059/884 1313/1053/878
f 1313/1053/878 409/1059/884 410/1060/885 1316/1054/879
f 1316/1054/879 410/1060/885 411/1061/886 1319/1057/882
f 1319/1057/882 411/1061/886 55/1062/887 388/1063/888
f 1318/1055/880 1319/1057/882 388/1063/888 389/1064/889
f 1317/1056/881 1318/1055/880 389/1064/889 390/1065/890
f 406/1066/891 1317/1056/881 390/1065/890 56/1067/892
f 407/1068/893 1314/1052/877 1317/1056/881 406/1066/891
f 408/1058/883 1311/1049/874 1314/1052/877 407/1068/893
f 1321/1069/894 1322/1070/895 1320/1071/896 1326/1072/897
f 1323/1073/898 1324/1074/899 1320/1071/896 1322/1075/895
f 1325/1076/900 1326/1072/897 1320/1071/896 1324/1077/899
f 47/980/825 777/1078/827 1321/1069/894 414/1079/901
f 777/1078/827 776/1080/824 1322/1070/895 1321/1069/894
f 414/1079/901 1321/1069/894 1326/1072/897 413/1081/902
f 62/1082/38 781/1083/903 1323/1073/898 775/1084/823
f 781/1083/903 782/1085/904 1324/1074/899 1323/1073/898
f 775/1084/823 1323/1073/898 1322/1075/895 776/1086/824
f 54/1087/905 412/1088/906 1325/1076/900 783/1089/907
f 412/1088/906 413/1090/902 1326/1072/897 1325/1076/900
f 783/1089/907 1325/1076/900 1324/1077/899 782/1085/904
f 1328/1091/908 1329/1092/909 1327/1093/910 1333/1094/911
f 1330/1095/912 1331/1096/913 1327/1093/910 1329/1097/909
f 1332/1098/914 1333/1099/911 1327/1093/910 1331/1100/913
f 61/1101/52 780/1102/835 1328/1091/908 405/1103/915
f 780/1102/835 779/1104/836 1329/1092/909 1328/1091/908
f 405/1103/915 1328/1091/908 1333/1094/911 404/1105/916
f 53/920/772 415/1106/917 1330/1095/912 778/1107/837
f 415/1106/917 416/1108/918 1331/1096/913 1330/1095/912
f 778/1107/837 1330/1095/912 1329/1097/909 779/1109/836
f 60/1110/919 403/1111/920 1332/1098/914 417/1112/921
f 403/1111/920 404/1105/916 1333/1099/911 1332/1098/914
f 417/1112/921 1332/1098/914 1331/1100/913 416/1113/918
f 1334/1114/922 1335/1115/923 1338/1116/924 1337/1117/925
f 1335/1115/923 1336/1118/926 1339/1119/927 1338/1116/924
f 1337/1117/925 1338/1116/924 1341/1120/928 1340/1121/929
f 1338/1116/924 1339/1119/927 1342/1122/930 1341/1120/928
f 52/915/767 360/1020/849 1334/1114/922 420/1123/931
f 360/1020/849 359/1019/848 1335/1115/923 1334/1114/922
f 359/1019/848 358/1018/847 1336/1118/926 1335/1115/923
f 358/1018/847 51/940/792 421/1124/932 1336/1118/926
f 1336/1118/926 421/1124/932 422/1125/933 1339/1119/927
f 1339/1119/927 422/1125/933 423/1126/934 1342/1122/930
f 1342/1122/930 423/1126/934 58/1127/935 397/1128/936
f 1341/1120/928 1342/1122/930 397/1128/936 398/1129/937
f 1340/1121/929 1341/1120/928 398/1129/937 399/1130/938
f 418/1131/939 1340/1121/929 399/1130/938 59/1132/940
f 419/1133/941 1337/1117/925 1340/1121/929 418/1131/939
f 420/1123/931 1334/1114/922 1337/1117/925 419/1133/941
f 1343/1134/942 1344/1135/943 1347/1136/944 1346/1137/945
f 1344/1135/943 1345/1138/946 1348/1139/947 1347/1136/944
f 1346/1137/945 1347/1136/944 1350/1140/948 1349/1141/949
f 1347/1136/944 1348/1139/947 1351/1142/950 1350/1140/948
f 50/935/787 354/1033/861 1343/1134/942 426/1143/951
f 354/1033/861 353/1032/860 1344/1135/943 1343/1134/942
f 353/1032/860 352/1031/859 1345/1138/946 1344/1135/943
f 352/1031/859 49/960/812 408/1058/883 1345/1138/946
f 1345/1138/946 408/1058/883 407/1068/893 1348/1139/947
f 1348/1139/947 407/1068/893 406/1066/891 1351/1142/950
f 1351/1142/950 406/1066/891 56/1067/892 391/1144/952
f 1350/1140/948 1351/1142/950 391/1144/952 392/1145/953
f 1349/1141/949 1350/1140/948 392/1145/953 393/1146/954
f 424/1147/955 1349/1141/949 393/1146/954 57/1148/956
f 425/1149/957 1346/1137/945 1349/1141/949 424/1147/955
f 426/1143/951 1343/1134/942 1346/1137/945 425/1149/957
f 1352/1150/958 1353/1151/959 1356/1152/960 1355/1153/961
f 1353/1151/959 1354/1154/962 1357/1155/963 1356/1152/960
f 1355/1153/961 1356/1152/960 1359/1156/964 1358/1157/965
f 1356/1152/960 1357/1155/963 1360/1158/966 1359/1156/964
f 48/955/807 348/1047/873 1352/1150/958 409/1159/884
f 348/1047/873 347/1046/872 1353/1151/959 1352/1150/958
f 347/1046/872 346/1045/871 1354/1154/962 1353/1151/959
f 346/1045/871 47/980/825 414/1079/901 1354/1154/962
f 1354/1154/962 414/1079/901 413/1081/902 1357/1155/963
f 1357/1155/963 413/1081/902 412/1160/906 1360/1158/966
f 1360/1158/966 412/1160/906 54/1087/905 385/1161/967
f 1359/1156/964 1360/1158/966 385/1161/967 386/1162/968
f 1358/1157/965 1359/1156/964 386/1162/968 387/1163/969
f 411/1164/886 1358/1157/965 387/1163/969 55/1165/887
f 410/1166/885 1355/1153/961 1358/1157/965 411/1164/886
f 409/1159/884 1352/1150/958 1355/1153/961 410/1166/885
f 1361/1167/970 1362/1168/971 1365/1169/972 1364/1170/973
f 1362/1168/971 1363/1171/974 1366/1172/975 1365/1169/972
f 1364/1170/973 1365/1169/972 1368/1173/976 1367/1174/977
f 1365/1169/972 1366/1172/975 1369/1175/978 1368/1173/976
f 53/920/772 363/918/770 1361/1167/970 415/1106/917
f 363/918/770 362/917/769 1362/1168/971 1361/1167/970
f 362/917/769 361/916/768 1363/1171/974 1362/1168/971
f 361/916/768 52/915/767 420/1176/931 1363/1171/974
f 1363/1171/974 420/1176/931 419/1133/941 1366/1172/975
f 1366/1172/975 419/1133/941 418/1131/939 1369/1175/978
f 1369/1175/978 418/1131/939 59/1177/940 400/1178/979
f 1368/1173/976 1369/1175/978 400/1178/979 401/1179/980
f 1367/1174/977 1368/1173/976 401/1179/980 402/1180/981
f 417/1181/921 1367/1174/977 402/1180/981 60/1110/919
f 416/1108/918 1364/1170/973 1367/1174/977 417/1181/921
f 415/1106/917 1361/1167/970 1364/1170/973 416/1108/918
f 1370/1182/982 1371/1183/983 1374/1184/984 1373/1185/985
f 1371/1183/983 1372/1186/986 1375/1187/987 1374/1184/984
f 1373/1185/985 1374/1184/984 1377/1188/988 1376/1189/989
f 1374/1184/984 1375/1187/987 1378/1190/990 1377/1188/988
f 51/940/792 357/938/790 1370/1182/982 421/1124/932
f 357/938/790 356/937/789 1371/1183/983 1370/1182/982
f 356/937/789 355/936/788 1372/1186/986 1371/1183/983
f 355/936/788 50/935/787 426/1143/951 1372/1186/986
f 1372/1186/986 426/1143/951 425/1149/957 1375/1187/987
f 1375/1187/987 425/1149/957 424/1147/955 1378/1190/990
f 1378/1190/990 424/1147/955 57/1148/956 394/1191/991
f 1377/1188/988 1378/1190/990 394/1191/991 395/1192/992
f 1376/1189/989 1377/1188/988 395/1192/992 396/1193/993
f 423/1126/934 1376/1189/989 396/1193/993 58/1127/935
f 422/1125/933 1373/1185/985 1376/1189/989 423/1126/934
f 421/1124/932 1370/1182/982 1373/1185/985 422/1125/933
f 1380/1194/994 1381/1195/995 1379/1196/996 1385/1197/997
f 1382/1198/998 1383/1199/999 1379/1196/996 1381/1200/995
f 1384/1201/1000 1385/1202/997 1379/1196/996 1383/1203/999
f 61/1204/52 405/1205/915 1380/1194/994 786/1206/1001
f 405/1205/915 404/1207/916 1381/1195/995 1380/1194/994
f 786/1206/1001 1380/1194/994 1385/1197/997 785/1208/1002
f 60/1110/919 448/1209/1003 1382/1198/998 403/1210/920
f 448/1209/1003 449/1211/1004 1383/1199/999 1382/1198/998
f 403/1210/920 1382/1198/998 1381/1200/995 404/1207/916
f 69/1212/1005 784/1213/1006 1384/1201/1000 450/1214/1007
f 784/1213/1006 785/1215/1002 1385/1202/997 1384/1201/1000
f 450/1214/1007 1384/1201/1000 1383/1203/999 449/1216/1004
f 1386/1217/1008 1387/1218/1009 1390/1219/1010 1389/1220/1011
f 1387/1218/1009 1388/1221/1012 1391/1222/1013 1390/1219/1010
f 1389/1220/1011 1390/1219/1010 1393/1223/1014 1392/1224/1015
f 1390/1219/1010 1391/1222/1013 1394/1225/1016 1393/1223/1014
f 59/1132/940 399/1130/938 1386/1217/1008 453/1226/1017
f 399/1130/938 398/1129/937 1387/1218/1009 1386/1217/1008
f 398/1129/937 397/1128/936 1388/1221/1012 1387/1218/1009
f 397/1128/936 58/1127/935 454/1227/1018 1388/1221/1012
f 1388/1221/1012 454/1227/1018 455/1228/1019 1391/1222/1013
f 1391/1222/1013 455/1228/1019 456/1229/1020 1394/1225/1016
f 1394/1225/1016 456/1229/1020 67/1230/1021 442/1231/1022
f 1393/1223/1014 1394/1225/1016 442/1231/1022 443/1232/1023
f 1392/1224/1015 1393/1223/1014 443/1232/1023 444/1233/1024
f 451/1234/1025 1392/1224/1015 444/1233/1024 68/1235/1026
f 452/1236/1027 1389/1220/1011 1392/1224/1015 451/1234/1025
f 453/1226/1017 1386/1217/1008 1389/1220/1011 452/1236/1027
f 1395/1237/1028 1396/1238/1029 1399/1239/1030 1398/1240/1031
f 1396/1238/1029 1397/1241/1032 1400/1242/1033 1399/1239/1030
f 1398/1240/1031 1399/1239/1030 1402/1243/1034 1401/1244/1035
f 1399/1239/1030 1400/1242/1033 1403/1245/1036 1402/1243/1034
f 57/1148/956 393/1146/954 1395/1237/1028 459/1246/1037
f 393/1146/954 392/1145/953 1396/1238/1029 1395/1237/1028
f 392/1145/953 391/1144/952 1397/1241/1032 1396/1238/1029
f 391/1144/952 56/1067/892 460/1247/1038 1397/1241/1032
f 1397/1241/1032 460/1247/1038 461/1248/1039 1400/1242/1033
f 1400/1242/1033 461/1248/1039 462/1249/1040 1403/1245/1036
f 1403/1245/1036 462/1249/1040 65/1250/1041 436/1251/1042
f 1402/1243/1034 1403/1245/1036 436/1251/1042 437/1252/1043
f 1401/1244/1035 1402/1243/1034 437/1252/1043 438/1253/1044
f 457/1254/1045 1401/1244/1035 438/1253/1044 66/1255/1046
f 458/1256/1047 1398/1240/1031 1401/1244/1035 457/1254/1045
f 459/1246/1037 1395/1237/1028 1398/1240/1031 458/1256/1047
f 1404/1257/1048 1405/1258/1049 1408/1259/1050 1407/1260/1051
f 1405/1258/1049 1406/1261/1052 1409/1262/1053 1408/1259/1050
f 1407/1260/1051 1408/1259/1050 1411/1263/1054 1410/1264/1055
f 1408/1259/1050 1409/1262/1053 1412/1265/1056 1411/1263/1054
f 55/1165/887 387/1163/969 1404/1257/1048 465/1266/1057
f 387/1163/969 386/1162/968 1405/1258/1049 1404/1257/1048
f 386/1162/968 385/1161/967 1406/1261/1052 1405/1258/1049
f 385/1161/967 54/1087/905 466/1267/1058 1406/1261/1052
f 1406/1261/1052 466/1267/1058 467/1268/1059 1409/1262/1053
f 1409/1262/1053 467/1268/1059 468/1269/1060 1412/1265/1056
f 1412/1265/1056 468/1269/1060 63/1270/1061 430/1271/1062
f 1411/1263/1054 1412/1265/1056 430/1271/1062 431/1272/1063
f 1410/1264/1055 1411/1263/1054 431/1272/1063 432/1273/1064
f 463/1274/1065 1410/1264/1055 432/1273/1064 64/1275/1066
f 464/1276/1067 1407/1260/1051 1410/1264/1055 463/1274/1065
f 465/1266/1057 1404/1257/1048 1407/1260/1051 464/1276/1067
f 1413/1277/1068 1414/1278/1069 1417/1279/1070 1416/1280/1071
f 1414/1278/1069 1415/1281/1072 1418/1282/1073 1417/1279/1070
f 1416/1280/1071 1417/1279/1070 1420/1283/1074 1419/1284/1075
f 1417/1279/1070 1418/1282/1073 1421/1285/1076 1420/1283/1074
f 60/1110/919 402/1180/981 1413/1277/1068 448/1286/1003
f 402/1180/981 401/1179/980 1414/1278/1069 1413/1277/1068
f 401/1179/980 400/1178/979 1415/1281/1072 1414/1278/1069
f 400/1178/979 59/1177/940 453/1287/1017 1415/1281/1072
f 1415/1281/1072 453/1287/1017 452/1236/1027 1418/1282/1073
f 1418/1282/1073 452/1236/1027 451/1234/1025 1421/1285/1076
f 1421/1285/1076 451/1234/1025 68/1235/1026 445/1288/1077
f 1420/1283/1074 1421/1285/1076 445/1288/1077 446/1289/1078
f 1419/1284/1075 1420/1283/1074 446/1289/1078 447/1290/1079
f 450/1291/1007 1419/1284/1075 447/1290/1079 69/1212/1005
f 449/1292/1004 1416/1280/1071 1419/1284/1075 450/1291/1007
f 448/1286/1003 1413/1277/1068 1416/1280/1071 449/1292/1004
f 1422/1293/1080 1423/1294/1081 1426/1295/1082 1425/1296/1083
f 1423/1294/1081 1424/1297/1084 1427/1298/1085 1426/1295/1082
f 1425/1296/1083 1426/1295/1082 1429/1299/1086 1428/1300/1087
f 1426/1295/1082 1427/1298/1085 1430/1301/1088 1429/1299/1086
f 58/1127/935 396/1193/993 1422/1293/1080 454/1227/1018
f 396/1193/993 395/1192/992 1423/1294/1081 1422/1293/1080
f 395/1192/992 394/1191/991 1424/1297/1084 1423/1294/1081
f 394/1191/991 57/1148/956 459/1246/1037 1424/1297/1084
f 1424/1297/1084 459/1246/1037 458/1256/1047 1427/1298/1085
f 1427/1298/1085 458/1256/1047 457/1254/1045 1430/1301/1088
f 1430/1301/1088 457/1254/1045 66/1255/1046 439/1302/1089
f 1429/1299/1086 1430/1301/1088 439/1302/1089 440/1303/1090
f 1428/1300/1087 1429/1299/1086 440/1303/1090 441/1304/1091
f 456/1229/1020 1428/1300/1087 441/1304/1091 67/1230/1021
f 455/1228/1019 1425/1296/1083 1428/1300/1087 456/1229/1020
f 454/1227/1018 1422/1293/1080 1425/1296/1083 455/1228/1019
f 1431/1305/1092 1432/1306/1093 1435/1307/1094 1434/1308/1095
f 1432/1306/1093 1433/1309/1096 1436/1310/1097 1435/1307/1094
f 1434/1308/1095 1435/1307/1094 1438/1311/1098 1437/1312/1099
f 1435/1307/1094 1436/1310/1097 1439/1313/1100 1438/1311/1098
f 56/1067/892 390/1065/890 1431/1305/1092 460/1247/1038
f 390/1065/890 389/1064/889 1432/1306/1093 1431/1305/1092
f 389/1064/889 388/1063/888 1433/1309/1096 1432/1306/1093
f 388/1063/888 55/1062/887 465/1314/1057 1433/1309/1096
f 1433/1309/1096 465/1314/1057 464/1315/1067 1436/1310/1097
f 1436/1310/1097 464/1315/1067 463/1316/1065 1439/1313/1100
f 1439/1313/1100 463/1316/1065 64/1275/1066 433/1317/1101
f 1438/1311/1098 1439/1313/1100 433/1317/1101 434/1318/1102
f 1437/1312/1099 1438/1311/1098 434/1318/1102 435/1319/1103
f 462/1249/1040 1437/1312/1099 435/1319/1103 65/1250/1041
f 461/1248/1039 1434/1308/1095 1437/1312/1099 462/1249/1040
f 460/1247/1038 1431/1305/1092 1434/1308/1095 461/1248/1039
f 1441/1320/1104 1442/1321/1105 1440/1322/1106 1446/1323/1107
f 1443/1324/1108 1444/1325/1109 1440/1322/1106 1442/1326/1105
f 1445/1327/1110 1446/1323/1107 1440/1322/1106 1444/1328/1109
f 54/1087/905 783/1329/907 1441/1320/1104 466/1267/1058
f 783/1329/907 782/1330/904 1442/1321/1105 1441/1320/1104
f 466/1267/1058 1441/1320/1104 1446/1323/1107 467/1268/1059
f 62/1331/38 427/1332/1111 1443/1324/1108 781/1333/903
f 427/1332/1111 428/1334/1112 1444/1325/1109 1443/1324/1108
f 781/1333/903 1443/1324/1108 1442/1326/1105 782/1330/904
f 63/1270/1061 468/1335/1060 1445/1327/1110 429/1336/1113
f 468/1335/1060 467/1268/1059 1446/1323/1107 1445/1327/1110
f 429/1336/1113 1445/1327/1110 1444/1328/1109 428/1337/1112
f 1447/1338/1114 1448/1339/1115 1451/1340/1116 1450/1341/1117
f 1448/1339/1115 1449/1342/1118 1452/1343/1119 1451/1340/1116
f 1450/1341/1117 1451/1340/1116 1454/1344/1120 1453/1345/1121
f 1451/1340/1116 1452/1343/1119 1455/1346/1122 1454/1344/1120
f 64/1275/1066 432/1273/1064 1447/1338/1114 489/1347/1123
f 432/1273/1064 431/1272/1063 1448/1339/1115 1447/1338/1114
f 431/1272/1063 430/1271/1062 1449/1342/1118 1448/1339/1115
f 430/1271/1062 63/1270/1061 490/1348/1124 1449/1342/1118
f 1449/1342/1118 490/1348/1124 491/1349/1125 1452/1343/1119
f 1452/1343/1119 491/1349/1125 492/1350/1126 1455/1346/1122
f 1455/1346/1122 492/1350/1126 70/1351/1127 469/1352/1128
f 1454/1344/1120 1455/1346/1122 469/1352/1128 470/1353/1129
f 1453/1345/1121 1454/1344/1120 470/1353/1129 471/1354/1130
f 487/1355/1131 1453/1345/1121 471/1354/1130 71/1356/1132
f 488/1357/1133 1450/1341/1117 1453/1345/1121 487/1355/1131
f 489/1347/1123 1447/1338/1114 1450/1341/1117 488/1357/1133
f 1456/1358/1134 1457/1359/1135 1460/1360/1136 1459/1361/1137
f 1457/1359/1135 1458/1362/1138 1461/1363/1139 1460/1360/1136
f 1459/1361/1137 1460/1360/1136 1463/1364/1140 1462/1365/1141
f 1460/1360/1136 1461/1363/1139 1464/1366/1142 1463/1364/1140
f 69/1212/1005 447/1290/1079 1456/1358/1134 495/1367/1143
f 447/1290/1079 446/1289/1078 1457/1359/1135 1456/1358/1134
f 446/1289/1078 445/1288/1077 1458/1362/1138 1457/1359/1135
f 445/1288/1077 68/1235/1026 496/1368/1144 1458/1362/1138
f 1458/1362/1138 496/1368/1144 497/1369/1145 1461/1363/1139
f 1461/1363/1139 497/1369/1145 498/1370/1146 1464/1366/1142
f 1464/1366/1142 498/1370/1146 75/1371/1147 484/1372/1148
f 1463/1364/1140 1464/1366/1142 484/1372/1148 485/1373/1149
f 1462/1365/1141 1463/1364/1140 485/1373/1149 486/1374/1150
f 493/1375/1151 1462/1365/1141 486/1374/1150 76/1376/1152
f 494/1377/1153 1459/1361/1137 1462/1365/1141 493/1375/1151
f 495/1367/1143 1456/1358/1134 1459/1361/1137 494/1377/1153
f 1465/1378/1154 1466/1379/1155 1469/1380/1156 1468/1381/1157
f 1466/1379/1155 1467/1382/1158 1470/1383/1159 1469/1380/1156
f 1468/1381/1157 1469/1380/1156 1472/1384/1160 1471/1385/1161
f 1469/1380/1156 1470/1383/1159 1473/1386/1162 1472/1384/1160
f 67/1230/1021 441/1304/1091 1465/1378/1154 501/1387/1163
f 441/1304/1091 440/1303/1090 1466/1379/1155 1465/1378/1154
f 440/1303/1090 439/1302/1089 1467/1382/1158 1466/1379/1155
f 439/1302/1089 66/1255/1046 502/1388/1164 1467/1382/1158
f 1467/1382/1158 502/1388/1164 503/1389/1165 1470/1383/1159
f 1470/1383/1159 503/1389/1165 504/1390/1166 1473/1386/1162
f 1473/1386/1162 504/1390/1166 73/1391/1167 478/1392/1168
f 1472/1384/1160 1473/1386/1162 478/1392/1168 479/1393/1169
f 1471/1385/1161 1472/1384/1160 479/1393/1169 480/1394/1170
f 499/1395/1171 1471/1385/1161 480/1394/1170 74/1396/1172
f 500/1397/1173 1468/1381/1157 1471/1385/1161 499/1395/1171
f 501/1387/1163 1465/1378/1154 1468/1381/1157 500/1397/1173
f 1474/1398/1174 1475/1399/1175 1478/1400/1176 1477/1401/1177
f 1475/1399/1175 1476/1402/1178 1479/1403/1179 1478/1400/1176
f 1477/1401/1177 1478/1400/1176 1481/1404/1180 1480/1405/1181
f 1478/1400/1176 1479/1403/1179 1482/1406/1182 1481/1404/1180
f 65/1250/1041 435/1319/1103 1474/1398/1174 507/1407/1183
f 435/1319/1103 434/1318/1102 1475/1399/1175 1474/1398/1174
f 434/1318/1102 433/1317/1101 1476/1402/1178 1475/1399/1175
f 433/1317/1101 64/1275/1066 489/1408/1123 1476/1402/1178
f 1476/1402/1178 489/1408/1123 488/1409/1133 1479/1403/1179
f 1479/1403/1179 488/1409/1133 487/1410/1131 1482/1406/1182
f 1482/1406/1182 487/1410/1131 71/1411/1132 472/1412/1184
f 1481/1404/1180 1482/1406/1182 472/1412/1184 473/1413/1185
f 1480/1405/1181 1481/1404/1180 473/1413/1185 474/1414/1186
f 505/1415/1187 1480/1405/1181 474/1414/1186 72/1416/1188
f 506/1417/1189 1477/1401/1177 1480/1405/1181 505/1415/1187
f 507/1407/1183 1474/1398/1174 1477/1401/1177 506/1417/1189
f 1484/1418/1190 1485/1419/1191 1483/1420/1192 1489/1421/1193
f 1486/1422/1194 1487/1423/1195 1483/1420/1192 1485/1424/1191
f 1488/1425/1196 1489/1421/1193 1483/1420/1192 1487/1426/1195
f 63/1270/1061 429/1427/1113 1484/1418/1190 490/1348/1124
f 429/1427/1113 428/1428/1112 1485/1419/1191 1484/1418/1190
f 490/1348/1124 1484/1418/1190 1489/1421/1193 491/1349/1125
f 62/1429/38 787/1430/1197 1486/1422/1194 427/1431/1111
f 787/1430/1197 788/1432/1198 1487/1423/1195 1486/1422/1194
f 427/1431/1111 1486/1422/1194 1485/1424/1191 428/1428/1112
f 70/1351/1127 492/1433/1126 1488/1425/1196 789/1434/1199
f 492/1433/1126 491/1349/1125 1489/1421/1193 1488/1425/1196
f 789/1434/1199 1488/1425/1196 1487/1426/1195 788/1432/1198
f 1491/1435/1200 1492/1436/1201 1490/1437/1202 1496/1438/1203
f 1493/1439/1204 1494/1440/1205 1490/1437/1202 1492/1441/1201
f 1495/1442/1206 1496/1443/1203 1490/1437/1202 1494/1444/1205
f 61/1445/52 786/1446/1001 1491/1435/1200 792/1447/1207
f 786/1446/1001 785/1448/1002 1492/1436/1201 1491/1435/1200
f 792/1447/1207 1491/1435/1200 1496/1438/1203 791/1449/1208
f 69/1212/1005 495/1450/1143 1493/1439/1204 784/1451/1006
f 495/1450/1143 494/1377/1153 1494/1440/1205 1493/1439/1204
f 784/1451/1006 1493/1439/1204 1492/1441/1201 785/1448/1002
f 76/1376/1152 790/1452/1209 1495/1442/1206 493/1453/1151
f 790/1452/1209 791/1449/1208 1496/1443/1203 1495/1442/1206
f 493/1453/1151 1495/1442/1206 1494/1444/1205 494/1377/1153
f 1497/1454/1210 1498/1455/1211 1501/1456/1212 1500/1457/1213
f 1498/1455/1211 1499/1458/1214 1502/1459/1215 1501/1456/1212
f 1500/1457/1213 1501/1456/1212 1504/1460/1216 1503/1461/1217
f 1501/1456/1212 1502/1459/1215 1505/1462/1218 1504/1460/1216
f 68/1235/1026 444/1233/1024 1497/1454/1210 496/1368/1144
f 444/1233/1024 443/1232/1023 1498/1455/1211 1497/1454/1210
f 443/1232/1023 442/1231/1022 1499/1458/1214 1498/1455/1211
f 442/1231/1022 67/1230/1021 501/1387/1163 1499/1458/1214
f 1499/1458/1214 501/1387/1163 500/1397/1173 1502/1459/1215
f 1502/1459/1215 500/1397/1173 499/1395/1171 1505/1462/1218
f 1505/1462/1218 499/1395/1171 74/1396/1172 481/1463/1219
f 1504/1460/1216 1505/1462/1218 481/1463/1219 482/1464/1220
f 1503/1461/1217 1504/1460/1216 482/1464/1220 483/1465/1221
f 498/1466/1146 1503/1461/1217 483/1465/1221 75/1371/1147
f 497/1467/1145 1500/1457/1213 1503/1461/1217 498/1466/1146
f 496/1368/1144 1497/1454/1210 1500/1457/1213 497/1467/1145
f 1506/1468/1222 1507/1469/1223 1510/1470/1224 1509/1471/1225
f 1507/1469/1223 1508/1472/1226 1511/1473/1227 1510/1470/1224
f 1509/1471/1225 1510/1470/1224 1513/1474/1228 1512/1475/1229
f 1510/1470/1224 1511/1473/1227 1514/1476/1230 1513/1474/1228
f 66/1255/1046 438/1253/1044 1506/1468/1222 502/1388/1164
f 438/1253/1044 437/1252/1043 1507/1469/1223 1506/1468/1222
f 437/1252/1043 436/1251/1042 1508/1472/1226 1507/1469/1223
f 436/1251/1042 65/1250/1041 507/1407/1183 1508/1472/1226
f 1508/1472/1226 507/1407/1183 506/1417/1189 1511/1473/1227
f 1511/1473/1227 506/1417/1189 505/1415/1187 1514/1476/1230
f 1514/1476/1230 505/1415/1187 72/1416/1188 475/1477/1231
f 1513/1474/1228 1514/1476/1230 475/1477/1231 476/1478/1232
f 1512/1475/1229 1513/1474/1228 476/1478/1232 477/1479/1233
f 504/1390/1166 1512/1475/1229 477/1479/1233 73/1391/1167
f 503/1389/1165 1509/1471/1225 1512/1475/1229 504/1390/1166
f 502/1388/1164 1506/1468/1222 1509/1471/1225 503/1389/1165
f 1515/1480/1234 1516/1481/1235 1519/1482/1236 1518/1483/1237
f 1516/1481/1235 1517/1484/1238 1520/1485/1239 1519/1482/1236
f 1518/1483/1237 1519/1482/1236 1522/1486/1240 1521/1487/1241
f 1519/1482/1236 1520/1485/1239 1523/1488/1242 1522/1486/1240
f 76/1376/1152 486/1374/1150 1515/1480/1234 528/1489/1243
f 486/1374/1150 485/1373/1149 1516/1481/1235 1515/1480/1234
f 485/1373/1149 484/1372/1148 1517/1484/1238 1516/1481/1235
f 484/1372/1148 75/1371/1147 529/1490/1244 1517/1484/1238
f 1517/1484/1238 529/1490/1244 530/1491/1245 1520/1485/1239
f 1520/1485/1239 530/1491/1245 531/1492/1246 1523/1488/1242
f 1523/1488/1242 531/1492/1246 82/1493/1247 523/1494/1248
f 1522/1486/1240 1523/1488/1242 523/1494/1248 524/1495/1249
f 1521/1487/1241 1522/1486/1240 524/1495/1249 525/1496/1250
f 526/1497/1251 1521/1487/1241 525/1496/1250 83/1498/1252
f 527/1499/1253 1518/1483/1237 1521/1487/1241 526/1497/1251
f 528/1489/1243 1515/1480/1234 1518/1483/1237 527/1499/1253
f 1524/1500/1254 1525/1501/1255 1528/1502/1256 1527/1503/1257
f 1525/1501/1255 1526/1504/1258 1529/1505/1259 1528/1502/1256
f 1527/1503/1257 1528/1502/1256 1531/1506/1260 1530/1507/1261
f 1528/1502/1256 1529/1505/1259 1532/1508/1262 1531/1506/1260
f 74/1396/1172 480/1394/1170 1524/1500/1254 534/1509/1263
f 480/1394/1170 479/1393/1169 1525/1501/1255 1524/1500/1254
f 479/1393/1169 478/1392/1168 1526/1504/1258 1525/1501/1255
f 478/1392/1168 73/1391/1167 535/1510/1264 1526/1504/1258
f 1526/1504/1258 535/1510/1264 536/1511/1265 1529/1505/1259
f 1529/1505/1259 536/1511/1265 537/1512/1266 1532/1508/1262
f 1532/1508/1262 537/1512/1266 80/1513/1267 517/1514/1268
f 1531/1506/1260 1532/1508/1262 517/1514/1268 518/1515/1269
f 1530/1507/1261 1531/1506/1260 518/1515/1269 519/1516/1270
f 532/1517/1271 1530/1507/1261 519/1516/1270 81/1518/1272
f 533/1519/1273 1527/1503/1257 1530/1507/1261 532/1517/1271
f 534/1509/1263 1524/1500/1254 1527/1503/1257 533/1519/1273
f 1533/1520/1274 1534/1521/1275 1537/1522/1276 1536/1523/1277
f 1534/1521/1275 1535/1524/1278 1538/1525/1279 1537/1522/1276
f 1536/1523/1277 1537/1522/1276 1540/1526/1280 1539/1527/1281
f 1537/1522/1276 1538/1525/1279 1541/1528/1282 1540/1526/1280
f 72/1416/1188 474/1414/1186 1533/1520/1274 540/1529/1283
f 474/1414/1186 473/1413/1185 1534/1521/1275 1533/1520/1274
f 473/1413/1185 472/1412/1184 1535/1524/1278 1534/1521/1275
f 472/1412/1184 71/1411/1132 541/1530/1284 1535/1524/1278
f 1535/1524/1278 541/1530/1284 542/1531/1285 1538/1525/1279
f 1538/1525/1279 542/1531/1285 543/1532/1286 1541/1528/1282
f 1541/1528/1282 543/1532/1286 78/1533/1287 511/1534/1288
f 1540/1526/1280 1541/1528/1282 511/1534/1288 512/1535/1289
f 1539/1527/1281 1540/1526/1280 512/1535/1289 513/1536/1290
f 538/1537/1291 1539/1527/1281 513/1536/1290 79/1538/1292
f 539/1539/1293 1536/1523/1277 1539/1527/1281 538/1537/1291
f 540/1529/1283 1533/1520/1274 1536/1523/1277 539/1539/1293
f 1543/1540/1294 1544/1541/1295 1542/1542/1296 1548/1543/1297
f 1545/1544/1298 1546/1545/1299 1542/1542/1296 1544/1546/1295
f 1547/1547/1300 1548/1548/1297 1542/1542/1296 1546/1549/1299
f 70/1351/1127 789/1550/1199 1543/1540/1294 546/1551/1301
f 789/1550/1199 788/1552/1198 1544/1541/1295 1543/1540/1294
f 546/1551/1301 1543/1540/1294 1548/1543/1297 545/1553/1302
f 62/1554/38 793/1555/1303 1545/1544/1298 787/1556/1197
f 793/1555/1303 794/1557/1304 1546/1545/1299 1545/1544/1298
f 787/1556/1197 1545/1544/1298 1544/1546/1295 788/1552/1198
f 77/1558/1305 544/1559/1306 1547/1547/1300 795/1560/1307
f 544/1559/1306 545/1561/1302 1548/1548/1297 1547/1547/1300
f 795/1560/1307 1547/1547/1300 1546/1549/1299 794/1557/1304
f 1550/1562/1308 1551/1563/1309 1549/1564/1310 1555/1565/1311
f 1552/1566/1312 1553/1567/1313 1549/1564/1310 1551/1568/1309
f 1554/1569/1314 1555/1565/1311 1549/1564/1310 1553/1570/1313
f 61/1571/52 792/1572/1207 1550/1562/1308 798/1573/1315
f 792/1572/1207 791/1574/1208 1551/1563/1309 1550/1562/1308
f 798/1573/1315 1550/1562/1308 1555/1565/1311 797/1575/1316
f 76/1376/1152 528/1576/1243 1552/1566/1312 790/1577/1209
f 528/1576/1243 527/1578/1253 1553/1567/1313 1552/1566/1312
f 790/1577/1209 1552/1566/1312 1551/1568/1309 791/1574/1208
f 83/1498/1252 796/1579/1317 1554/1569/1314 526/1580/1251
f 796/1579/1317 797/1575/1316 1555/1565/1311 1554/1569/1314
f 526/1580/1251 1554/1569/1314 1553/1570/1313 527/1578/1253
f 1556/1581/1318 1557/1582/1319 1560/1583/1320 1559/1584/1321
f 1557/1582/1319 1558/1585/1322 1561/1586/1323 1560/1583/1320
f 1559/1584/1321 1560/1583/1320 1563/1587/1324 1562/1588/1325
f 1560/1583/1320 1561/1586/1323 1564/1589/1326 1563/1587/1324
f 75/1371/1147 483/1465/1221 1556/1581/1318 529/1590/1244
f 483/1465/1221 482/1464/1220 1557/1582/1319 1556/1581/1318
f 482/1464/1220 481/1463/1219 1558/1585/1322 1557/1582/1319
f 481/1463/1219 74/1396/1172 534/1509/1263 1558/1585/1322
f 1558/1585/1322 534/1509/1263 533/1519/1273 1561/1586/1323
f 1561/1586/1323 533/1519/1273 532/1517/1271 1564/1589/1326
f 1564/1589/1326 532/1517/1271 81/1518/1272 520/1591/1327
f 1563/1587/1324 1564/1589/1326 520/1591/1327 521/1592/1328
f 1562/1588/1325 1563/1587/1324 521/1592/1328 522/1593/1329
f 531/1594/1246 1562/1588/1325 522/1593/1329 82/1595/1247
f 530/1596/1245 1559/1584/1321 1562/1588/1325 531/1594/1246
f 529/1590/1244 1556/1581/1318 1559/1584/1321 530/1596/1245
f 1565/1597/1330 1566/1598/1331 1569/1599/1332 1568/1600/1333
f 1566/1598/1331 1567/1601/1334 1570/1602/1335 1569/1599/1332
f 1568/1600/1333 1569/1599/1332 1572/1603/1336 1571/1604/1337
f 1569/1599/1332 1570/1602/1335 1573/1605/1338 1572/1603/1336
f 73/1391/1167 477/1479/1233 1565/1597/1330 535/1510/1264
f 477/1479/1233 476/1478/1232 1566/1598/1331 1565/1597/1330
f 476/1478/1232 475/1477/1231 1567/1601/1334 1566/1598/1331
f 475/1477/1231 72/1416/1188 540/1529/1283 1567/1601/1334
f 1567/1601/1334 540/1529/1283 539/1539/1293 1570/1602/1335
f 1570/1602/1335 539/1539/1293 538/1537/1291 1573/1605/1338
f 1573/1605/1338 538/1537/1291 79/1538/1292 514/1606/1339
f 1572/1603/1336 1573/1605/1338 514/1606/1339 515/1607/1340
f 1571/1604/1337 1572/1603/1336 515/1607/1340 516/1608/1341
f 537/1512/1266 1571/1604/1337 516/1608/1341 80/1513/1267
f 536/1511/1265 1568/1600/1333 1571/1604/1337 537/1512/1266
f 535/1510/1264 1565/1597/1330 1568/1600/1333 536/1511/1265
f 1574/1609/1342 1575/1610/1343 1578/1611/1344 1577/1612/1345
f 1575/1610/1343 1576/1613/1346 1579/1614/1347 1578/1611/1344
f 1577/1612/1345 1578/1611/1344 1581/1615/1348 1580/1616/1349
f 1578/1611/1344 1579/1614/1347 1582/1617/1350 1581/1615/1348
f 71/1356/1132 471/1354/1130 1574/1609/1342 541/1618/1284
f 471/1354/1130 470/1353/1129 1575/1610/1343 1574/1609/1342
f 470/1353/1129 469/1352/1128 1576/1613/1346 1575/1610/1343
f 469/1352/1128 70/1351/1127 546/1551/1301 1576/1613/1346
f 1576/1613/1346 546/1551/1301 545/1553/1302 1579/1614/1347
f 1579/1614/1347 545/1553/1302 544/1619/1306 1582/1617/1350
f 1582/1617/1350 544/1619/1306 77/1558/1305 508/1620/1351
f 1581/1615/1348 1582/1617/1350 508/1620/1351 509/1621/1352
f 1580/1616/1349 1581/1615/1348 509/1621/1352 510/1622/1353
f 543/1623/1286 1580/1616/1349 510/1622/1353 78/1624/1287
f 542/1625/1285 1577/1612/1345 1580/1616/1349 543/1623/1286
f 541/1618/1284 1574/1609/1342 1577/1612/1345 542/1625/1285
f 1584/1626/1354 1585/1627/1355 1583/1628/1356 1589/1629/1357
f 1586/1630/1358 1587/1631/1359 1583/1628/1356 1585/1632/1355
f 1588/1633/1360 1589/1634/1357 1583/1628/1356 1587/1635/1359
f 77/1558/1305 795/1636/1307 1584/1626/1354 567/1637/1361
f 795/1636/1307 794/1638/1304 1585/1627/1355 1584/1626/1354
f 567/1637/1361 1584/1626/1354 1589/1629/1357 566/1639/1362
f 62/1640/38 799/1641/1363 1586/1630/1358 793/1642/1303
f 799/1641/1363 800/1643/1364 1587/1631/1359 1586/1630/1358
f 793/1642/1303 1586/1630/1358 1585/1632/1355 794/1638/1304
f 84/1644/1365 565/1645/1366 1588/1633/1360 801/1646/1367
f 565/1645/1366 566/1639/1362 1589/1634/1357 1588/1633/1360
f 801/1646/1367 1588/1633/1360 1587/1635/1359 800/1647/1364
f 1591/1648/1368 1592/1649/1369 1590/1650/1370 1596/1651/1371
f 1593/1652/1372 1594/1653/1373 1590/1650/1370 1592/1654/1369
f 1595/1655/1374 1596/1651/1371 1590/1650/1370 1594/1656/1373
f 61/1657/52 798/1658/1315 1591/1648/1368 804/1659/1375
f 798/1658/1315 797/1660/1316 1592/1649/1369 1591/1648/1368
f 804/1659/1375 1591/1648/1368 1596/1651/1371 803/1661/1376
f 83/1498/1252 568/1662/1377 1593/1652/1372 796/1663/1317
f 568/1662/1377 569/1664/1378 1594/1653/1373 1593/1652/1372
f 796/1663/1317 1593/1652/1372 1592/1654/1369 797/1660/1316
f 90/1665/1379 802/1666/1380 1595/1655/1374 570/1667/1381
f 802/1666/1380 803/1668/1376 1596/1651/1371 1595/1655/1374
f 570/1667/1381 1595/1655/1374 1594/1656/1373 569/1669/1378
f 1597/1670/1382 1598/1671/1383 1601/1672/1384 1600/1673/1385
f 1598/1671/1383 1599/1674/1386 1602/1675/1387 1601/1672/1384
f 1600/1673/1385 1601/1672/1384 1604/1676/1388 1603/1677/1389
f 1601/1672/1384 1602/1675/1387 1605/1678/1390 1604/1676/1388
f 82/1493/1247 522/1679/1329 1597/1670/1382 573/1680/1391
f 522/1679/1329 521/1681/1328 1598/1671/1383 1597/1670/1382
f 521/1681/1328 520/1682/1327 1599/1674/1386 1598/1671/1383
f 520/1682/1327 81/1683/1272 574/1684/1392 1599/1674/1386
f 1599/1674/1386 574/1684/1392 575/1685/1393 1602/1675/1387
f 1602/1675/1387 575/1685/1393 576/1686/1394 1605/1678/1390
f 1605/1678/1390 576/1686/1394 88/1687/1395 559/1688/1396
f 1604/1676/1388 1605/1678/1390 559/1688/1396 560/1689/1397
f 1603/1677/1389 1604/1676/1388 560/1689/1397 561/1690/1398
f 571/1691/1399 1603/1677/1389 561/1690/1398 89/1692/1400
f 572/1693/1401 1600/1673/1385 1603/1677/1389 571/1691/1399
f 573/1680/1391 1597/1670/1382 1600/1673/1385 572/1693/1401
f 1606/1694/1402 1607/1695/1403 1610/1696/1404 1609/1697/1405
f 1607/1695/1403 1608/1698/1406 1611/1699/1407 1610/1696/1404
f 1609/1697/1405 1610/1696/1404 1613/1700/1408 1612/1701/1409
f 1610/1696/1404 1611/1699/1407 1614/1702/1410 1613/1700/1408
f 80/1703/1267 516/1608/1341 1606/1694/1402 579/1704/1411
f 516/1608/1341 515/1705/1340 1607/1695/1403 1606/1694/1402
f 515/1705/1340 514/1706/1339 1608/1698/1406 1607/1695/1403
f 514/1706/1339 79/1707/1292 580/1708/1412 1608/1698/1406
f 1608/1698/1406 580/1708/1412 581/1709/1413 1611/1699/1407
f 1611/1699/1407 581/1709/1413 582/1710/1414 1614/1702/1410
f 1614/1702/1410 582/1710/1414 86/1711/1415 553/1712/1416
f 1613/1700/1408 1614/1702/1410 553/1712/1416 554/1713/1417
f 1612/1701/1409 1613/1700/1408 554/1713/1417 555/1714/1418
f 577/1715/1419 1612/1701/1409 555/1714/1418 87/1716/1420
f 578/1717/1421 1609/1697/1405 1612/1701/1409 577/1715/1419
f 579/1704/1411 1606/1694/1402 1609/1697/1405 578/1717/1421
f 1615/1718/1422 1616/1719/1423 1619/1720/1424 1618/1721/1425
f 1616/1719/1423 1617/1722/1426 1620/1723/1427 1619/1720/1424
f 1618/1721/1425 1619/1720/1424 1622/1724/1428 1621/1725/1429
f 1619/1720/1424 1620/1723/1427 1623/1726/1430 1622/1724/1428
f 78/1624/1287 510/1622/1353 1615/1718/1422 585/1727/1431
f 510/1622/1353 509/1621/1352 1616/1719/1423 1615/1718/1422
f 509/1621/1352 508/1620/1351 1617/1722/1426 1616/1719/1423
f 508/1620/1351 77/1558/1305 567/1637/1361 1617/1722/1426
f 1617/1722/1426 567/1637/1361 566/1639/1362 1620/1723/1427
f 1620/1723/1427 566/1639/1362 565/1728/1366 1623/1726/1430
f 1623/1726/1430 565/1728/1366 84/1644/1365 547/1729/1432
f 1622/1724/1428 1623/1726/1430 547/1729/1432 548/1730/1433
f 1621/1725/1429 1622/1724/1428 548/1730/1433 549/1731/1434
f 583/1732/1435 1621/1725/1429 549/1731/1434 85/1733/1436
f 584/1734/1437 1618/1721/1425 1621/1725/1429 583/1732/1435
f 585/1727/1431 1615/1718/1422 1618/1721/1425 584/1734/1437
f 1624/1735/1438 1625/1736/1439 1628/1737/1440 1627/1738/1441
f 1625/1736/1439 1626/1739/1442 1629/1740/1443 1628/1737/1440
f 1627/1738/1441 1628/1737/1440 1631/1741/1444 1630/1742/1445
f 1628/1737/1440 1629/1740/1443 1632/1743/1446 1631/1741/1444
f 83/1498/1252 525/1496/1250 1624/1735/1438 568/1744/1377
f 525/1496/1250 524/1495/1249 1625/1736/1439 1624/1735/1438
f 524/1495/1249 523/1494/1248 1626/1739/1442 1625/1736/1439
f 523/1494/1248 82/1493/1247 573/1680/1391 1626/1739/1442
f 1626/1739/1442 573/1680/1391 572/1693/1401 1629/1740/1443
f 1629/1740/1443 572/1693/1401 571/1691/1399 1632/1743/1446
f 1632/1743/1446 571/1691/1399 89/1692/1400 562/1745/1447
f 1631/1741/1444 1632/1743/1446 562/1745/1447 563/1746/1448
f 1630/1742/1445 1631/1741/1444 563/1746/1448 564/1747/1449
f 570/1748/1381 1630/1742/1445 564/1747/1449 90/1665/1379
f 569/1664/1378 1627/1738/1441 1630/1742/1445 570/1748/1381
f 568/1744/1377 1624/1735/1438 1627/1738/1441 569/1664/1378
f 1633/1749/1450 1634/1750/1451 1637/1751/1452 1636/1752/1453
f 1634/1750/1451 1635/1753/1454 1638/1754/1455 1637/1751/1452
f 1636/1752/1453 1637/1751/1452 1640/1755/1456 1639/1756/1457
f 1637/1751/1452 1638/1754/1455 1641/1757/1458 1640/1755/1456
f 81/1683/1272 519/1758/1270 1633/1749/1450 574/1684/1392
f 519/1758/1270 518/1759/1269 1634/1750/1451 1633/1749/1450
f 518/1759/1269 517/1760/1268 1635/1753/1454 1634/1750/1451
f 517/1760/1268 80/1703/1267 579/1704/1411 1635/1753/1454
f 1635/1753/1454 579/1704/1411 578/1717/1421 1638/1754/1455
f 1638/1754/1455 578/1717/1421 577/1715/1419 1641/1757/1458
f 1641/1757/1458 577/1715/1419 87/1716/1420 556/1761/1459
f 1640/1755/1456 1641/1757/1458 556/1761/1459 557/1762/1460
f 1639/1756/1457 1640/1755/1456 557/1762/1460 558/1763/1461
f 576/1686/1394 1639/1756/1457 558/1763/1461 88/1687/1395
f 575/1685/1393 1636/1752/1453 1639/1756/1457 576/1686/1394
f 574/1684/1392 1633/1749/1450 1636/1752/1453 575/1685/1393
f 1642/1764/1462 1643/1765/1463 1646/1766/1464 1645/1767/1465
f 1643/1765/1463 1644/1768/1466 1647/1769/1467 1646/1766/1464
f 1645/1767/1465 1646/1766/1464 1649/1770/1468 1648/1771/1469
f 1646/1766/1464 1647/1769/1467 1650/1772/1470 1649/1770/1468
f 79/1707/1292 513/1773/1290 1642/1764/1462 580/1708/1412
f 513/1773/1290 512/1774/1289 1643/1765/1463 1642/1764/1462
f 512/1774/1289 511/1775/1288 1644/1768/1466 1643/1765/1463
f 511/1775/1288 78/1624/1287 585/1727/1431 1644/1768/1466
f 1644/1768/1466 585/1727/1431 584/1734/1437 1647/1769/1467
f 1647/1769/1467 584/1734/1437 583/1732/1435 1650/1772/1470
f 1650/1772/1470 583/1732/1435 85/1733/1436 550/1776/1471
f 1649/1770/1468 1650/1772/1470 550/1776/1471 551/1777/1472
f 1648/1771/1469 1649/1770/1468 551/1777/1472 552/1778/1473
f 582/1710/1414 1648/1771/1469 552/1778/1473 86/1711/1415
f 581/1709/1413 1645/1767/1465 1648/1771/1469 582/1710/1414
f 580/1708/1412 1642/1764/1462 1645/1767/1465 581/1709/1413
f 1651/1779/1474 1652/1780/1475 1655/1781/1476 1654/1782/1477
f 1652/1780/1475 1653/1783/1478 1656/1784/1479 1655/1781/1476
f 1654/1782/1477 1655/1781/1476 1658/1785/1480 1657/1786/1481
f 1655/1781/1476 1656/1784/1479 1659/1787/1482 1658/1785/1480
f 89/1788/1400 561/1789/1398 1651/1779/1474 606/1790/1483
f 561/1789/1398 560/1791/1397 1652/1780/1475 1651/1779/1474
f 560/1791/1397 559/1792/1396 1653/1783/1478 1652/1780/1475
f 559/1792/1396 88/1793/1395 607/1794/1484 1653/1783/1478
f 1653/1783/1478 607/1794/1484 608/1795/1485 1656/1784/1479
f 1656/1784/1479 608/1795/1485 609/1796/1486 1659/1787/1482
f 1659/1787/1482 609/1796/1486 95/1797/1487 598/1798/1488
f 1658/1785/1480 1659/1787/1482 598/1798/1488 599/1799/1489
f 1657/1786/1481 1658/1785/1480 599/1799/1489 600/1800/1490
f 604/1801/1491 1657/1786/1481 600/1800/1490 96/1802/1492
f 605/1803/1493 1654/1782/1477 1657/1786/1481 604/1801/1491
f 606/1790/1483 1651/1779/1474 1654/1782/1477 605/1803/1493
f 1660/1804/1494 1661/1805/1495 1664/1806/1496 1663/1807/1497
f 1661/1805/1495 1662/1808/1498 1665/1809/1499 1664/1806/1496
f 1663/1807/1497 1664/1806/1496 1667/1810/1500 1666/1811/1501
f 1664/1806/1496 1665/1809/1499 1668/1812/1502 1667/1810/1500
f 87/1813/1420 555/1814/1418 1660/1804/1494 612/1815/1503
f 555/1814/1418 554/1816/1417 1661/1805/1495 1660/1804/1494
f 554/1816/1417 553/1817/1416 1662/1808/1498 1661/1805/1495
f 553/1817/1416 86/1818/1415 613/1819/1504 1662/1808/1498
f 1662/1808/1498 613/1819/1504 614/1820/1505 1665/1809/1499
f 1665/1809/1499 614/1820/1505 615/1821/1506 1668/1812/1502
f 1668/1812/1502 615/1821/1506 93/1822/1507 592/1823/1508
f 1667/1810/1500 1668/1812/1502 592/1823/1508 593/1824/1509
f 1666/1811/1501 1667/1810/1500 593/1824/1509 594/1825/1510
f 610/1826/1511 1666/1811/1501 594/1825/1510 94/1827/1512
f 611/1828/1513 1663/1807/1497 1666/1811/1501 610/1826/1511
f 612/1815/1503 1660/1804/1494 1663/1807/1497 611/1828/1513
f 1669/1829/1514 1670/1830/1515 1673/1831/1516 1672/1832/1517
f 1670/1830/1515 1671/1833/1518 1674/1834/1519 1673/1831/1516
f 1672/1832/1517 1673/1831/1516 1676/1835/1520 1675/1836/1521
f 1673/1831/1516 1674/1834/1519 1677/1837/1522 1676/1835/1520
f 85/1838/1436 549/1839/1434 1669/1829/1514 618/1840/1523
f 549/1839/1434 548/1841/1433 1670/1830/1515 1669/1829/1514
f 548/1841/1433 547/1842/1432 1671/1833/1518 1670/1830/1515
f 547/1842/1432 84/1843/1365 619/1844/1524 1671/1833/1518
f 1671/1833/1518 619/1844/1524 620/1845/1525 1674/1834/1519
f 1674/1834/1519 620/1845/1525 621/1846/1526 1677/1837/1522
f 1677/1837/1522 621/1846/1526 91/1847/1527 586/1848/1528
f 1676/1835/1520 1677/1837/1522 586/1848/1528 587/1849/1529
f 1675/1836/1521 1676/1835/1520 587/1849/1529 588/1850/1530
f 616/1851/1531 1675/1836/1521 588/1850/1530 92/1852/1532
f 617/1853/1533 1672/1832/1517 1675/1836/1521 616/1851/1531
f 618/1840/1523 1669/1829/1514 1672/1832/1517 617/1853/1533
f 1678/1854/1534 1679/1855/1535 1682/1856/1536 1681/1857/1537
f 1679/1855/1535 1680/1858/1538 1683/1859/1539 1682/1856/1536
f 1681/1857/1537 1682/1856/1536 1685/1860/1540 1684/1861/1541
f 1682/1856/1536 1683/1859/1539 1686/1862/1542 1685/1860/1540
f 90/1863/1379 564/1864/1449 1678/1854/1534 624/1865/1543
f 564/1864/1449 563/1866/1448 1679/1855/1535 1678/1854/1534
f 563/1866/1448 562/1867/1447 1680/1858/1538 1679/1855/1535
f 562/1867/1447 89/1788/1400 606/1790/1483 1680/1858/1538
f 1680/1858/1538 606/1790/1483 605/1803/1493 1683/1859/1539
f 1683/1859/1539 605/1803/1493 604/1801/1491 1686/1862/1542
f 1686/1862/1542 604/1801/1491 96/1802/1492 601/1868/1544
f 1685/1860/1540 1686/1862/1542 601/1868/1544 602/1869/1545
f 1684/1861/1541 1685/1860/1540 602/1869/1545 603/1870/1546
f 622/1871/1547 1684/1861/1541 603/1870/1546 97/1872/1548
f 623/1873/1549 1681/1857/1537 1684/1861/1541 622/1871/1547
f 624/1865/1543 1678/1854/1534 1681/1857/1537 623/1873/1549
f 1687/1874/1550 1688/1875/1551 1691/1876/1552 1690/1877/1553
f 1688/1875/1551 1689/1878/1554 1692/1879/1555 1691/1876/1552
f 1690/1877/1553 1691/1876/1552 1694/1880/1556 1693/1881/1557
f 1691/1876/1552 1692/1879/1555 1695/1882/1558 1694/1880/1556
f 88/1793/1395 558/1883/1461 1687/1874/1550 607/1794/1484
f 558/1883/1461 557/1884/1460 1688/1875/1551 1687/1874/1550
f 557/1884/1460 556/1885/1459 1689/1878/1554 1688/1875/1551
f 556/1885/1459 87/1813/1420 612/1815/1503 1689/1878/1554
f 1689/1878/1554 612/1815/1503 611/1828/1513 1692/1879/1555
f 1692/1879/1555 611/1828/1513 610/1826/1511 1695/1882/1558
f 1695/1882/1558 610/1826/1511 94/1827/1512 595/1886/1559
f 1694/1880/1556 1695/1882/1558 595/1886/1559 596/1887/1560
f 1693/1881/1557 1694/1880/1556 596/1887/1560 597/1888/1561
f 609/1796/1486 1693/1881/1557 597/1888/1561 95/1797/1487
f 608/1795/1485 1690/1877/1553 1693/1881/1557 609/1796/1486
f 607/1794/1484 1687/1874/1550 1690/1877/1553 608/1795/1485
f 1696/1889/1562 1697/1890/1563 1700/1891/1564 1699/1892/1565
f 1697/1890/1563 1698/1893/1566 1701/1894/1567 1700/1891/1564
f 1699/1892/1565 1700/1891/1564 1703/1895/1568 1702/1896/1569
f 1700/1891/1564 1701/1894/1567 1704/1897/1570 1703/1895/1568
f 86/1818/1415 552/1898/1473 1696/1889/1562 613/1819/1504
f 552/1898/1473 551/1899/1472 1697/1890/1563 1696/1889/1562
f 551/1899/1472 550/1900/1471 1698/1893/1566 1697/1890/1563
f 550/1900/1471 85/1838/1436 618/1840/1523 1698/1893/1566
f 1698/1893/1566 618/1840/1523 617/1853/1533 1701/1894/1567
f 1701/1894/1567 617/1853/1533 616/1851/1531 1704/1897/1570
f 1704/1897/1570 616/1851/1531 92/1852/1532 589/1901/1571
f 1703/1895/1568 1704/1897/1570 589/1901/1571 590/1902/1572
f 1702/1896/1569 1703/1895/1568 590/1902/1572 591/1903/1573
f 615/1821/1506 1702/1896/1569 591/1903/1573 93/1822/1507
f 614/1820/1505 1699/1892/1565 1702/1896/1569 615/1821/1506
f 613/1819/1504 1696/1889/1562 1699/1892/1565 614/1820/1505
f 1706/1904/1574 1707/1905/1575 1705/1906/1576 1711/1907/1577
f 1708/1908/1578 1709/1909/1579 1705/1906/1576 1707/1910/1575
f 1710/1911/1580 1711/1907/1577 1705/1906/1576 1709/1912/1579
f 84/1843/1365 801/1913/1367 1706/1904/1574 619/1844/1524
f 801/1913/1367 800/1914/1364 1707/1905/1575 1706/1904/1574
f 619/1844/1524 1706/1904/1574 1711/1907/1577 620/1845/1525
f 62/1915/38 805/1916/1581 1708/1908/1578 799/1917/1363
f 805/1916/1581 806/1918/1582 1709/1909/1579 1708/1908/1578
f 799/1917/1363 1708/1908/1578 1707/1910/1575 800/1914/1364
f 91/1847/1527 621/1919/1526 1710/1911/1580 807/1920/1583
f 621/1919/1526 620/1921/1525 1711/1907/1577 1710/1911/1580
f 807/1920/1583 1710/1911/1580 1709/1912/1579 806/1918/1582
f 1713/1922/1584 1714/1923/1585 1712/1924/1586 1718/1925/1587
f 1715/1926/1588 1716/1927/1589 1712/1924/1586 1714/1928/1585
f 1717/1929/1590 1718/1925/1587 1712/1924/1586 1716/1930/1589
f 61/1931/52 804/1932/1375 1713/1922/1584 810/1933/1591
f 804/1932/1375 803/1934/1376 1714/1923/1585 1713/1922/1584
f 810/1933/1591 1713/1922/1584 1718/1925/1587 809/1935/1592
f 90/1863/1379 624/1936/1543 1715/1926/1588 802/1937/1380
f 624/1936/1543 623/1873/1549 1716/1927/1589 1715/1926/1588
f 802/1937/1380 1715/1926/1588 1714/1928/1585 803/1934/1376
f 97/1872/1548 808/1938/1593 1717/1929/1590 622/1871/1547
f 808/1938/1593 809/1935/1592 1718/1925/1587 1717/1929/1590
f 622/1871/1547 1717/1929/1590 1716/1930/1589 623/1939/1549
f 1719/1940/1594 1720/1941/1595 1723/1942/1596 1722/1943/1597
f 1720/1941/1595 1721/1944/1598 1724/1945/1599 1723/1942/1596
f 1722/1943/1597 1723/1942/1596 1726/1946/1600 1725/1947/1601
f 1723/1942/1596 1724/1945/1599 1727/1948/1602 1726/1946/1600
f 97/1872/1548 603/1870/1546 1719/1940/1594 645/1949/1603
f 603/1870/1546 602/1869/1545 1720/1941/1595 1719/1940/1594
f 602/1869/1545 601/1868/1544 1721/1944/1598 1720/1941/1595
f 601/1868/1544 96/1802/1492 646/1950/1604 1721/1944/1598
f 1721/1944/1598 646/1950/1604 647/1951/1605 1724/1945/1599
f 1724/1945/1599 647/1951/1605 648/1952/1606 1727/1948/1602
f 1727/1948/1602 648/1952/1606 103/1953/1607 640/1954/1608
f 1726/1946/1600 1727/1948/1602 640/1954/1608 641/1955/1609
f 1725/1947/1601 1726/1946/1600 641/1955/1609 642/1956/1610
f 643/1957/1611 1725/1947/1601 642/1956/1610 104/1958/1612
f 644/1959/1613 1722/1943/1597 1725/1947/1601 643/1957/1611
f 645/1949/1603 1719/1940/1594 1722/1943/1597 644/1959/1613
f 1728/1960/1614 1729/1961/1615 1732/1962/1616 1731/1963/1617
f 1729/1961/1615 1730/1964/1618 1733/1965/1619 1732/1962/1616
f 1731/1963/1617 1732/1962/1616 1735/1966/1620 1734/1967/1621
f 1732/1962/1616 1733/1965/1619 1736/1968/1622 1735/1966/1620
f 95/1969/1487 597/1970/1561 1728/1960/1614 651/1971/1623
f 597/1970/1561 596/1972/1560 1729/1961/1615 1728/1960/1614
f 596/1972/1560 595/1973/1559 1730/1964/1618 1729/1961/1615
f 595/1973/1559 94/1974/1512 652/1975/1624 1730/1964/1618
f 1730/1964/1618 652/1975/1624 653/1976/1625 1733/1965/1619
f 1733/1965/1619 653/1976/1625 654/1977/1626 1736/1968/1622
f 1736/1968/1622 654/1977/1626 101/1978/1627 634/1979/1628
f 1735/1966/1620 1736/1968/1622 634/1979/1628 635/1980/1629
f 1734/1967/1621 1735/1966/1620 635/1980/1629 636/1981/1630
f 649/1982/1631 1734/1967/1621 636/1981/1630 102/1983/1632
f 650/1984/1633 1731/1963/1617 1734/1967/1621 649/1982/1631
f 651/1971/1623 1728/1960/1614 1731/1963/1617 650/1984/1633
f 1737/1985/1634 1738/1986/1635 1741/1987/1636 1740/1988/1637
f 1738/1986/1635 1739/1989/1638 1742/1990/1639 1741/1987/1636
f 1740/1988/1637 1741/1987/1636 1744/1991/1640 1743/1992/1641
f 1741/1987/1636 1742/1990/1639 1745/1993/1642 1744/1991/1640
f 93/1994/1507 591/1995/1573 1737/1985/1634 657/1996/1643
f 591/1995/1573 590/1997/1572 1738/1986/1635 1737/1985/1634
f 590/1997/1572 589/1901/1571 1739/1989/1638 1738/1986/1635
f 589/1901/1571 92/1998/1532 658/1999/1644 1739/1989/1638
f 1739/1989/1638 658/1999/1644 659/2000/1645 1742/1990/1639
f 1742/1990/1639 659/2000/1645 660/2001/1646 1745/1993/1642
f 1745/1993/1642 660/2001/1646 99/2002/1647 628/2003/1648
f 1744/1991/1640 1745/1993/1642 628/2003/1648 629/2004/1649
f 1743/1992/1641 1744/1991/1640 629/2004/1649 630/2005/1650
f 655/2006/1651 1743/1992/1641 630/2005/1650 100/2007/1652
f 656/2008/1653 1740/1988/1637 1743/1992/1641 655/2006/1651
f 657/1996/1643 1737/1985/1634 1740/1988/1637 656/2008/1653
f 1747/2009/1654 1748/2010/1655 1746/2011/1656 1752/2012/1657
f 1749/2013/1658 1750/2014/1659 1746/2011/1656 1748/2015/1655
f 1751/2016/1660 1752/2017/1657 1746/2011/1656 1750/2018/1659
f 91/1847/1527 807/2019/1583 1747/2009/1654 663/2020/1661
f 807/2019/1583 806/2021/1582 1748/2010/1655 1747/2009/1654
f 663/2020/1661 1747/2009/1654 1752/2012/1657 662/2022/1662
f 62/2023/38 811/2024/1663 1749/2013/1658 805/2025/1581
f 811/2024/1663 812/2026/1664 1750/2014/1659 1749/2013/1658
f 805/2025/1581 1749/2013/1658 1748/2015/1655 806/2021/1582
f 98/2027/1665 661/2028/1666 1751/2016/1660 813/2029/1667
f 661/2028/1666 662/2022/1662 1752/2017/1657 1751/2016/1660
f 813/2029/1667 1751/2016/1660 1750/2018/1659 812/2026/1664
f 1754/2030/1668 1755/2031/1669 1753/2032/1670 1759/2033/1671
f 1756/2034/1672 1757/2035/1673 1753/2032/1670 1755/2036/1669
f 1758/2037/1674 1759/2033/1671 1753/2032/1670 1757/2038/1673
f 61/2039/52 810/2040/1591 1754/2030/1668 816/2041/1675
f 810/2040/1591 809/2042/1592 1755/2031/1669 1754/2030/1668
f 816/2041/1675 1754/2030/1668 1759/2033/1671 815/2043/1676
f 97/1872/1548 645/1949/1603 1756/2034/1672 808/2044/1593
f 645/1949/1603 644/2045/1613 1757/2035/1673 1756/2034/1672
f 808/2044/1593 1756/2034/1672 1755/2036/1669 809/2042/1592
f 104/1958/1612 814/2046/1677 1758/2037/1674 643/2047/1611
f 814/2046/1677 815/2043/1676 1759/2033/1671 1758/2037/1674
f 643/2047/1611 1758/2037/1674 1757/2038/1673 644/2045/1613
f 1760/2048/1678 1761/2049/1679 1764/2050/1680 1763/2051/1681
f 1761/2049/1679 1762/2052/1682 1765/2053/1683 1764/2050/1680
f 1763/2051/1681 1764/2050/1680 1767/2054/1684 1766/2055/1685
f 1764/2050/1680 1765/2053/1683 1768/2056/1686 1767/2054/1684
f 96/2057/1492 600/1800/1490 1760/2048/1678 646/1950/1604
f 600/1800/1490 599/2058/1489 1761/2049/1679 1760/2048/1678
f 599/2058/1489 598/2059/1488 1762/2052/1682 1761/2049/1679
f 598/2059/1488 95/1969/1487 651/1971/1623 1762/2052/1682
f 1762/2052/1682 651/1971/1623 650/1984/1633 1765/2053/1683
f 1765/2053/1683 650/1984/1633 649/1982/1631 1768/2056/1686
f 1768/2056/1686 649/1982/1631 102/1983/1632 637/2060/1687
f 1767/2054/1684 1768/2056/1686 637/2060/1687 638/2061/1688
f 1766/2055/1685 1767/2054/1684 638/2061/1688 639/2062/1689
f 648/2063/1606 1766/2055/1685 639/2062/1689 103/2064/1607
f 647/2065/1605 1763/2051/1681 1766/2055/1685 648/2063/1606
f 646/1950/1604 1760/2048/1678 1763/2051/1681 647/2065/1605
f 1769/2066/1690 1770/2067/1691 1773/2068/1692 1772/2069/1693
f 1770/2067/1691 1771/2070/1694 1774/2071/1695 1773/2068/1692
f 1772/2069/1693 1773/2068/1692 1776/2072/1696 1775/2073/1697
f 1773/2068/1692 1774/2071/1695 1777/2074/1698 1776/2072/1696
f 94/1974/1512 594/2075/1510 1769/2066/1690 652/1975/1624
f 594/2075/1510 593/1824/1509 1770/2067/1691 1769/2066/1690
f 593/1824/1509 592/2076/1508 1771/2070/1694 1770/2067/1691
f 592/2076/1508 93/1994/1507 657/1996/1643 1771/2070/1694
f 1771/2070/1694 657/1996/1643 656/2008/1653 1774/2071/1695
f 1774/2071/1695 656/2008/1653 655/2006/1651 1777/2074/1698
f 1777/2074/1698 655/2006/1651 100/2007/1652 631/2077/1699
f 1776/2072/1696 1777/2074/1698 631/2077/1699 632/2078/1700
f 1775/2073/1697 1776/2072/1696 632/2078/1700 633/2079/1701
f 654/1977/1626 1775/2073/1697 633/2079/1701 101/1978/1627
f 653/1976/1625 1772/2069/1693 1775/2073/1697 654/1977/1626
f 652/1975/1624 1769/2066/1690 1772/2069/1693 653/1976/1625
f 1778/2080/1702 1779/2081/1703 1782/2082/1704 1781/2083/1705
f 1779/2081/1703 1780/2084/1706 1783/2085/1707 1782/2082/1704
f 1781/2083/1705 1782/2082/1704 1785/2086/1708 1784/2087/1709
f 1782/2082/1704 1783/2085/1707 1786/2088/1710 1785/2086/1708
f 92/1852/1532 588/1850/1530 1778/2080/1702 658/2089/1644
f 588/1850/1530 587/1849/1529 1779/2081/1703 1778/2080/1702
f 587/1849/1529 586/1848/1528 1780/2084/1706 1779/2081/1703
f 586/1848/1528 91/1847/1527 663/2020/1661 1780/2084/1706
f 1780/2084/1706 663/2020/1661 662/2022/1662 1783/2085/1707
f 1783/2085/1707 662/2022/1662 661/2090/1666 1786/2088/1710
f 1786/2088/1710 661/2090/1666 98/2027/1665 625/2091/1711
f 1785/2086/1708 1786/2088/1710 625/2091/1711 626/2092/1712
f 1784/2087/1709 1785/2086/1708 626/2092/1712 627/2093/1713
f 660/2094/1646 1784/2087/1709 627/2093/1713 99/2095/1647
f 659/2000/1645 1781/2083/1705 1784/2087/1709 660/2094/1646
f 658/2089/1644 1778/2080/1702 1781/2083/1705 659/2000/1645
f 1787/2096/1714 1788/2097/1715 1791/2098/1716 1790/2099/1717
f 1788/2097/1715 1789/2100/1718 1792/2101/1719 1791/2098/1716
f 1790/2099/1717 1791/2098/1716 1794/2102/1720 1793/2103/1721
f 1791/2098/1716 1792/2101/1719 1795/2104/1722 1794/2102/1720
f 102/1983/1632 636/1981/1630 1787/2096/1714 684/2105/1723
f 636/1981/1630 635/1980/1629 1788/2097/1715 1787/2096/1714
f 635/1980/1629 634/1979/1628 1789/2100/1718 1788/2097/1715
f 634/1979/1628 101/1978/1627 685/2106/1724 1789/2100/1718
f 1789/2100/1718 685/2106/1724 686/2107/1725 1792/2101/1719
f 1792/2101/1719 686/2107/1725 687/2108/1726 1795/2104/1722
f 1795/2104/1722 687/2108/1726 108/2109/1727 673/2110/1728
f 1794/2102/1720 1795/2104/1722 673/2110/1728 674/2111/1729
f 1793/2103/1721 1794/2102/1720 674/2111/1729 675/2112/1730
f 682/2113/1731 1793/2103/1721 675/2112/1730 109/2114/1732
f 683/2115/1733 1790/2099/1717 1793/2103/1721 682/2113/1731
f 684/2105/1723 1787/2096/1714 1790/2099/1717 683/2115/1733
f 1796/2116/1734 1797/2117/1735 1800/2118/1736 1799/2119/1737
f 1797/2117/1735 1798/2120/1738 1801/2121/1739 1800/2118/1736
f 1799/2119/1737 1800/2118/1736 1803/2122/1740 1802/2123/1741
f 1800/2118/1736 1801/2121/1739 1804/2124/1742 1803/2122/1740
f 100/2007/1652 630/2005/1650 1796/2116/1734 690/2125/1743
f 630/2005/1650 629/2004/1649 1797/2117/1735 1796/2116/1734
f 629/2004/1649 628/2003/1648 1798/2120/1738 1797/2117/1735
f 628/2003/1648 99/2002/1647 691/2126/1744 1798/2120/1738
f 1798/2120/1738 691/2126/1744 692/2127/1745 1801/2121/1739
f 1801/2121/1739 692/2127/1745 693/2128/1746 1804/2124/1742
f 1804/2124/1742 693/2128/1746 106/2129/1747 667/2130/1748
f 1803/2122/1740 1804/2124/1742 667/2130/1748 668/2131/1749
f 1802/2123/1741 1803/2122/1740 668/2131/1749 669/2132/1750
f 688/2133/1751 1802/2123/1741 669/2132/1750 107/2134/1752
f 689/2135/1753 1799/2119/1737 1802/2123/1741 688/2133/1751
f 690/2125/1743 1796/2116/1734 1799/2119/1737 689/2135/1753
f 1806/2136/1754 1807/2137/1755 1805/2138/1756 1811/2139/1757
f 1808/2140/1758 1809/2141/1759 1805/2138/1756 1807/2142/1755
f 1810/2143/1760 1811/2139/1757 1805/2138/1756 1809/2144/1759
f 98/2027/1665 813/2145/1667 1806/2136/1754 696/2146/1761
f 813/2145/1667 812/2147/1664 1807/2137/1755 1806/2136/1754
f 696/2146/1761 1806/2136/1754 1811/2139/1757 695/2148/1762
f 62/2149/38 817/2150/1763 1808/2140/1758 811/2151/1663
f 817/2150/1763 818/2152/1764 1809/2141/1759 1808/2140/1758
f 811/2151/1663 1808/2140/1758 1807/2142/1755 812/2147/1664
f 105/2153/1765 694/2154/1766 1810/2143/1760 819/2155/1767
f 694/2154/1766 695/2148/1762 1811/2139/1757 1810/2143/1760
f 819/2155/1767 1810/2143/1760 1809/2144/1759 818/2152/1764
f 1813/2156/1768 1814/2157/1769 1812/2158/1770 1818/2159/1771
f 1815/2160/1772 1816/2161/1773 1812/2158/1770 1814/2162/1769
f 1817/2163/1774 1818/2159/1771 1812/2158/1770 1816/2164/1773
f 61/2165/52 816/2166/1675 1813/2156/1768 822/2167/1775
f 816/2166/1675 815/2168/1676 1814/2157/1769 1813/2156/1768
f 822/2167/1775 1813/2156/1768 1818/2159/1771 821/2169/1776
f 104/1958/1612 697/2170/1777 1815/2160/1772 814/2171/1677
f 697/2170/1777 698/2172/1778 1816/2161/1773 1815/2160/1772
f 814/2171/1677 1815/2160/1772 1814/2162/1769 815/2168/1676
f 111/2173/1779 820/2174/1780 1817/2163/1774 699/2175/1781
f 820/2174/1780 821/2169/1776 1818/2159/1771 1817/2163/1774
f 699/2175/1781 1817/2163/1774 1816/2164/1773 698/2176/1778
f 1819/2177/1782 1820/2178/1783 1823/2179/1784 1822/2180/1785
f 1820/2178/1783 1821/2181/1786 1824/2182/1787 1823/2179/1784
f 1822/2180/1785 1823/2179/1784 1826/2183/1788 1825/2184/1789
f 1823/2179/1784 1824/2182/1787 1827/2185/1790 1826/2183/1788
f 103/2064/1607 639/2062/1689 1819/2177/1782 702/2186/1791
f 639/2062/1689 638/2061/1688 1820/2178/1783 1819/2177/1782
f 638/2061/1688 637/2060/1687 1821/2181/1786 1820/2178/1783
f 637/2060/1687 102/1983/1632 684/2105/1723 1821/2181/1786
f 1821/2181/1786 684/2105/1723 683/2115/1733 1824/2182/1787
f 1824/2182/1787 683/2115/1733 682/2113/1731 1827/2185/1790
f 1827/2185/1790 682/2113/1731 109/2114/1732 676/2187/1792
f 1826/2183/1788 1827/2185/1790 676/2187/1792 677/2188/1793
f 1825/2184/1789 1826/2183/1788 677/2188/1793 678/2189/1794
f 700/2190/1795 1825/2184/1789 678/2189/1794 110/2191/1796
f 701/2192/1797 1822/2180/1785 1825/2184/1789 700/2190/1795
f 702/2186/1791 1819/2177/1782 1822/2180/1785 701/2192/1797
f 1828/2193/1798 1829/2194/1799 1832/2195/1800 1831/2196/1801
f 1829/2194/1799 1830/2197/1802 1833/2198/1803 1832/2195/1800
f 1831/2196/1801 1832/2195/1800 1835/2199/1804 1834/2200/1805
f 1832/2195/1800 1833/2198/1803 1836/2201/1806 1835/2199/1804
f 101/1978/1627 633/2079/1701 1828/2193/1798 685/2106/1724
f 633/2079/1701 632/2078/1700 1829/2194/1799 1828/2193/1798
f 632/2078/1700 631/2077/1699 1830/2197/1802 1829/2194/1799
f 631/2077/1699 100/2007/1652 690/2125/1743 1830/2197/1802
f 1830/2197/1802 690/2125/1743 689/2135/1753 1833/2198/1803
f 1833/2198/1803 689/2135/1753 688/2133/1751 1836/2201/1806
f 1836/2201/1806 688/2133/1751 107/2134/1752 670/2202/1807
f 1835/2199/1804 1836/2201/1806 670/2202/1807 671/2203/1808
f 1834/2200/1805 1835/2199/1804 671/2203/1808 672/2204/1809
f 687/2108/1726 1834/2200/1805 672/2204/1809 108/2109/1727
f 686/2107/1725 1831/2196/1801 1834/2200/1805 687/2108/1726
f 685/2106/1724 1828/2193/1798 1831/2196/1801 686/2107/1725
f 1837/2205/1810 1838/2206/1811 1841/2207/1812 1840/2208/1813
f 1838/2206/1811 1839/2209/1814 1842/2210/1815 1841/2207/1812
f 1840/2208/1813 1841/2207/1812 1844/2211/1816 1843/2212/1817
f 1841/2207/1812 1842/2210/1815 1845/2213/1818 1844/2211/1816
f 99/2095/1647 627/2093/1713 1837/2205/1810 691/2214/1744
f 627/2093/1713 626/2092/1712 1838/2206/1811 1837/2205/1810
f 626/2092/1712 625/2091/1711 1839/2209/1814 1838/2206/1811
f 625/2091/1711 98/2027/1665 696/2146/1761 1839/2209/1814
f 1839/2209/1814 696/2146/1761 695/2148/1762 1842/2210/1815
f 1842/2210/1815 695/2148/1762 694/2215/1766 1845/2213/1818
f 1845/2213/1818 694/2215/1766 105/2153/1765 664/2216/1819
f 1844/2211/1816 1845/2213/1818 664/2216/1819 665/2217/1820
f 1843/2212/1817 1844/2211/1816 665/2217/1820 666/2218/1821
f 693/2219/1746 1843/2212/1817 666/2218/1821 106/2129/1747
f 692/2220/1745 1840/2208/1813 1843/2212/1817 693/2219/1746
f 691/2214/1744 1837/2205/1810 1840/2208/1813 692/2220/1745
f 1846/2221/1822 1847/2222/1823 1850/2223/1824 1849/2224/1825
f 1847/2222/1823 1848/2225/1826 1851/2226/1827 1850/2223/1824
f 1849/2224/1825 1850/2223/1824 1853/2227/1828 1852/2228/1829
f 1850/2223/1824 1851/2226/1827 1854/2229/1830 1853/2227/1828
f 104/1958/1612 642/1956/1610 1846/2221/1822 697/2170/1777
f 642/1956/1610 641/1955/1609 1847/2222/1823 1846/2221/1822
f 641/1955/1609 640/1954/1608 1848/2225/1826 1847/2222/1823
f 640/1954/1608 103/1953/1607 702/2230/1791 1848/2225/1826
f 1848/2225/1826 702/2230/1791 701/2231/1797 1851/2226/1827
f 1851/2226/1827 701/2231/1797 700/2232/1795 1854/2229/1830
f 1854/2229/1830 700/2232/1795 110/2233/1796 679/2234/1831
f 1853/2227/1828 1854/2229/1830 679/2234/1831 680/2235/1832
f 1852/2228/1829 1853/2227/1828 680/2235/1832 681/2236/1833
f 699/2237/1781 1852/2228/1829 681/2236/1833 111/2173/1779
f 698/2172/1778 1849/2224/1825 1852/2228/1829 699/2237/1781
f 697/2170/1777 1846/2221/1822 1849/2224/1825 698/2172/1778
f 1856/2238/1834 1857/2239/1835 1855/2240/1836 1861/2241/1837
f 1858/2242/1838 1859/2243/1839 1855/2240/1836 1857/2244/1835
f 1860/2245/1840 1861/2246/1837 1855/2240/1836 1859/2247/1839
f 61/2248/52 822/2249/1775 1856/2238/1834 729/2250/53
f 822/2249/1775 821/2251/1776 1857/2239/1835 1856/2238/1834
f 729/2250/53 1856/2238/1834 1861/2241/1837 728/2252/55
f 111/2173/1779 823/2253/1841 1858/2242/1838 820/2254/1780
f 823/2253/1841 824/2255/1842 1859/2243/1839 1858/2242/1838
f 820/2254/1780 1858/2242/1838 1857/2244/1835 821/2256/1776
f 4/61/57 727/2257/59 1860/2245/1840 825/2258/1843
f 727/2257/59 728/2252/55 1861/2246/1837 1860/2245/1840
f 825/2258/1843 1860/2245/1840 1859/2247/1839 824/2259/1842
f 1862/2260/1844 1863/2261/1845 1866/2262/1846 1865/2263/1847
f 1863/2261/1845 1864/2264/1848 1867/2265/1849 1866/2262/1846
f 1865/2263/1847 1866/2262/1846 1869/2266/1850 1868/2267/1851
f 1866/2262/1846 1867/2265/1849 1870/2268/1852 1869/2266/1850
f 110/2191/1796 678/2189/1794 1862/2260/1844 708/2269/1853
f 678/2189/1794 677/2188/1793 1863/2261/1845 1862/2260/1844
f 677/2188/1793 676/2187/1792 1864/2264/1848 1863/2261/1845
f 676/2187/1792 109/2114/1732 826/2270/1854 1864/2264/1848
f 1864/2264/1848 826/2270/1854 827/2271/1855 1867/2265/1849
f 1867/2265/1849 827/2271/1855 828/2272/1856 1870/2268/1852
f 1870/2268/1852 828/2272/1856 3/84/78 721/83/77
f 1869/2266/1850 1870/2268/1852 721/83/77 722/82/76
f 1868/2267/1851 1869/2266/1850 722/82/76 723/80/74
f 706/2273/1857 1868/2267/1851 723/80/74 114/79/73
f 707/2274/1858 1865/2263/1847 1868/2267/1851 706/2273/1857
f 708/2269/1853 1862/2260/1844 1865/2263/1847 707/2274/1858
f 1871/2275/1859 1872/2276/1860 1875/2277/1861 1874/2278/1862
f 1872/2276/1860 1873/2279/1863 1876/2280/1864 1875/2277/1861
f 1874/2278/1862 1875/2277/1861 1878/2281/1865 1877/2282/1866
f 1875/2277/1861 1876/2280/1864 1879/2283/1867 1878/2281/1865
f 108/2109/1727 672/2204/1809 1871/2275/1859 831/2284/1868
f 672/2204/1809 671/2203/1808 1872/2276/1860 1871/2275/1859
f 671/2203/1808 670/2202/1807 1873/2279/1863 1872/2276/1860
f 670/2202/1807 107/2134/1752 832/2285/1869 1873/2279/1863
f 1873/2279/1863 832/2285/1869 833/2286/1870 1876/2280/1864
f 1876/2280/1864 833/2286/1870 834/2287/1871 1879/2283/1867
f 1879/2283/1867 834/2287/1871 1/10/10 115/108/102
f 1878/2281/1865 1879/2283/1867 115/108/102 116/107/101
f 1877/2282/1866 1878/2281/1865 116/107/101 117/105/99
f 829/2288/1872 1877/2282/1866 117/105/99 2/104/98
f 830/2289/1873 1874/2278/1862 1877/2282/1866 829/2288/1872
f 831/2284/1868 1871/2275/1859 1874/2278/1862 830/2289/1873
f 1880/2290/1874 1881/2291/1875 1884/2292/1876 1883/2293/1877
f 1881/2291/1875 1882/2294/1878 1885/2295/1879 1884/2292/1876
f 1883/2293/1877 1884/2292/1876 1887/2296/1880 1886/2297/1881
f 1884/2292/1876 1885/2295/1879 1888/2298/1882 1887/2296/1880
f 106/2129/1747 666/2218/1821 1880/2290/1874 711/2299/1883
f 666/2218/1821 665/2217/1820 1881/2291/1875 1880/2290/1874
f 665/2217/1820 664/2216/1819 1882/2294/1878 1881/2291/1875
f 664/2216/1819 105/2153/1765 712/2300/1884 1882/2294/1878
f 1882/2294/1878 712/2300/1884 713/2301/1885 1885/2295/1879
f 1885/2295/1879 713/2301/1885 714/2302/1886 1888/2298/1882
f 1888/2298/1882 714/2302/1886 112/35/33 703/128/120
f 1887/2296/1880 1888/2298/1882 703/128/120 704/127/119
f 1886/2297/1881 1887/2296/1880 704/127/119 705/125/118
f 709/2303/1887 1886/2297/1881 705/125/118 113/124/15
f 710/2304/1888 1883/2293/1877 1886/2297/1881 709/2303/1887
f 711/2299/1883 1880/2290/1874 1883/2293/1877 710/2304/1888
f 1889/2305/1889 1890/2306/1890 1893/2307/1891 1892/2308/1892
f 1890/2306/1890 1891/2309/1893 1894/2310/1894 1893/2307/1891
f 1892/2308/1892 1893/2307/1891 1896/2311/1895 1895/2312/1896
f 1893/2307/1891 1894/2310/1894 1897/2313/1897 1896/2311/1895
f 111/2173/1779 681/2236/1833 1889/2305/1889 823/2314/1841
f 681/2236/1833 680/2235/1832 1890/2306/1890 1889/2305/1889
f 680/2235/1832 679/2234/1831 1891/2309/1893 1890/2306/1890
f 679/2234/1831 110/2233/1796 708/2315/1853 1891/2309/1893
f 1891/2309/1893 708/2315/1853 707/2316/1858 1894/2310/1894
f 1894/2310/1894 707/2316/1858 706/2317/1857 1897/2313/1897
f 1897/2313/1897 706/2317/1857 114/149/73 724/148/135
f 1896/2311/1895 1897/2313/1897 724/148/135 725/147/134
f 1895/2312/1896 1896/2311/1895 725/147/134 726/145/133
f 825/2258/1843 1895/2312/1896 726/145/133 4/61/57
f 824/2255/1842 1892/2308/1892 1895/2312/1896 825/2258/1843
f 823/2314/1841 1889/2305/1889 1892/2308/1892 824/2255/1842
f 1898/2318/1898 1899/2319/1899 1902/2320/1900 1901/2321/1901
f 1899/2319/1899 1900/2322/1902 1903/2323/1903 1902/2320/1900
f 1901/2321/1901 1902/2320/1900 1905/2324/1904 1904/2325/1905
f 1902/2320/1900 1903/2323/1903 1906/2326/1906 1905/2324/1904
f 109/2114/1732 675/2112/1730 1898/2318/1898 826/2270/1854
f 675/2112/1730 674/2111/1729 1899/2319/1899 1898/2318/1898
f 674/2111/1729 673/2110/1728 1900/2322/1902 1899/2319/1899
f 673/2110/1728 108/2109/1727 831/2284/1868 1900/2322/1902
f 1900/2322/1902 831/2284/1868 830/2289/1873 1903/2323/1903
f 1903/2323/1903 830/2289/1873 829/2288/1872 1906/2326/1906
f 1906/2326/1906 829/2288/1872 2/104/98 118/169/150
f 1905/2324/1904 1906/2326/1906 118/169/150 119/168/149
f 1904/2325/1905 1905/2324/1904 119/168/149 120/167/148
f 828/2272/1856 1904/2325/1905 120/167/148 3/84/78
f 827/2271/1855 1901/2321/1901 1904/2325/1905 828/2272/1856
f 826/2270/1854 1898/2318/1898 1901/2321/1901 827/2271/1855
f 1907/2327/1907 1908/2328/1908 1911/2329/1909 1910/2330/1910
f 1908/2328/1908 1909/2331/1911 1912/2332/1912 1911/2329/1909
f 1910/2330/1910 1911/2329/1909 1914/2333/1913 1913/2334/1914
f 1911/2329/1909 1912/2332/1912 1915/2335/1915 1914/2333/1913
f 107/2134/1752 669/2132/1750 1907/2327/1907 832/2285/1869
f 669/2132/1750 668/2131/1749 1908/2328/1908 1907/2327/1907
f 668/2131/1749 667/2130/1748 1909/2331/1911 1908/2328/1908
f 667/2130/1748 106/2129/1747 711/2336/1883 1909/2331/1911
f 1909/2331/1911 711/2336/1883 710/2337/1888 1912/2332/1912
f 1912/2332/1912 710/2337/1888 709/2338/1887 1915/2335/1915
f 1915/2335/1915 709/2338/1887 113/15/15 718/14/14
f 1914/2333/1913 1915/2335/1915 718/14/14 719/13/13
f 1913/2334/1914 1914/2333/1913 719/13/13 720/11/11
f 834/2287/1871 1913/2334/1914 720/11/11 1/10/10
f 833/2286/1870 1910/2330/1910 1913/2334/1914 834/2287/1871
f 832/2285/1869 1907/2327/1907 1910/2330/1910 833/2286/1870
f 1917/2339/1916 1918/2340/1917 1916/2341/1918 1922/2342/1919
f 1919/2343/1920 1920/2344/1921 1916/2341/1918 1918/2345/1917
f 1921/2346/1922 1922/2347/1919 1916/2341/1918 1920/2348/1921
f 105/2153/1765 819/2349/1767 1917/2339/1916 712/2300/1884
f 819/2349/1767 818/2350/1764 1918/2340/1917 1917/2339/1916
f 712/2300/1884 1917/2339/1916 1922/2342/1919 713/2301/1885
f 62/2351/38 715/2352/40 1919/2343/1920 817/2353/1763
f 715/2352/40 716/2354/36 1920/2344/1921 1919/2343/1920
f 817/2353/1763 1919/2343/1920 1918/2345/1917 818/2355/1764
f 112/35/33 714/2356/1886 1921/2346/1922 717/2357/34
f 714/2356/1886 713/2301/1885 1922/2347/1919 1921/2346/1922
f 717/2357/34 1921/2346/1922 1920/2348/1921 716/2354/36
o Atmo
v 0.000083 238.703003 -561.657776
v 0.000051 0.000000 -607.933960
v 0.000084 -238.703003 -561.657776
v 0.000059 -574.475647 -241.372009
v 92.369125 574.475647 -222.998688
v 164.505798 441.065613 -397.152039
v 214.937164 238.703003 -518.904114
v 232.646317 0.000000 -561.657837
v 214.937164 -238.703003 -518.904114
v 164.505798 -441.065613 -397.152008
v 92.369110 -574.475647 -222.998688
v 170.675812 574.475647 -170.675797
v 303.967010 441.065613 -303.966949
v 397.152039 238.703003 -397.151978
v 429.874268 0.000000 -429.874237
v 397.152039 -238.703003 -397.152008
v 303.967010 -441.065613 -303.966980
v 170.675827 -574.475708 -170.675797
v 222.998718 574.475647 -92.369057
v 397.152039 441.065613 -164.505707
v 518.904175 238.703003 -214.937088
v 561.657837 0.000000 -232.646225
v 518.904114 -238.703003 -214.937088
v 397.152069 -441.065613 -164.505692
v 222.998718 -574.475708 -92.369064
v 241.372025 574.475647 0.000030
v 429.874268 441.065613 0.000054
v 561.657776 238.703003 0.000074
v 607.934021 0.000000 0.000089
v 561.657776 -238.703003 0.000076
v 429.874207 -441.065613 0.000057
v 241.372055 -574.475647 0.000030
v 222.998657 574.475647 92.369118
v 397.151978 441.065613 164.505798
v 518.904053 238.703003 214.937210
v 561.657776 0.000000 232.646362
v 518.904053 -238.703003 214.937195
v 397.151978 -441.065613 164.505798
v 222.998688 -574.475647 92.369118
v 170.675766 574.475647 170.675842
v 303.966888 441.065613 303.967010
v 397.151947 238.703003 397.152100
v 429.874207 0.000000 429.874268
v 397.151978 -238.703003 397.152100
v 303.966888 -441.065613 303.967010
v 170.675766 -574.475708 170.675827
v 92.369026 574.475647 222.998688
v 164.505630 441.065613 397.152008
v 214.937012 238.703003 518.904114
v 232.646133 0.000000 561.657776
v 214.937012 -238.703003 518.904114
v 164.505630 -441.065613 397.152039
v 92.369026 -574.475708 222.998688
v -0.000074 574.475647 241.372009
v -0.000135 441.065613 429.874237
v -0.000156 238.703003 561.657715
v -0.000201 0.000000 607.933960
v -0.000156 -238.703003 561.657776
v -0.000135 -441.065613 429.874146
v -0.000074 -574.475647 241.372040
v -0.000003 -629.173767 -0.000006
v 0.000002 629.173767 -0.000007
v -92.369156 574.475647 222.998642
v -164.505859 441.065613 397.151947
v -214.937286 238.703003 518.903992
v -232.646484 0.000000 561.657715
v -214.937286 -238.703003 518.903992
v -164.505859 -441.065613 397.151917
v -92.369156 -574.475647 222.998642
v -170.675888 574.475647 170.675735
v -303.967102 441.065613 303.966827
v -397.152130 238.703003 397.151855
v -429.874420 0.000000 429.874084
v -397.152130 -238.703003 397.151855
v -303.967072 -441.065613 303.966827
v -170.675873 -574.475708 170.675735
v -222.998734 574.475647 92.368973
v -397.152039 441.065613 164.505554
v -518.904175 238.703003 214.936890
v -561.657837 0.000000 232.646042
v -518.904175 -238.703003 214.936920
v -397.152069 -441.065613 164.505554
v -222.998734 -574.475708 92.368973
v -241.372086 574.475647 -0.000112
v -429.874207 441.065613 -0.000193
v -561.657776 238.703003 -0.000238
v -607.933960 -0.000000 -0.000284
v -561.657776 -238.703003 -0.000235
v -429.874207 -441.065613 -0.000192
v -241.372055 -574.475647 -0.000113
v -222.998642 574.475647 -92.369186
v -397.151855 441.065613 -164.505920
v -518.903931 238.703033 -214.937317
v -561.657593 0.000000 -232.646530
v -518.903931 -238.703003 -214.937317
v -397.151855 -441.065613 -164.505905
v -222.998657 -574.475708 -92.369179
v -170.675720 574.475647 -170.675903
v -303.966766 441.065613 -303.967041
v -397.151794 238.703003 -397.152161
v -429.874023 0.000000 -429.874420
v -397.151794 -238.703003 -397.152130
v -303.966766 -441.065613 -303.967102
v -170.675720 -574.475708 -170.675903
v -92.368950 574.475647 -222.998749
v -164.505493 441.065613 -397.152039
v -214.936890 238.703003 -518.904175
v -232.646011 0.000000 -561.657898
v -214.936890 -238.703003 -518.904175
v -164.505508 -441.065613 -397.152039
v -92.368965 -574.475647 -222.998749
v 0.000129 574.475647 -241.372055
v 0.000193 441.065613 -429.874237
v 0.000172 -441.065613 -429.874176
v 0.000066 181.066360 -581.734253
v 0.000059 121.681923 -596.214417
v 0.000055 61.132256 -604.985352
v 0.000057 -61.132256 -604.985352
v 0.000057 -121.681915 -596.214355
v 0.000066 -181.066360 -581.734192
v 111.071930 549.329346 -268.151245
v 129.660477 518.379395 -313.027954
v 147.637543 482.125153 -356.428406
v 179.830414 395.699249 -434.148865
v 193.425919 346.520752 -466.971283
v 205.169174 294.024017 -495.322021
v 222.620071 181.066360 -537.452271
v 228.161392 121.681923 -550.830200
v 231.517883 61.132256 -558.933472
v 231.517883 -61.132256 -558.933472
v 228.161392 -121.681915 -550.830261
v 222.620071 -181.066360 -537.452271
v 205.169174 -294.024017 -495.322021
v 193.425919 -346.520782 -466.971283
v 179.830414 -395.699219 -434.148834
v 147.637527 -482.125061 -356.428406
v 129.660477 -518.379395 -313.027985
v 111.071907 -549.329407 -268.151245
v 163.038956 238.703003 -537.452271
v 109.566994 238.703003 -550.830139
v 55.045822 238.703003 -558.933472
v 24.046194 -574.250122 -241.323944
v 47.537212 -574.024658 -238.985535
v 70.134964 -574.250122 -232.156326
v 55.045822 -238.702988 -558.933472
v 109.567001 -238.703003 -550.830200
v 163.038956 -238.703003 -537.452271
v 176.472076 0.000000 -581.734192
v 118.594421 0.000000 -596.214417
v 59.581150 0.000000 -604.985352
v 205.234085 549.329346 -205.234070
v 239.581268 518.379395 -239.581177
v 272.798553 482.125153 -272.798462
v 332.283234 395.699249 -332.283142
v 357.404419 346.520752 -357.404358
v 379.103180 294.024017 -379.103119
v 411.348267 181.066360 -411.348114
v 421.587250 121.681923 -421.587158
v 427.789246 61.132256 -427.789093
v 427.789276 -61.132256 -427.789154
v 421.587311 -121.681915 -421.587219
v 411.348267 -181.066360 -411.348175
v 379.103180 -294.024017 -379.103119
v 357.404419 -346.520782 -357.404358
v 332.283203 -395.699219 -332.283112
v 272.798553 -482.125061 -272.798462
v 239.581253 -518.379395 -239.581207
v 205.234085 -549.329407 -205.234039
v 272.702087 -441.065613 -332.283173
v 238.810013 -441.065613 -357.404358
v 202.631119 -441.065613 -379.103088
v 264.750275 -238.702988 -495.322052
v 312.020294 -238.703003 -466.971283
v 356.302490 -238.703003 -434.148926
v 385.659027 0.000000 -469.919373
v 337.728333 0.000000 -505.446167
v 286.563660 0.000000 -536.132690
v 264.750275 238.703003 -495.322052
v 312.020325 238.703003 -466.971283
v 356.302460 238.703003 -434.148926
v 272.702087 441.065613 -332.283142
v 238.810013 441.065674 -357.404358
v 202.631119 441.065613 -379.103149
v 114.566467 574.250122 -213.752228
v 135.374466 574.024536 -202.602173
v 153.638611 574.250122 -187.645004
v 153.638611 -574.250122 -187.645004
v 135.374466 -574.024597 -202.602173
v 114.566437 -574.250183 -213.752213
v 268.151245 549.329346 -111.071846
v 313.027985 518.379395 -129.660385
v 356.428436 482.125153 -147.637436
v 434.148956 395.699249 -179.830322
v 466.971375 346.520752 -193.425812
v 495.322144 294.024017 -205.169083
v 537.452332 181.066360 -222.619995
v 550.830261 121.681923 -228.161301
v 558.933472 61.132256 -231.517761
v 558.933533 -61.132256 -231.517792
v 550.830322 -121.681915 -228.161316
v 537.452332 -181.066360 -222.619995
v 495.322144 -294.024017 -205.169083
v 466.971405 -346.520782 -193.425812
v 434.148895 -395.699219 -179.830322
v 356.428436 -482.125061 -147.637436
v 313.028015 -518.379395 -129.660400
v 268.151276 -549.329407 -111.071846
v 213.752243 -574.250122 -114.566406
v 202.602203 -574.024597 -135.374420
v 187.645035 -574.250183 -153.638596
v 332.283234 -441.065613 -272.702026
v 357.404419 -441.065613 -238.809921
v 379.103180 -441.065613 -202.631042
v 495.322205 -238.703003 -264.750244
v 466.971405 -238.703003 -312.020264
v 434.148895 -238.702988 -356.302399
v 469.919403 0.000000 -385.658905
v 505.446136 0.000000 -337.728241
v 536.132812 0.000000 -286.563538
v 495.322144 238.703003 -264.750183
v 466.971405 238.703003 -312.020264
v 434.148895 238.703003 -356.302399
v 332.283173 441.065582 -272.702026
v 357.404419 441.065613 -238.809937
v 379.103180 441.065613 -202.631042
v 213.752228 574.250183 -114.566422
v 202.602188 574.024597 -135.374420
v 187.645035 574.250122 -153.638596
v 290.244781 549.329346 0.000037
v 338.819031 518.379395 0.000044
v 385.795319 482.125153 0.000048
v 469.919403 395.699249 0.000061
v 505.446106 346.520752 0.000064
v 536.132812 294.024017 0.000074
v 581.734253 181.066360 0.000082
v 596.214417 121.681923 0.000082
v 604.985352 61.132256 0.000087
v 604.985352 -61.132256 0.000092
v 596.214355 -121.681915 0.000087
v 581.734192 -181.066360 0.000084
v 536.132812 -294.024017 0.000069
v 505.446106 -346.520782 0.000068
v 469.919403 -395.699219 0.000056
v 385.795319 -482.125061 0.000048
v 338.819000 -518.379395 0.000042
v 290.244812 -549.329407 0.000037
v 558.933472 -238.703003 -55.045696
v 550.830322 -238.703003 -109.566872
v 537.452393 -238.702988 -163.038864
v 581.734253 0.000000 -176.471970
v 596.214355 0.000000 -118.594353
v 604.985291 0.000000 -59.581036
v 558.933533 238.703003 -55.045704
v 550.830322 238.703003 -109.566872
v 537.452332 238.703003 -163.038864
v 411.348236 441.065582 -124.784546
v 421.587189 441.065613 -83.858856
v 427.789185 441.065613 -42.130161
v 241.323959 574.250122 -24.046122
v 238.985550 574.024597 -47.537159
v 232.156342 574.250122 -70.134918
v 232.156342 -574.250122 -70.134918
v 238.985580 -574.024658 -47.537159
v 241.323959 -574.250122 -24.046124
v 427.789185 -441.065613 -42.130161
v 421.587250 -441.065613 -83.858864
v 411.348206 -441.065613 -124.784546
v 268.151215 549.329346 111.071922
v 313.027924 518.379395 129.660477
v 356.428345 482.125153 147.637527
v 434.148895 395.699249 179.830429
v 466.971283 346.520752 193.425934
v 495.321991 294.024017 205.169235
v 537.452332 181.066360 222.620117
v 550.830139 121.681923 228.161469
v 558.933411 61.132256 231.517944
v 558.933411 -61.132256 231.517944
v 550.830200 -121.681915 228.161469
v 537.452332 -181.066360 222.620117
v 495.321991 -294.024017 205.169220
v 466.971283 -346.520782 193.425934
v 434.148804 -395.699219 179.830414
v 356.428375 -482.125061 147.637543
v 313.027954 -518.379395 129.660492
v 268.151215 -549.329407 111.071922
v 241.323959 -574.250122 24.046179
v 238.985550 -574.024658 47.537212
v 232.156326 -574.250122 70.134972
v 411.348175 -441.065613 124.784645
v 421.587158 -441.065613 83.858971
v 427.789124 -441.065613 42.130268
v 558.933472 -238.702988 55.045845
v 550.830139 -238.703003 109.567047
v 537.452271 -238.703003 163.039017
v 581.734192 0.000000 176.472153
v 596.214355 0.000000 118.594482
v 604.985352 0.000000 59.581207
v 558.933472 238.703003 55.045845
v 550.830139 238.703003 109.567032
v 537.452271 238.703003 163.039017
v 411.348175 441.065613 124.784645
v 421.587189 441.065674 83.858963
v 427.789124 441.065613 42.130268
v 241.323959 574.250122 24.046181
v 238.985535 574.024536 47.537216
v 232.156342 574.250122 70.134972
v 205.234009 549.329346 205.234085
v 239.581131 518.379395 239.581284
v 272.798431 482.125153 272.798523
v 332.283112 395.699249 332.283203
v 357.404266 346.520752 357.404419
v 379.103058 294.024017 379.103180
v 411.348114 181.066360 411.348297
v 421.587067 121.681923 421.587280
v 427.789093 61.132256 427.789246
v 427.789124 -61.132256 427.789307
v 421.587189 -121.681915 421.587311
v 411.348114 -181.066360 411.348297
v 379.103027 -294.024017 379.103180
v 357.404297 -346.520782 357.404419
v 332.283112 -395.699219 332.283203
v 272.798431 -482.125061 272.798523
v 239.581177 -518.379395 239.581253
v 205.233994 -549.329407 205.234085
v 469.919342 0.000000 385.659027
v 505.446106 0.000000 337.728363
v 536.132690 0.000000 286.563721
v 495.322052 238.703003 264.750336
v 466.971283 238.703003 312.020355
v 434.148865 238.703003 356.302490
v 332.283112 441.065613 272.702118
v 357.404297 441.065674 238.810013
v 379.103058 441.065613 202.631119
v 213.752197 574.250122 114.566467
v 202.602142 574.024536 135.374481
v 187.644974 574.250122 153.638641
v 187.644989 -574.250122 153.638641
v 202.602142 -574.024597 135.374481
v 213.752167 -574.250183 114.566452
v 379.103119 -441.065613 202.631134
v 357.404327 -441.065613 238.810043
v 332.283112 -441.065613 272.702118
v 434.148804 -238.703003 356.302521
v 466.971283 -238.703003 312.020355
v 495.321991 -238.702988 264.750305
v 111.071808 549.329346 268.151215
v 129.660339 518.379395 313.027954
v 147.637360 482.125153 356.428406
v 179.830246 395.699249 434.148865
v 193.425720 346.520752 466.971344
v 205.169006 294.024017 495.322052
v 222.619919 181.066360 537.452393
v 228.161209 121.681923 550.830261
v 231.517685 61.132256 558.933533
v 231.517715 -61.132256 558.933533
v 228.161240 -121.681915 550.830322
v 222.619919 -181.066360 537.452332
v 205.168991 -294.024017 495.322174
v 193.425735 -346.520782 466.971344
v 179.830231 -395.699219 434.148865
v 147.637375 -482.125061 356.428406
v 129.660339 -518.379395 313.027985
v 111.071793 -549.329407 268.151245
v 114.566376 -574.250122 213.752228
v 135.374374 -574.024597 202.602188
v 153.638565 -574.250183 187.645035
v 272.701996 -441.065613 332.283203
v 238.809875 -441.065613 357.404388
v 202.630981 -441.065613 379.103149
v 264.750122 -238.703003 495.322113
v 312.020172 -238.703003 466.971375
v 356.302338 -238.702988 434.148926
v 385.658844 0.000000 469.919464
v 337.728241 0.000000 505.446198
v 286.563477 0.000000 536.132874
v 264.750153 238.703003 495.322113
v 312.020172 238.703003 466.971375
v 356.302338 238.703003 434.148865
v 272.701965 441.065582 332.283203
v 238.809860 441.065613 357.404419
v 202.630936 441.065613 379.103149
v 114.566376 574.250183 213.752213
v 135.374390 574.024597 202.602203
v 153.638550 574.250122 187.645020
v -0.000091 549.329346 290.244751
v -0.000106 518.379395 338.818970
v -0.000121 482.125153 385.795258
v -0.000137 395.699249 469.919312
v -0.000146 346.520752 505.446075
v -0.000149 294.024017 536.132690
v -0.000168 181.066360 581.734192
v -0.000188 121.681923 596.214417
v -0.000184 61.132256 604.985229
v -0.000187 -61.132256 604.985229
v -0.000186 -121.681915 596.214355
v -0.000173 -181.066360 581.734131
v -0.000149 -294.024017 536.132690
v -0.000143 -346.520782 505.446075
v -0.000138 -395.699219 469.919250
v -0.000121 -482.125061 385.795288
v -0.000106 -518.379395 338.818970
v -0.000092 -549.329407 290.244751
v -0.000059 -593.622864 193.047867
v -0.000043 -607.789307 144.310150
v -0.000027 -618.548706 91.485199
v 55.045628 238.703003 558.933472
v 109.566811 238.703003 550.830261
v 163.038788 238.703003 537.452332
v 124.784454 441.065582 411.348175
v 83.858780 441.065613 421.587158
v 42.130077 441.065613 427.789154
v 24.046076 574.250122 241.323944
v 47.537109 574.024597 238.985535
v 70.134872 574.250122 232.156326
v 70.134872 -574.250122 232.156326
v 47.537113 -574.024658 238.985535
v 24.046078 -574.250122 241.323944
v 42.130081 -441.065613 427.789093
v 83.858780 -441.065613 421.587158
v 124.784470 -441.065613 411.348175
v 163.038788 -238.702988 537.452271
v 109.566811 -238.703003 550.830261
v 55.045628 -238.703003 558.933472
v 59.580925 0.000000 604.985229
v 118.594223 0.000000 596.214417
v 176.471878 0.000000 581.734253
v -35.009903 618.548767 84.521301
v -55.225151 607.789368 133.325180
v -73.876289 593.622864 178.352936
v -111.071968 549.329346 268.151154
v -129.660538 518.379395 313.027863
v -147.637604 482.125153 356.428284
v -179.830490 395.699249 434.148834
v -193.425995 346.520752 466.971191
v -205.169296 294.024017 495.321960
v -222.620209 181.066360 537.452209
v -228.161560 121.681923 550.830078
v -231.518021 61.132256 558.933350
v -231.518021 -61.132256 558.933411
v -228.161560 -121.681915 550.830200
v -222.620209 -181.066360 537.452209
v -205.169281 -294.024017 495.321960
v -193.425980 -346.520782 466.971191
v -179.830490 -395.699219 434.148743
v -147.637604 -482.125061 356.428284
v -129.660538 -518.379395 313.027893
v -111.071983 -549.329407 268.151154
v -24.046225 -574.250122 241.323944
v -47.537262 -574.024658 238.985535
v -70.135017 -574.250122 232.156296
v -124.784714 -441.065613 411.348114
v -83.859039 -441.065613 421.587128
v -42.130341 -441.065613 427.789062
v -55.045929 -238.702988 558.933411
v -109.567123 -238.703003 550.830139
v -163.039093 -238.703003 537.452148
v -176.472260 0.000000 581.734070
v -118.594620 0.000000 596.214355
v -59.581329 0.000000 604.985229
v -55.045929 238.703003 558.933350
v -109.567116 238.703003 550.830078
v -163.039093 238.703003 537.452148
v -124.784714 441.065613 411.348083
v -83.859039 441.065674 421.587128
v -42.130344 441.065613 427.789062
v -24.046228 574.250122 241.323944
v -47.537262 574.024536 238.985519
v -70.135010 574.250122 232.156281
v -205.234146 549.329346 205.233948
v -239.581345 518.379395 239.581116
v -272.798584 482.125153 272.798370
v -332.283264 395.699249 332.283051
v -357.404480 346.520752 357.404205
v -379.103210 294.024017 379.102966
v -411.348328 181.066360 411.348022
v -421.587341 121.681923 421.587036
v -427.789337 61.132256 427.788910
v -427.789337 -61.132256 427.789001
v -421.587402 -121.681915 421.587036
v -411.348358 -181.066360 411.348022
v -379.103241 -294.024017 379.102997
v -357.404480 -346.520782 357.404205
v -332.283234 -395.699219 332.282990
v -272.798553 -482.125061 272.798309
v -239.581329 -518.379395 239.581131
v -205.234131 -549.329407 205.233963
v -272.702148 441.065613 332.283051
v -238.810074 441.065674 357.404266
v -202.631180 441.065613 379.102997
v -114.566498 574.250122 213.752151
v -135.374512 574.024536 202.602097
v -153.638687 574.250122 187.644958
v -153.638687 -574.250122 187.644928
v -135.374512 -574.024597 202.602112
v -114.566513 -574.250183 213.752136
v -202.631180 -441.065613 379.102997
v -238.810074 -441.065613 357.404266
v -272.702148 -441.065613 332.283051
v -356.302551 -238.703003 434.148743
v -312.020447 -238.703003 466.971191
v -264.750366 -238.702988 495.321960
v -286.563812 0.000000 536.132690
v -337.728485 0.000000 505.446014
v -385.659119 0.000000 469.919220
v -356.302551 238.703003 434.148773
v -312.020447 238.703003 466.971191
v -264.750397 238.703003 495.321960
v -268.151276 549.329346 111.071747
v -313.028015 518.379395 129.660263
v -356.428436 482.125153 147.637299
v -434.148895 395.699249 179.830154
v -466.971375 346.520752 193.425659
v -495.322113 294.024017 205.168900
v -537.452332 181.066360 222.619812
v -550.830261 121.681923 228.161102
v -558.933594 61.132256 231.517593
v -558.933594 -61.132256 231.517593
v -550.830322 -121.681915 228.161102
v -537.452332 -181.066360 222.619812
v -495.322144 -294.024017 205.168915
v -466.971375 -346.520782 193.425659
v -434.148895 -395.699219 179.830154
v -356.428436 -482.125061 147.637299
v -313.028015 -518.379395 129.660263
v -268.151276 -549.329407 111.071747
v -213.752274 -574.250122 114.566330
v -202.602234 -574.024597 135.374344
v -187.645065 -574.250183 153.638519
v -332.283234 -441.065613 272.701904
v -357.404449 -441.065613 238.809814
v -379.103180 -441.065613 202.630890
v -495.322144 -238.703003 264.750061
v -466.971405 -238.703003 312.020081
v -434.148956 -238.702988 356.302277
v -469.919556 0.000000 385.658783
v -505.446259 0.000000 337.728088
v -536.132935 0.000000 286.563385
v -495.322144 238.703003 264.750061
v -466.971405 238.703003 312.020081
v -434.148956 238.703003 356.302216
v -332.283234 441.065582 272.701904
v -357.404449 441.065613 238.809799
v -379.103180 441.065613 202.630875
v -213.752274 574.250183 114.566330
v -202.602234 574.024597 135.374344
v -187.645050 574.250122 153.638504
v -290.244781 549.329346 -0.000135
v -338.819000 518.379395 -0.000157
v -385.795319 482.125092 -0.000177
v -469.919342 395.699219 -0.000204
v -505.446045 346.520721 -0.000212
v -536.132751 294.023987 -0.000222
v -581.734131 181.066360 -0.000251
v -596.214233 121.681900 -0.000267
v -604.985229 61.132256 -0.000277
v -604.985229 -61.132256 -0.000280
v -596.214355 -121.681885 -0.000266
v -581.734192 -181.066345 -0.000250
v -536.132690 -294.023987 -0.000223
v -505.446045 -346.520721 -0.000213
v -469.919403 -395.699249 -0.000204
v -385.795288 -482.125153 -0.000177
v -338.819000 -518.379395 -0.000157
v -290.244781 -549.329407 -0.000135
v -241.323959 574.250122 24.046038
v -238.985580 574.024597 47.537071
v -232.156372 574.250122 70.134827
v -232.156387 -574.250122 70.134827
v -238.985580 -574.024658 47.537071
v -241.323959 -574.250122 24.046038
v -427.789124 -441.065613 42.130009
v -421.587189 -441.065674 83.858711
v -411.348236 -441.065613 124.784401
v -537.452332 -238.703003 163.038696
v -550.830200 -238.703003 109.566704
v -558.933472 -238.703003 55.045532
v -604.985229 0.000000 59.580833
v -596.214417 0.000000 118.594139
v -581.734314 0.000000 176.471802
v -537.452332 238.703003 163.038696
v -550.830200 238.702988 109.566704
v -558.933472 238.703003 55.045532
v -427.789124 441.065674 42.130009
v -421.587158 441.065582 83.858704
v -411.348236 441.065613 124.784401
v -268.151154 549.329346 -111.071999
v -313.027863 518.379395 -129.660553
v -356.428284 482.125153 -147.637619
v -434.148773 395.699249 -179.830521
v -466.971161 346.520752 -193.426025
v -495.321899 294.024048 -205.169327
v -537.452209 181.066376 -222.620270
v -550.830139 121.681915 -228.161591
v -558.933411 61.132256 -231.518112
v -558.933411 -61.132256 -231.518112
v -550.830139 -121.681915 -228.161591
v -537.452148 -181.066376 -222.620239
v -495.321960 -294.024048 -205.169312
v -466.971161 -346.520721 -193.426025
v -434.148773 -395.699249 -179.830536
v -356.428253 -482.125061 -147.637604
v -313.027893 -518.379395 -129.660553
v -268.151184 -549.329407 -111.071999
v -411.348114 -441.065613 -124.784752
v -421.587097 -441.065613 -83.859085
v -427.789124 -441.065674 -42.130394
v -558.933411 -238.703003 -55.046001
v -550.830139 -238.703003 -109.567177
v -537.452148 -238.703003 -163.039139
v -581.734131 0.000000 -176.472336
v -596.214233 0.000000 -118.594696
v -604.985168 0.000000 -59.581390
v -558.933411 238.702988 -55.046001
v -550.830139 238.703033 -109.567169
v -537.452209 238.703003 -163.039139
v -411.348083 441.065613 -124.784752
v -421.587097 441.065674 -83.859085
v -427.789093 441.065613 -42.130394
v -241.323959 574.250122 -24.046263
v -238.985535 574.024536 -47.537289
v -232.156296 574.250122 -70.135040
v -232.156296 -574.250122 -70.135040
v -238.985504 -574.024597 -47.537289
v -241.323929 -574.250183 -24.046261
v -205.233932 549.329346 -205.234161
v -239.581085 518.379395 -239.581329
v -272.798309 482.125153 -272.798584
v -332.282959 395.699249 -332.283234
v -357.404144 346.520752 -357.404480
v -379.102905 294.024017 -379.103241
v -411.347961 181.066360 -411.348358
v -421.586945 121.681923 -421.587372
v -427.788879 61.132256 -427.789337
v -427.788940 -61.132256 -427.789398
v -421.587006 -121.681915 -421.587402
v -411.348022 -181.066360 -411.348358
v -379.102905 -294.024017 -379.103271
v -357.404144 -346.520782 -357.404480
v -332.282898 -395.699219 -332.283264
v -272.798309 -482.125061 -272.798584
v -239.581085 -518.379395 -239.581329
v -205.233932 -549.329407 -205.234146
v -187.644928 -574.250122 -153.638702
v -202.602097 -574.024597 -135.374542
v -213.752151 -574.250183 -114.566528
v -379.102936 -441.065613 -202.631226
v -357.404175 -441.065613 -238.810104
v -332.282990 -441.065613 -272.702179
v -434.148712 -238.703003 -356.302582
v -466.971130 -238.703003 -312.020447
v -495.321899 -238.702988 -264.750427
v -536.132629 0.000000 -286.563873
v -505.446014 0.000000 -337.728485
v -469.919250 0.000000 -385.659149
v -434.148712 238.703003 -356.302582
v -466.971130 238.703003 -312.020447
v -495.321899 238.703003 -264.750427
v -379.102966 441.065582 -202.631210
v -357.404175 441.065613 -238.810089
v -332.282990 441.065613 -272.702148
v -187.644928 574.250183 -153.638702
v -202.602112 574.024597 -135.374542
v -213.752151 574.250122 -114.566513
v -111.071709 549.329346 -268.151276
v -129.660233 518.379395 -313.027985
v -147.637253 482.125153 -356.428406
v -179.830124 395.699249 -434.148865
v -193.425613 346.520752 -466.971375
v -205.168884 294.024017 -495.322174
v -222.619827 181.066360 -537.452393
v -228.161087 121.681923 -550.830261
v -231.517593 61.132256 -558.933533
v -231.517593 -61.132256 -558.933533
v -228.161118 -121.681915 -550.830383
v -222.619827 -181.066360 -537.452332
v -205.168900 -294.024017 -495.322174
v -193.425613 -346.520782 -466.971344
v -179.830109 -395.699219 -434.148865
v -147.637283 -482.125061 -356.428406
v -129.660248 -518.379395 -313.027985
v -111.071724 -549.329407 -268.151276
v -264.750000 -238.703003 -495.322174
v -312.019989 -238.703003 -466.971436
v -356.302185 -238.702988 -434.148987
v -385.658722 0.000000 -469.919556
v -337.728027 0.000000 -505.446259
v -286.563354 0.000000 -536.132935
v -264.749969 238.703003 -495.322113
v -312.020020 238.703003 -466.971375
v -356.302185 238.703003 -434.148926
v -272.701874 441.065582 -332.283234
v -238.809753 441.065613 -357.404449
v -202.630814 441.065613 -379.103149
v -114.566292 574.250122 -213.752258
v -135.374344 574.024597 -202.602249
v -153.638489 574.250122 -187.645065
v -153.638489 -574.250122 -187.645081
v -135.374344 -574.024658 -202.602234
v -114.566307 -574.250122 -213.752258
v -202.630829 -441.065613 -379.103149
v -238.809738 -441.065613 -357.404449
v -272.701874 -441.065613 -332.283234
v 0.000155 549.329346 -290.244781
v 0.000178 518.379395 -338.819000
v 0.000194 482.125092 -385.795288
v -42.130009 -441.065613 -427.789093
v -83.858688 -441.065613 -421.587158
v -124.784348 -441.065613 -411.348175
v -42.129990 441.065613 -427.789185
v -83.858665 441.065674 -421.587158
v -124.784348 441.065613 -411.348206
v -70.134789 574.250122 -232.156372
v -47.537041 574.024536 -238.985565
v -24.046009 574.250122 -241.323975
v 0.000044 618.548767 -91.485214
v 0.000075 607.789368 -144.310150
v 0.000102 593.622925 -193.047867
v 0.000173 395.699249 -469.919312
v 0.000149 346.520752 -505.446075
v 0.000115 294.024017 -536.132690
v 0.000110 -294.024017 -536.132690
v 0.000142 -346.520782 -505.446106
v 0.000166 -395.699219 -469.919312
v 0.000162 -482.125153 -385.795288
v 0.000130 -518.379395 -338.818970
v 0.000091 -549.329407 -290.244812
v 0.000034 -593.622864 -193.047882
v 0.000021 -607.789368 -144.310165
v 0.000013 -618.548828 -91.485214
v 35.009892 618.548767 -84.521324
v 55.225132 607.789368 -133.325195
v 73.876259 593.622864 -178.352982
v 73.876244 -593.622925 -178.352997
v 55.225113 -607.789368 -133.325211
v 35.009884 -618.548767 -84.521324
v 42.130367 441.065582 -427.789154
v 83.859032 441.065613 -421.587219
v 124.784668 441.065613 -411.348206
v 70.134995 574.250122 -232.156326
v 47.537262 574.024597 -238.985535
v 24.046259 574.250122 -241.323944
v 124.784668 -441.065613 -411.348175
v 83.859024 -441.065613 -421.587158
v 42.130352 -441.065613 -427.789093
v 64.689812 618.548767 -64.689819
v 102.042694 607.789368 -102.042686
v 136.505478 593.622864 -136.505447
v 136.505463 -593.622925 -136.505447
v 102.042702 -607.789368 -102.042686
v 64.689819 -618.548767 -64.689812
v 84.521317 618.548767 -35.009872
v 133.325226 607.789368 -55.225094
v 178.353012 593.622864 -73.876205
v 178.352997 -593.622864 -73.876205
v 133.325226 -607.789368 -55.225094
v 84.521332 -618.548706 -35.009872
v 91.485207 618.548767 0.000010
v 144.310165 607.789368 0.000017
v 193.047913 593.622864 0.000023
v 193.047882 -593.622864 0.000023
v 144.310150 -607.789368 0.000017
v 91.485207 -618.548706 0.000009
v 84.521309 618.548767 35.009884
v 133.325195 607.789368 55.225128
v 178.352982 593.622864 73.876259
v 178.352982 -593.622864 73.876259
v 133.325195 -607.789368 55.225128
v 84.521317 -618.548706 35.009884
v 64.689804 618.548767 64.689827
v 102.042671 607.789368 102.042702
v 136.505432 593.622864 136.505478
v 136.505432 -593.622864 136.505478
v 102.042671 -607.789307 102.042709
v 64.689804 -618.548706 64.689819
v 35.009857 618.548767 84.521317
v 55.225079 607.789368 133.325211
v 73.876190 593.622864 178.352997
v 73.876183 -593.622864 178.352982
v 55.225079 -607.789307 133.325226
v 35.009857 -618.548706 84.521324
v -0.000028 618.548767 91.485199
v -0.000044 607.789368 144.310150
v -0.000059 593.622864 193.047882
v -73.876289 -593.622864 178.352921
v -55.225151 -607.789307 133.325180
v -35.009903 -618.548706 84.521294
v -64.689842 618.548767 64.689781
v -102.042732 607.789368 102.042641
v -136.505508 593.622864 136.505386
v -136.505524 -593.622864 136.505402
v -102.042740 -607.789307 102.042648
v -64.689842 -618.548706 64.689781
v -84.521339 618.548767 35.009838
v -133.325241 607.789368 55.225044
v -178.353043 593.622864 73.876144
v -178.353027 -593.622864 73.876144
v -133.325241 -607.789307 55.225044
v -84.521339 -618.548706 35.009838
v -91.485207 618.548767 -0.000044
v -144.310165 607.789368 -0.000067
v -193.047897 593.622864 -0.000090
v -193.047882 -593.622864 -0.000090
v -144.310150 -607.789307 -0.000067
v -91.485207 -618.548706 -0.000044
v -84.521309 618.548767 -35.009922
v -133.325180 607.789368 -55.225170
v -178.352951 593.622864 -73.876305
v -178.352966 -593.622864 -73.876312
v -133.325180 -607.789307 -55.225170
v -84.521301 -618.548706 -35.009922
v -64.689789 618.548767 -64.689857
v -102.042641 607.789368 -102.042740
v -136.505386 593.622864 -136.505524
v -136.505386 -593.622864 -136.505539
v -102.042641 -607.789307 -102.042747
v -64.689789 -618.548706 -64.689857
v -35.009827 618.548767 -84.521332
v -55.225029 607.789368 -133.325241
v -73.876129 593.622864 -178.353027
v -73.876152 -593.622864 -178.353012
v -55.225048 -607.789307 -133.325241
v -35.009842 -618.548706 -84.521332
v -70.134834 -574.250183 -232.156372
v -47.537090 -574.024658 -238.985565
v -24.046076 -574.250122 -241.323944
v -163.038712 -238.702988 -537.452393
v -109.566780 -238.703003 -550.830261
v -55.045647 -238.703003 -558.933472
v -59.581017 0.000000 -604.985352
v -118.594246 0.000000 -596.214417
v -176.471863 0.000000 -581.734253
v -163.038727 238.703003 -537.452393
v -109.566772 238.703003 -550.830261
v -55.045650 238.703003 -558.933472
v 52.544266 294.024048 -533.532227
v 49.536819 346.520721 -502.994476
v 46.055008 395.699249 -467.640076
v 104.587639 294.023987 -525.797241
v 98.601379 346.520752 -495.702209
v 91.670929 395.699249 -460.860382
v 155.629547 294.024048 -513.027344
v 146.721771 346.520721 -483.663116
v 136.409027 395.699219 -449.667480
v 32.453415 602.721313 -163.154053
v 20.014637 593.060669 -194.797867
v 18.387938 606.202881 -151.062820
v 22.085655 614.816650 -111.031906
v 40.821095 606.202881 -146.600586
v 56.054932 593.060669 -187.628983
v 38.827175 592.347046 -195.197052
v 32.453369 -602.721313 -163.154022
v 22.085625 -614.816650 -111.031906
v 18.387886 -606.202881 -151.062820
v 20.014572 -593.060669 -194.797867
v 38.827118 -592.347046 -195.197037
v 56.054893 -593.060669 -187.628983
v 40.821060 -606.202881 -146.600586
v 46.055004 -395.699249 -467.640045
v 49.536816 -346.520721 -502.994476
v 52.544258 -294.024048 -533.532288
v 91.670929 -395.699249 -460.860382
v 98.601379 -346.520721 -495.702148
v 104.587654 -294.024048 -525.797363
v 136.409012 -395.699219 -449.667450
v 146.721802 -346.520752 -483.663116
v 155.629547 -294.024048 -513.027344
v 59.292152 61.132259 -602.050903
v 58.432568 121.681915 -593.322449
v 57.013424 181.066345 -578.912537
v 118.019203 61.132259 -593.322449
v 116.308182 121.681885 -584.720642
v 113.483459 181.066360 -570.519592
v 175.616119 61.132259 -578.912476
v 173.070099 121.681915 -570.519592
v 168.866776 181.066360 -556.663513
v 37.816471 482.121582 -383.941528
v 33.255192 518.351196 -337.315918
v 28.610476 549.234131 -289.310577
v 75.267258 482.118103 -378.393433
v 66.152527 518.322937 -332.570618
v 56.810612 549.139038 -285.605713
v 111.990433 482.121613 -369.187439
v 98.361641 518.351196 -324.365448
v 84.281937 549.234131 -278.236847
v 28.610415 -549.234131 -289.310608
v 33.255150 -518.351257 -337.315918
v 37.816441 -482.121521 -383.941528
v 56.810566 -549.139038 -285.605743
v 66.152496 -518.322937 -332.570648
v 75.267235 -482.118042 -378.393433
v 84.281914 -549.234192 -278.236847
v 98.361626 -518.351196 -324.365448
v 111.990425 -482.121582 -369.187469
v 57.013416 -181.066345 -578.912537
v 58.432568 -121.681900 -593.322449
v 59.292152 -61.132256 -602.050903
v 113.483444 -181.066345 -570.519531
v 116.308197 -121.681900 -584.720703
v 118.019203 -61.132259 -593.322449
v 168.866760 -181.066360 -556.663513
v 173.070084 -121.681900 -570.519592
v 175.616119 -61.132259 -578.912537
v 221.507309 -395.699249 -414.418640
v 238.253677 -346.520721 -445.749451
v 252.718536 -294.024048 -472.811768
v 261.056427 -395.699249 -390.698517
v 280.792786 -346.520721 -420.236084
v 297.840302 -294.024048 -445.749451
v 298.105804 -395.699219 -363.237122
v 320.643097 -346.520752 -390.698517
v 340.109985 -294.024048 -414.418701
v 285.173706 61.132259 -533.532288
v 281.039337 121.681915 -525.797241
v 274.213776 181.066345 -513.027283
v 336.090210 61.132259 -502.994415
v 331.217712 121.681885 -495.702209
v 323.173431 181.066360 -483.663177
v 383.788422 61.132259 -467.639984
v 378.224335 121.681915 -460.860352
v 369.038483 181.066360 -449.667572
v 181.865845 482.121582 -340.244110
v 159.808914 518.351196 -298.913116
v 137.146927 549.234131 -256.339417
v 214.342697 482.118103 -320.786438
v 188.386169 518.322937 -281.939758
v 161.782669 549.139038 -242.124863
v 244.747574 482.121613 -298.227844
v 215.003540 518.351196 -262.033264
v 184.342957 549.234131 -224.804062
v 137.146927 -549.234192 -256.339447
v 159.808914 -518.351257 -298.913177
v 181.865829 -482.121521 -340.244110
v 161.782669 -549.139038 -242.124893
v 188.386169 -518.322937 -281.939758
v 214.342712 -482.118042 -320.786469
v 184.342941 -549.234192 -224.804047
v 215.003571 -518.351196 -262.033264
v 244.747559 -482.121582 -298.227844
v 274.213776 -181.066345 -513.027344
v 281.039307 -121.681900 -525.797363
v 285.173706 -61.132256 -533.532288
v 323.173462 -181.066345 -483.663177
v 331.217712 -121.681900 -495.702148
v 336.090210 -61.132259 -502.994476
v 369.038483 -181.066360 -449.667542
v 378.224335 -121.681900 -460.860352
v 383.788422 -61.132259 -467.639984
v 252.718506 294.024048 -472.811798
v 238.253647 346.520721 -445.749451
v 221.507309 395.699249 -414.418640
v 297.840271 294.023987 -445.749451
v 280.792786 346.520752 -420.236023
v 261.056427 395.699249 -390.698517
v 340.109985 294.024048 -414.418640
v 320.643127 346.520721 -390.698486
v 298.105804 395.699219 -363.237183
v 92.419357 602.721375 -138.315323
v 93.036964 593.060669 -172.310486
v 74.797424 606.202881 -132.527069
v 62.894524 614.816528 -94.128288
v 93.815353 606.202881 -119.819725
v 123.590469 593.060669 -151.895294
v 110.570244 592.347046 -165.480057
v 92.419357 -602.721375 -138.315323
v 62.894516 -614.816528 -94.128296
v 74.797417 -606.202881 -132.527069
v 93.036957 -593.060669 -172.310501
v 110.570244 -592.346985 -165.480057
v 123.590469 -593.060669 -151.895294
v 93.815353 -606.202881 -119.819717
v 224.804077 -549.234253 -184.342896
v 262.033295 -518.351257 -215.003510
v 298.227875 -482.121521 -244.747482
v 242.124908 -549.139038 -161.782639
v 281.939819 -518.322937 -188.386108
v 320.786530 -482.118042 -214.342651
v 256.339447 -549.234192 -137.146851
v 298.913177 -518.351196 -159.808868
v 340.244141 -482.121582 -181.865753
v 449.667572 -181.066345 -369.038422
v 460.860413 -121.681900 -378.224274
v 467.640106 -61.132256 -383.788269
v 483.663269 -181.066345 -323.173401
v 495.702301 -121.681900 -331.217590
v 502.994568 -61.132259 -336.090118
v 513.027405 -181.066360 -274.213684
v 525.797363 -121.681900 -281.039215
v 533.532288 -61.132259 -285.173615
v 414.418671 294.024048 -340.109955
v 390.698578 346.520721 -320.643066
v 363.237244 395.699249 -298.105743
v 445.749481 294.023987 -297.840240
v 420.236053 346.520752 -280.792694
v 390.698608 395.699249 -261.056396
v 472.811798 294.024048 -252.718414
v 445.749481 346.520721 -238.253555
v 414.418732 395.699219 -221.507202
v 138.315353 602.721252 -92.419334
v 151.895325 593.060669 -123.590439
v 119.819733 606.202881 -93.815338
v 94.128311 614.816406 -62.894505
v 132.527100 606.202881 -74.797401
v 172.310516 593.060669 -93.036926
v 165.480072 592.347046 -110.570213
v 138.315369 -602.721375 -92.419327
v 94.128296 -614.816528 -62.894501
v 119.819733 -606.202881 -93.815338
v 151.895309 -593.060669 -123.590439
v 165.480072 -592.347046 -110.570213
v 172.310516 -593.060669 -93.036926
v 132.527100 -606.202881 -74.797401
v 363.237244 -395.699249 -298.105743
v 390.698608 -346.520721 -320.643066
v 414.418671 -294.024048 -340.109955
v 390.698578 -395.699249 -261.056396
v 420.236115 -346.520721 -280.792725
v 445.749512 -294.024048 -297.840210
v 414.418671 -395.699219 -221.507202
v 445.749481 -346.520752 -238.253555
v 472.811798 -294.024048 -252.718414
v 467.640167 61.132259 -383.788300
v 460.860413 121.681915 -378.224274
v 449.667511 181.066345 -369.038391
v 502.994507 61.132259 -336.090088
v 495.702301 121.681885 -331.217621
v 483.663269 181.066360 -323.173401
v 533.532288 61.132259 -285.173615
v 525.797363 121.681915 -281.039215
v 513.027405 181.066360 -274.213684
v 298.227875 482.121582 -244.747467
v 262.033264 518.351196 -215.003510
v 224.804077 549.234131 -184.342926
v 320.786530 482.118103 -214.342621
v 281.939789 518.322937 -188.386124
v 242.124878 549.139038 -161.782639
v 340.244110 482.121613 -181.865768
v 298.913177 518.351196 -159.808838
v 256.339478 549.234131 -137.146866
v 556.663574 -181.066345 -168.866669
v 570.519653 -121.681900 -173.070007
v 578.912598 -61.132256 -175.616013
v 570.519653 -181.066345 -113.483337
v 584.720703 -121.681900 -116.308075
v 593.322510 -61.132259 -118.019096
v 578.912598 -181.066360 -57.013309
v 593.322449 -121.681900 -58.432434
v 602.050964 -61.132259 -59.292030
v 513.027405 294.024048 -155.629425
v 483.663208 346.520721 -146.721649
v 449.667603 395.699249 -136.408890
v 525.797363 294.023987 -104.587509
v 495.702240 346.520752 -98.601242
v 460.860382 395.699249 -91.670769
v 533.532410 294.024048 -52.544102
v 502.994507 346.520721 -49.536633
v 467.640076 395.699219 -46.054813
v 163.154068 602.721375 -32.453342
v 187.629013 593.060669 -56.054859
v 146.600601 606.202881 -40.821037
v 111.031906 614.816467 -22.085604
v 151.062805 606.202881 -18.387856
v 194.797882 593.060669 -20.014524
v 195.197067 592.347046 -38.827084
v 163.154053 -602.721375 -32.453339
v 111.031921 -614.816528 -22.085604
v 146.600601 -606.202881 -40.821041
v 187.628998 -593.060669 -56.054852
v 195.197067 -592.347046 -38.827080
v 194.797882 -593.060669 -20.014526
v 151.062805 -606.202881 -18.387856
v 449.667572 -395.699249 -136.408890
v 483.663208 -346.520721 -146.721649
v 513.027405 -294.024048 -155.629425
v 460.860321 -395.699249 -91.670769
v 495.702240 -346.520721 -98.601242
v 525.797363 -294.024048 -104.587509
v 467.640076 -395.699219 -46.054821
v 502.994476 -346.520752 -49.536640
v 533.532288 -294.024048 -52.544102
v 578.912537 61.132259 -175.616043
v 570.519653 121.681915 -173.069992
v 556.663574 181.066345 -168.866684
v 593.322510 61.132259 -118.019096
v 584.720764 121.681885 -116.308075
v 570.519653 181.066360 -113.483337
v 602.050903 61.132259 -59.292038
v 593.322449 121.681915 -58.432434
v 578.912537 181.066360 -57.013317
v 369.187469 482.121582 -111.990326
v 324.365479 518.351196 -98.361534
v 278.236877 549.234131 -84.281837
v 378.393463 482.118103 -75.267082
v 332.570679 518.322937 -66.152374
v 285.605774 549.139038 -56.810486
v 383.941650 482.121613 -37.816265
v 337.315918 518.351196 -33.255001
v 289.310608 549.234131 -28.610308
v 278.236847 -549.234192 -84.281837
v 324.365479 -518.351257 -98.361542
v 369.187469 -482.121521 -111.990326
v 285.605774 -549.139038 -56.810486
v 332.570679 -518.322937 -66.152382
v 378.393463 -482.118042 -75.267082
v 289.310608 -549.234192 -28.610310
v 337.315948 -518.351196 -33.255005
v 383.941620 -482.121582 -37.816269
v 163.154022 -602.721375 32.453377
v 111.031921 -614.816528 22.085632
v 151.062836 -606.202881 18.387894
v 194.797867 -593.060669 20.014572
v 195.197052 -592.346985 38.827133
v 187.628998 -593.060669 56.054901
v 146.600571 -606.202881 40.821072
v 467.640076 -395.699249 46.054935
v 502.994507 -346.520721 49.536774
v 533.532227 -294.024048 52.544254
v 460.860382 -395.699249 91.670891
v 495.702179 -346.520721 98.601372
v 525.797302 -294.024048 104.587669
v 449.667419 -395.699219 136.409012
v 483.663177 -346.520752 146.721802
v 513.027344 -294.024048 155.629578
v 602.050903 61.132259 59.292213
v 593.322449 121.681915 58.432621
v 578.912537 181.066345 57.013470
v 593.322449 61.132259 118.019272
v 584.720703 121.681885 116.308250
v 570.519653 181.066360 113.483505
v 578.912476 61.132259 175.616196
v 570.519653 121.681915 173.070175
v 556.663513 181.066360 168.866837
v 383.941559 482.121582 37.816364
v 337.315948 518.351196 33.255089
v 289.310608 549.234131 28.610380
v 378.393372 482.118103 75.267181
v 332.570618 518.322937 66.152466
v 285.605713 549.139038 56.810558
v 369.187408 482.121613 111.990402
v 324.365448 518.351196 98.361610
v 278.236816 549.234131 84.281906
v 289.310608 -549.234131 28.610380
v 337.315948 -518.351257 33.255089
v 383.941620 -482.121521 37.816360
v 285.605743 -549.139038 56.810555
v 332.570648 -518.322937 66.152466
v 378.393433 -482.118042 75.267189
v 278.236816 -549.234192 84.281914
v 324.365448 -518.351196 98.361610
v 369.187439 -482.121582 111.990417
v 578.912598 -181.066345 57.013462
v 593.322510 -121.681900 58.432621
v 602.050903 -61.132256 59.292213
v 570.519592 -181.066345 113.483505
v 584.720764 -121.681900 116.308258
v 593.322510 -61.132259 118.019272
v 556.663513 -181.066360 168.866852
v 570.519592 -121.681900 173.070175
v 578.912537 -61.132259 175.616196
v 533.532227 294.024048 52.544254
v 502.994507 346.520721 49.536770
v 467.640106 395.699249 46.054935
v 525.797302 294.023987 104.587669
v 495.702148 346.520752 98.601372
v 460.860413 395.699249 91.670891
v 513.027344 294.024048 155.629562
v 483.663177 346.520721 146.721786
v 449.667480 395.699219 136.409027
v 163.154037 602.721375 32.453377
v 194.797882 593.060669 20.014576
v 151.062805 606.202881 18.387892
v 111.031906 614.816467 22.085632
v 146.600571 606.202881 40.821072
v 187.628967 593.060669 56.054913
v 195.197037 592.347046 38.827129
v 533.532227 61.132259 285.173798
v 525.797241 121.681915 281.039368
v 513.027283 181.066345 274.213837
v 502.994476 61.132259 336.090240
v 495.702148 121.681885 331.217743
v 483.663177 181.066360 323.173492
v 467.639984 61.132259 383.788452
v 460.860321 121.681915 378.224365
v 449.667480 181.066360 369.038513
v 340.244019 482.121582 181.865845
v 298.913116 518.351196 159.808929
v 256.339417 549.234131 137.146942
v 320.786438 482.118103 214.342697
v 281.939728 518.322937 188.386200
v 242.124832 549.139038 161.782684
v 298.227783 482.121613 244.747559
v 262.033203 518.351196 215.003555
v 224.804016 549.234131 184.342972
v 256.339417 -549.234192 137.146942
v 298.913147 -518.351257 159.808929
v 340.244080 -482.121521 181.865845
v 242.124832 -549.139038 161.782684
v 281.939758 -518.322937 188.386169
v 320.786438 -482.118042 214.342728
v 224.804031 -549.234192 184.342972
v 262.033173 -518.351196 215.003586
v 298.227783 -482.121582 244.747559
v 513.027283 -181.066345 274.213837
v 525.797363 -121.681900 281.039337
v 533.532227 -61.132256 285.173798
v 483.663116 -181.066345 323.173492
v 495.702179 -121.681900 331.217712
v 502.994415 -61.132259 336.090271
v 449.667419 -181.066360 369.038513
v 460.860291 -121.681900 378.224365
v 467.639984 -61.132259 383.788483
v 472.811737 294.024048 252.718521
v 445.749420 346.520721 238.253677
v 414.418640 395.699249 221.507339
v 445.749420 294.023987 297.840302
v 420.235962 346.520752 280.792786
v 390.698456 395.699249 261.056458
v 414.418640 294.024048 340.110016
v 390.698456 346.520721 320.643127
v 363.237091 395.699219 298.105835
v 138.315308 602.721252 92.419365
v 172.310486 593.060669 93.036972
v 132.527084 606.202881 74.797432
v 94.128288 614.816467 62.894524
v 119.819710 606.202881 93.815369
v 151.895279 593.060669 123.590477
v 165.480026 592.347046 110.570259
v 138.315292 -602.721375 92.419373
v 94.128281 -614.816528 62.894531
v 132.527084 -606.202881 74.797432
v 172.310501 -593.060669 93.036972
v 165.480026 -592.346985 110.570259
v 151.895279 -593.060669 123.590477
v 119.819702 -606.202881 93.815369
v 414.418579 -395.699249 221.507324
v 445.749420 -346.520721 238.253677
v 472.811737 -294.024048 252.718567
v 390.698456 -395.699249 261.056458
v 420.236023 -346.520721 280.792786
v 445.749329 -294.024048 297.840332
v 363.237091 -395.699219 298.105835
v 390.698456 -346.520752 320.643127
v 414.418640 -294.024048 340.110016
v 184.342865 -549.234253 224.804092
v 215.003418 -518.351257 262.033295
v 244.747437 -482.121521 298.227875
v 161.782608 -549.139038 242.124893
v 188.386078 -518.322937 281.939819
v 214.342575 -482.118042 320.786499
v 137.146805 -549.234192 256.339478
v 159.808807 -518.351196 298.913177
v 181.865677 -482.121582 340.244110
v 369.038330 -181.066345 449.667572
v 378.224213 -121.681900 460.860443
v 383.788208 -61.132256 467.640198
v 323.173340 -181.066345 483.663269
v 331.217560 -121.681900 495.702301
v 336.090057 -61.132259 502.994537
v 274.213623 -181.066360 513.027405
v 281.039185 -121.681900 525.797363
v 285.173523 -61.132259 533.532349
v 340.109894 294.024048 414.418701
v 320.642975 346.520721 390.698578
v 298.105682 395.699249 363.237244
v 297.840149 294.023987 445.749481
v 280.792664 346.520752 420.236084
v 261.056305 395.699249 390.698578
v 252.718369 294.024048 472.811768
v 238.253510 346.520721 445.749390
v 221.507156 395.699219 414.418701
v 92.419312 602.721252 138.315353
v 123.590424 593.060669 151.895325
v 93.815315 606.202881 119.819740
v 62.894493 614.816467 94.128304
v 74.797386 606.202881 132.527084
v 93.036903 593.060669 172.310532
v 110.570183 592.347046 165.480072
v 92.419304 -602.721375 138.315353
v 62.894485 -614.816528 94.128304
v 93.815315 -606.202881 119.819748
v 123.590424 -593.060669 151.895325
v 110.570190 -592.347046 165.480087
v 93.036903 -593.060669 172.310516
v 74.797379 -606.202881 132.527100
v 298.105682 -395.699249 363.237244
v 320.642975 -346.520721 390.698578
v 340.109894 -294.024048 414.418640
v 261.056305 -395.699249 390.698547
v 280.792664 -346.520721 420.236084
v 297.840149 -294.024048 445.749481
v 221.507141 -395.699219 414.418640
v 238.253525 -346.520752 445.749451
v 252.718369 -294.024048 472.811798
v 383.788239 61.132259 467.640198
v 378.224243 121.681915 460.860443
v 369.038330 181.066345 449.667572
v 336.090027 61.132259 502.994537
v 331.217590 121.681885 495.702301
v 323.173340 181.066360 483.663330
v 285.173523 61.132259 533.532288
v 281.039215 121.681915 525.797363
v 274.213623 181.066360 513.027405
v 244.747406 482.121582 298.227844
v 215.003418 518.351196 262.033295
v 184.342865 549.234131 224.804062
v 214.342590 482.118103 320.786499
v 188.386047 518.322937 281.939789
v 161.782578 549.139038 242.124893
v 181.865692 482.121613 340.244110
v 159.808777 518.351196 298.913147
v 137.146820 549.234131 256.339478
v 155.629379 294.024048 513.027344
v 146.721588 346.520721 483.663177
v 136.408829 395.699249 449.667542
v 104.587433 294.023987 525.797302
v 98.601166 346.520752 495.702148
v 91.670692 395.699249 460.860291
v 52.544037 294.024048 533.532288
v 49.536564 346.520721 502.994415
v 46.054729 395.699219 467.639984
v 32.453308 602.721375 163.154053
v 56.054825 593.060669 187.628998
v 40.821018 606.202881 146.600586
v 22.085588 614.816528 111.031898
v 18.387831 606.202881 151.062805
v 20.014490 593.060669 194.797867
v 38.827053 592.347046 195.197052
v 32.453312 -602.721375 163.154037
v 22.085587 -614.816528 111.031906
v 40.821018 -606.202881 146.600586
v 56.054821 -593.060669 187.628983
v 38.827049 -592.347046 195.197052
v 20.014492 -593.060669 194.797867
v 18.387831 -606.202881 151.062805
v 136.408829 -395.699249 449.667542
v 146.721588 -346.520721 483.663177
v 155.629364 -294.024048 513.027405
v 91.670685 -395.699249 460.860291
v 98.601173 -346.520721 495.702209
v 104.587433 -294.024048 525.797302
v 46.054733 -395.699219 467.639954
v 49.536560 -346.520752 502.994415
v 52.544037 -294.024048 533.532288
v 175.615936 61.132259 578.912537
v 173.069931 121.681915 570.519592
v 168.866608 181.066345 556.663513
v 118.019012 61.132259 593.322449
v 116.307983 121.681885 584.720703
v 113.483261 181.066360 570.519592
v 59.291939 61.132259 602.050842
v 58.432354 121.681915 593.322449
v 57.013229 181.066360 578.912476
v 111.990242 482.121582 369.187469
v 98.361458 518.351196 324.365448
v 84.281776 549.234131 278.236847
v 75.267014 482.118103 378.393433
v 66.152306 518.322937 332.570587
v 56.810429 549.139038 285.605713
v 37.816189 482.121613 383.941589
v 33.254936 518.351196 337.315887
v 28.610254 549.234131 289.310608
v 84.281776 -549.234192 278.236847
v 98.361473 -518.351257 324.365448
v 111.990265 -482.121521 369.187469
v 56.810429 -549.139038 285.605743
v 66.152306 -518.322937 332.570648
v 75.267021 -482.118042 378.393433
v 28.610254 -549.234192 289.310577
v 33.254940 -518.351196 337.315918
v 37.816193 -482.121582 383.941559
v 168.866592 -181.066345 556.663574
v 173.069931 -121.681900 570.519592
v 175.615936 -61.132256 578.912598
v 113.483261 -181.066345 570.519592
v 116.307983 -121.681900 584.720703
v 118.018997 -61.132259 593.322449
v 57.013233 -181.066360 578.912476
v 58.432362 -121.681900 593.322449
v 59.291939 -61.132259 602.050903
v -32.453407 -602.721375 163.154007
v -22.085655 -614.816528 111.031898
v -18.387924 -606.202881 151.062805
v -20.014612 -593.060669 194.797852
v -38.827168 -592.346985 195.197021
v -56.054943 -593.060669 187.628952
v -40.821102 -606.202881 146.600555
v -46.055008 -395.699249 467.639984
v -49.536850 -346.520721 502.994476
v -52.544334 -294.024048 533.532166
v -91.670959 -395.699249 460.860291
v -98.601440 -346.520721 495.702118
v -104.587738 -294.024048 525.797241
v -136.409073 -395.699219 449.667328
v -146.721878 -346.520752 483.663086
v -155.629654 -294.024048 513.027222
v -59.292324 61.132259 602.050842
v -58.432720 121.681915 593.322449
v -57.013557 181.066345 578.912476
v -118.019394 61.132259 593.322449
v -116.308357 121.681885 584.720581
v -113.483604 181.066360 570.519531
v -175.616287 61.132259 578.912476
v -173.070267 121.681915 570.519531
v -168.866928 181.066360 556.663391
v -37.816433 482.121582 383.941498
v -33.255146 518.351196 337.315918
v -28.610435 549.234131 289.310577
v -75.267258 482.118103 378.393341
v -66.152527 518.322937 332.570557
v -56.810608 549.139038 285.605713
v -111.990471 482.121613 369.187317
v -98.361671 518.351196 324.365356
v -84.281960 549.234131 278.236786
v -28.610432 -549.234131 289.310547
v -33.255154 -518.351257 337.315887
v -37.816429 -482.121521 383.941528
v -56.810608 -549.139038 285.605713
v -66.152527 -518.322937 332.570557
v -75.267258 -482.118042 378.393341
v -84.281967 -549.234192 278.236786
v -98.361671 -518.351196 324.365387
v -111.990471 -482.121582 369.187347
v -57.013557 -181.066345 578.912537
v -58.432720 -121.681900 593.322449
v -59.292324 -61.132256 602.050842
v -113.483604 -181.066345 570.519531
v -116.308357 -121.681900 584.720642
v -118.019379 -61.132259 593.322449
v -168.866943 -181.066360 556.663452
v -173.070267 -121.681900 570.519470
v -175.616287 -61.132259 578.912476
v -52.544334 294.024048 533.532104
v -49.536850 346.520721 502.994415
v -46.055008 395.699249 467.640045
v -104.587738 294.023987 525.797241
v -98.601440 346.520752 495.702118
v -91.670967 395.699249 460.860352
v -155.629654 294.024048 513.027222
v -146.721878 346.520721 483.663086
v -136.409088 395.699219 449.667389
v -32.453411 602.721375 163.154022
v -20.014612 593.060669 194.797836
v -18.387922 606.202881 151.062805
v -22.085651 614.816528 111.031883
v -40.821102 606.202881 146.600555
v -56.054943 593.060669 187.628952
v -38.827168 592.347046 195.197021
v -181.865906 482.121582 340.243988
v -159.808975 518.351196 298.913055
v -137.146988 549.234131 256.339355
v -214.342758 482.118103 320.786346
v -188.386215 518.322937 281.939667
v -161.782730 549.139038 242.124786
v -244.747635 482.121613 298.227722
v -215.003616 518.351196 262.033173
v -184.343018 549.234131 224.804001
v -137.146988 -549.234192 256.339355
v -159.808990 -518.351257 298.913055
v -181.865921 -482.121521 340.243988
v -161.782730 -549.139038 242.124771
v -188.386261 -518.322937 281.939697
v -214.342758 -482.118042 320.786346
v -184.343033 -549.234192 224.803970
v -215.003616 -518.351196 262.033142
v -244.747635 -482.121582 298.227722
v -274.213928 -181.066345 513.027222
v -281.039459 -121.681900 525.797241
v -285.173889 -61.132256 533.532166
v -323.173584 -181.066345 483.663086
v -331.217834 -121.681900 495.702057
v -336.090363 -61.132259 502.994324
v -369.038605 -181.066360 449.667328
v -378.224487 -121.681900 460.860229
v -383.788544 -61.132259 467.639832
v -252.718613 294.024048 472.811615
v -238.253754 346.520721 445.749329
v -221.507385 395.699249 414.418518
v -297.840393 294.023987 445.749329
v -280.792847 346.520752 420.235870
v -261.056519 395.699249 390.698364
v -340.110107 294.024048 414.418518
v -320.643158 346.520721 390.698425
v -298.105896 395.699219 363.237000
v -92.419395 602.721252 138.315277
v -93.037003 593.060669 172.310471
v -74.797462 606.202881 132.527069
v -62.894543 614.816528 94.128258
v -93.815392 606.202881 119.819679
v -123.590508 593.060669 151.895248
v -110.570290 592.347046 165.479980
v -92.419395 -602.721375 138.315277
v -62.894554 -614.816528 94.128258
v -74.797462 -606.202881 132.527054
v -93.037003 -593.060669 172.310486
v -110.570282 -592.346985 165.479980
v -123.590508 -593.060669 151.895264
v -93.815384 -606.202881 119.819679
v -221.507385 -395.699249 414.418518
v -238.253769 -346.520721 445.749329
v -252.718628 -294.024048 472.811676
v -261.056519 -395.699249 390.698364
v -280.792847 -346.520721 420.235870
v -297.840393 -294.024048 445.749298
v -298.105896 -395.699219 363.237000
v -320.643158 -346.520752 390.698364
v -340.110107 -294.024048 414.418518
v -285.173859 61.132259 533.532166
v -281.039459 121.681915 525.797241
v -274.213928 181.066345 513.027222
v -336.090363 61.132259 502.994385
v -331.217834 121.681885 495.702057
v -323.173523 181.066360 483.663086
v -383.788544 61.132259 467.639893
v -378.224457 121.681915 460.860199
v -369.038605 181.066360 449.667389
v -224.804138 -549.234253 184.342819
v -262.033325 -518.351257 215.003357
v -298.227936 -482.121521 244.747360
v -242.124924 -549.139038 161.782532
v -281.939850 -518.322937 188.386002
v -320.786560 -482.118042 214.342484
v -256.339539 -549.234192 137.146759
v -298.913208 -518.351196 159.808731
v -340.244171 -482.121582 181.865631
v -449.667603 -181.066345 369.038239
v -460.860535 -121.681900 378.224121
v -467.640259 -61.132256 383.788147
v -483.663361 -181.066345 323.173218
v -495.702393 -121.681900 331.217438
v -502.994598 -61.132259 336.089966
v -513.027466 -181.066360 274.213531
v -525.797424 -121.681900 281.039093
v -533.532410 -61.132259 285.173431
v -414.418732 294.024048 340.109802
v -390.698639 346.520721 320.642914
v -363.237274 395.699249 298.105560
v -445.749512 294.023987 297.840088
v -420.236115 346.520752 280.792542
v -390.698639 395.699249 261.056213
v -472.811798 294.024048 252.718277
v -445.749420 346.520721 238.253418
v -414.418732 395.699219 221.507050
v -138.315384 602.721252 92.419281
v -151.895355 593.060669 123.590378
v -119.819771 606.202881 93.815285
v -94.128334 614.816528 62.894470
v -132.527115 606.202881 74.797356
v -172.310562 593.060669 93.036858
v -165.480087 592.347046 110.570152
v -138.315384 -602.721375 92.419266
v -94.128319 -614.816467 62.894474
v -119.819786 -606.202881 93.815285
v -151.895355 -593.060669 123.590393
v -165.480087 -592.347046 110.570160
v -172.310562 -593.060669 93.036865
v -132.527130 -606.202881 74.797348
v -363.237274 -395.699249 298.105560
v -390.698639 -346.520721 320.642914
v -414.418732 -294.024048 340.109802
v -390.698608 -395.699249 261.056244
v -420.236115 -346.520721 280.792542
v -445.749573 -294.024048 297.840057
v -414.418671 -395.699219 221.507065
v -445.749481 -346.520752 238.253418
v -472.811859 -294.024048 252.718277
v -467.640259 61.132259 383.788116
v -460.860535 121.681915 378.224121
v -449.667603 181.066345 369.038239
v -502.994568 61.132259 336.089935
v -495.702332 121.681885 331.217438
v -483.663361 181.066360 323.173248
v -533.532410 61.132259 285.173431
v -525.797424 121.681915 281.039093
v -513.027405 181.066360 274.213531
v -298.227966 482.121582 244.747345
v -262.033325 518.351196 215.003403
v -224.804108 549.234131 184.342804
v -320.786560 482.118103 214.342499
v -281.939850 518.322937 188.386002
v -242.124924 549.139038 161.782532
v -340.244141 482.121613 181.865631
v -298.913177 518.351196 159.808716
v -256.339478 549.234131 137.146744
v -163.154068 602.721375 32.453281
v -187.629028 593.060669 56.054790
v -146.600601 606.202881 40.820984
v -111.031929 614.816528 22.085566
v -151.062836 606.202881 18.387802
v -194.797882 593.060669 20.014460
v -195.197067 592.347046 38.827011
v -163.154068 -602.721375 32.453281
v -111.031921 -614.816467 22.085566
v -146.600616 -606.202881 40.820988
v -187.629013 -593.060669 56.054790
v -195.197067 -592.347046 38.827011
v -194.797882 -593.060669 20.014456
v -151.062836 -606.202881 18.387802
v -449.667572 -395.699249 136.408768
v -483.663208 -346.520752 146.721512
v -513.027405 -294.023987 155.629272
v -460.860382 -395.699249 91.670616
v -495.702179 -346.520721 98.601074
v -525.797363 -294.024017 104.587364
v -467.640076 -395.699249 46.054665
v -502.994476 -346.520721 49.536480
v -533.532288 -294.024017 52.543949
v -578.912720 61.132240 175.615845
v -570.519653 121.681900 173.069824
v -556.663574 181.066345 168.866516
v -593.322510 61.132256 118.018906
v -584.720703 121.681915 116.307915
v -570.519653 181.066345 113.483162
v -602.050903 61.132256 59.291847
v -593.322449 121.681900 58.432259
v -578.912537 181.066345 57.013138
v -369.187469 482.121582 111.990181
v -324.365509 518.351196 98.361412
v -278.236877 549.234131 84.281731
v -378.393433 482.118042 75.266953
v -332.570618 518.322937 66.152260
v -285.605743 549.139038 56.810371
v -383.941589 482.121582 37.816132
v -337.315948 518.351196 33.254883
v -289.310608 549.234131 28.610209
v -278.236877 -549.234192 84.281738
v -324.365479 -518.351257 98.361420
v -369.187469 -482.121521 111.990196
v -285.605774 -549.139038 56.810371
v -332.570648 -518.322937 66.152260
v -378.393463 -482.118042 75.266953
v -289.310608 -549.234192 28.610209
v -337.315948 -518.351135 33.254883
v -383.941559 -482.121521 37.816132
v -556.663574 -181.066345 168.866516
v -570.519653 -121.681900 173.069824
v -578.912659 -61.132240 175.615845
v -570.519653 -181.066360 113.483162
v -584.720703 -121.681915 116.307915
v -593.322510 -61.132256 118.018890
v -578.912476 -181.066360 57.013126
v -593.322510 -121.681900 58.432259
v -602.050720 -61.132256 59.291855
v -513.027405 294.024017 155.629272
v -483.663208 346.520752 146.721497
v -449.667572 395.699249 136.408768
v -525.797363 294.024017 104.587364
v -495.702179 346.520721 98.601074
v -460.860321 395.699249 91.670616
v -533.532288 294.024017 52.543949
v -502.994476 346.520721 49.536480
v -467.640015 395.699249 46.054657
v -467.639984 -395.699249 -46.055065
v -502.994415 -346.520721 -49.536903
v -533.532166 -294.024017 -52.544392
v -460.860229 -395.699249 -91.671013
v -495.702148 -346.520721 -98.601501
v -525.797241 -294.024048 -104.587807
v -449.667358 -395.699219 -136.409149
v -483.663025 -346.520782 -146.721909
v -513.027161 -294.023987 -155.629684
v -602.050720 61.132256 -59.292393
v -593.322327 121.681900 -58.432785
v -578.912476 181.066360 -57.013622
v -593.322327 61.132256 -118.019455
v -584.720581 121.681915 -116.308418
v -570.519531 181.066360 -113.483658
v -578.912415 61.132240 -175.616364
v -570.519531 121.681900 -173.070343
v -556.663330 181.066345 -168.866974
v -383.941528 482.121613 -37.816483
v -337.315918 518.351196 -33.255196
v -289.310608 549.234131 -28.610476
v -378.393372 482.118103 -75.267296
v -332.570587 518.322937 -66.152557
v -285.605713 549.139038 -56.810646
v -369.187347 482.121613 -111.990501
v -324.365387 518.351196 -98.361702
v -278.236816 549.234131 -84.281998
v -289.310577 -549.234192 -28.610476
v -337.315948 -518.351196 -33.255196
v -383.941528 -482.121582 -37.816483
v -285.605682 -549.139038 -56.810638
v -332.570587 -518.322937 -66.152565
v -378.393372 -482.118042 -75.267303
v -278.236816 -549.234192 -84.281982
v -324.365356 -518.351196 -98.361710
v -369.187347 -482.121582 -111.990517
v -578.912476 -181.066360 -57.013622
v -593.322388 -121.681900 -58.432777
v -602.050781 -61.132256 -59.292393
v -570.519470 -181.066376 -113.483643
v -584.720581 -121.681915 -116.308434
v -593.322388 -61.132256 -118.019455
v -556.663330 -181.066345 -168.866974
v -570.519531 -121.681900 -173.070328
v -578.912354 -61.132240 -175.616364
v -533.532227 294.023987 -52.544392
v -502.994415 346.520721 -49.536900
v -467.640015 395.699249 -46.055065
v -525.797180 294.024017 -104.587791
v -495.702148 346.520752 -98.601494
v -460.860229 395.699280 -91.671021
v -513.027161 294.024017 -155.629700
v -483.663025 346.520782 -146.721909
v -449.667358 395.699249 -136.409149
v -163.154037 602.721375 -32.453434
v -194.797852 593.060669 -20.014641
v -151.062805 606.202881 -18.387945
v -111.031906 614.816528 -22.085670
v -146.600571 606.202881 -40.821117
v -187.628967 593.060669 -56.054962
v -195.197037 592.347046 -38.827194
v -163.154022 -602.721375 -32.453434
v -111.031891 -614.816467 -22.085670
v -151.062805 -606.202881 -18.387945
v -194.797867 -593.060669 -20.014639
v -195.197037 -592.346985 -38.827194
v -187.628967 -593.060669 -56.054962
v -146.600571 -606.202881 -40.821121
v -256.339355 -549.234253 -137.147003
v -298.913055 -518.351257 -159.809006
v -340.243958 -482.121521 -181.865936
v -242.124786 -549.139038 -161.782761
v -281.939667 -518.322937 -188.386261
v -320.786316 -482.118042 -214.342804
v -224.803940 -549.234192 -184.343048
v -262.033142 -518.351196 -215.003632
v -298.227661 -482.121582 -244.747635
v -513.027161 -181.066345 -274.213928
v -525.797180 -121.681900 -281.039490
v -533.532166 -61.132256 -285.173920
v -483.663025 -181.066345 -323.173615
v -495.701996 -121.681900 -331.217865
v -502.994324 -61.132259 -336.090393
v -449.667267 -181.066360 -369.038605
v -460.860168 -121.681900 -378.224487
v -467.639862 -61.132259 -383.788605
v -472.811615 294.024048 -252.718643
v -445.749268 346.520721 -238.253784
v -414.418488 395.699249 -221.507416
v -445.749329 294.023987 -297.840424
v -420.235870 346.520752 -280.792877
v -390.698334 395.699249 -261.056549
v -414.418427 294.024048 -340.110107
v -390.698334 346.520721 -320.643158
v -363.236969 395.699219 -298.105927
v -138.315292 602.721252 -92.419411
v -172.310471 593.060669 -93.037025
v -132.527054 606.202881 -74.797470
v -94.128265 614.816528 -62.894566
v -119.819687 606.202881 -93.815414
v -151.895264 593.060669 -123.590546
v -165.479996 592.347046 -110.570305
v -138.315292 -602.721375 -92.419418
v -94.128265 -614.816467 -62.894566
v -132.527054 -606.202881 -74.797485
v -172.310471 -593.060669 -93.037025
v -165.479996 -592.347046 -110.570320
v -151.895248 -593.060669 -123.590546
v -119.819687 -606.202881 -93.815407
v -414.418488 -395.699249 -221.507446
v -445.749268 -346.520721 -238.253784
v -472.811615 -294.024048 -252.718658
v -390.698334 -395.699249 -261.056549
v -420.235809 -346.520721 -280.792877
v -445.749237 -294.024048 -297.840424
v -363.236969 -395.699219 -298.105896
v -390.698303 -346.520752 -320.643188
v -414.418427 -294.024048 -340.110107
v -533.532166 61.132259 -285.173920
v -525.797180 121.681915 -281.039520
v -513.027161 181.066345 -274.213959
v -502.994324 61.132259 -336.090424
v -495.701996 121.681885 -331.217865
v -483.663055 181.066360 -323.173584
v -467.639832 61.132259 -383.788574
v -460.860168 121.681915 -378.224487
v -449.667358 181.066360 -369.038605
v -340.243958 482.121582 -181.865952
v -298.913055 518.351196 -159.809006
v -256.339355 549.234131 -137.147003
v -320.786346 482.118103 -214.342804
v -281.939636 518.322937 -188.386261
v -242.124786 549.139038 -161.782761
v -298.227692 482.121613 -244.747665
v -262.033142 518.351196 -215.003647
v -224.803955 549.234131 -184.343048
v -369.038208 -181.066345 -449.667633
v -378.224091 -121.681900 -460.860535
v -383.788147 -61.132256 -467.640289
v -323.173187 -181.066345 -483.663330
v -331.217407 -121.681900 -495.702393
v -336.089905 -61.132259 -502.994629
v -274.213470 -181.066360 -513.027466
v -281.039062 -121.681900 -525.797424
v -285.173401 -61.132259 -533.532349
v -340.109741 294.024048 -414.418762
v -320.642822 346.520721 -390.698608
v -298.105560 395.699249 -363.237274
v -297.840027 294.023987 -445.749481
v -280.792511 346.520752 -420.236084
v -261.056183 395.699249 -390.698608
v -252.718216 294.024048 -472.811798
v -238.253357 346.520721 -445.749451
v -221.506989 395.699219 -414.418762
v -92.419273 602.721375 -138.315399
v -123.590378 593.060669 -151.895370
v -93.815277 606.202881 -119.819778
v -62.894466 614.816528 -94.128326
v -74.797340 606.202881 -132.527130
v -93.036850 593.060669 -172.310562
v -110.570129 592.347046 -165.480103
v -92.419273 -602.721313 -138.315399
v -62.894466 -614.816406 -94.128334
v -93.815277 -606.202881 -119.819786
v -123.590363 -593.060669 -151.895370
v -110.570145 -592.347046 -165.480103
v -93.036850 -593.060669 -172.310562
v -74.797348 -606.202881 -132.527130
v -298.105530 -395.699249 -363.237274
v -320.642822 -346.520721 -390.698608
v -340.109741 -294.024048 -414.418762
v -261.056183 -395.699249 -390.698608
v -280.792511 -346.520721 -420.236115
v -297.840027 -294.024048 -445.749542
v -221.506989 -395.699219 -414.418701
v -238.253387 -346.520752 -445.749451
v -252.718201 -294.024048 -472.811798
v -383.788086 61.132259 -467.640289
v -378.224091 121.681915 -460.860535
v -369.038208 181.066345 -449.667633
v -336.089874 61.132259 -502.994568
v -331.217377 121.681885 -495.702362
v -323.173187 181.066360 -483.663330
v -285.173401 61.132259 -533.532349
v -281.039062 121.681915 -525.797424
v -274.213470 181.066360 -513.027466
v -244.747314 482.121582 -298.227936
v -215.003357 518.351196 -262.033325
v -184.342804 549.234131 -224.804169
v -214.342453 482.118103 -320.786560
v -188.385956 518.322937 -281.939850
v -161.782532 549.139038 -242.124939
v -181.865585 482.121613 -340.244110
v -159.808685 518.351196 -298.913177
v -137.146729 549.234131 -256.339478
v -184.342789 -549.234192 -224.804138
v -215.003357 -518.351257 -262.033356
v -244.747330 -482.121521 -298.227936
v -161.782516 -549.139038 -242.124939
v -188.385986 -518.322937 -281.939880
v -214.342468 -482.118042 -320.786560
v -137.146744 -549.234192 -256.339508
v -159.808685 -518.351196 -298.913177
v -181.865601 -482.121582 -340.244141
v -32.453308 -602.721375 -163.154068
v -22.085588 -614.816650 -111.031906
v -40.820995 -606.202881 -146.600601
v -56.054802 -593.060669 -187.629013
v -38.827038 -592.346985 -195.197052
v -20.014500 -593.060669 -194.797867
v -18.387840 -606.202881 -151.062820
v -136.408707 -395.699249 -449.667542
v -146.721466 -346.520721 -483.663177
v -155.629272 -294.024048 -513.027405
v -91.670601 -395.699249 -460.860291
v -98.601082 -346.520721 -495.702209
v -104.587395 -294.024048 -525.797302
v -46.054680 -395.699219 -467.639984
v -49.536522 -346.520752 -502.994415
v -52.544025 -294.024048 -533.532288
v -175.615891 61.132259 -578.912537
v -173.069870 121.681915 -570.519653
v -168.866562 181.066345 -556.663574
v -118.019020 61.132259 -593.322449
v -116.308014 121.681885 -584.720764
v -113.483261 181.066360 -570.519592
v -59.292023 61.132259 -602.050964
v -58.432415 121.681915 -593.322449
v -57.013279 181.066360 -578.912598
v -111.990128 482.121582 -369.187469
v -98.361359 518.351196 -324.365479
v -84.281693 549.234131 -278.236847
v -75.266907 482.118103 -378.393433
v -66.152214 518.322937 -332.570618
v -56.810329 549.139038 -285.605743
v -37.816097 482.121582 -383.941589
v -33.254848 518.351196 -337.315918
v -28.610178 549.234131 -289.310608
v -84.281731 -549.234131 -278.236847
v -98.361397 -518.351257 -324.365448
v -111.990166 -482.121521 -369.187469
v -56.810387 -549.139038 -285.605774
v -66.152252 -518.322998 -332.570618
v -75.266922 -482.118042 -378.393433
v -28.610233 -549.234192 -289.310608
v -33.254890 -518.351196 -337.315918
v -37.816128 -482.121582 -383.941559
v -168.866547 -181.066345 -556.663635
v -173.069885 -121.681900 -570.519653
v -175.615891 -61.132256 -578.912598
v -113.483261 -181.066345 -570.519592
v -116.308014 -121.681900 -584.720703
v -118.019012 -61.132259 -593.322449
v -57.013271 -181.066360 -578.912537
v -58.432415 -121.681900 -593.322449
v -59.292023 -61.132259 -602.050903
v -155.629272 294.024048 -513.027344
v -146.721466 346.520721 -483.663177
v -136.408707 395.699249 -449.667572
v -104.587387 294.023987 -525.797302
v -98.601089 346.520752 -495.702209
v -91.670601 395.699249 -460.860352
v -52.544025 294.024048 -533.532288
v -49.536518 346.520721 -502.994476
v -46.054672 395.699219 -467.639984
v -32.453262 602.721375 -163.154053
v -56.054764 593.060669 -187.629013
v -40.820969 606.202881 -146.600616
v -22.085554 614.816650 -111.031921
v -18.387787 606.202881 -151.062820
v -20.014437 593.060669 -194.797882
v -38.826984 592.347046 -195.197052
vn 0.0872 0.4617 -0.8827
vn 0.0824 0.5451 -0.8343
vn 0.1636 0.5450 -0.8223
vn 0.1731 0.4617 -0.8700
vn 0.0769 0.6237 -0.7779
vn 0.1525 0.6237 -0.7667
vn 0.2431 0.5451 -0.8024
vn 0.2572 0.4617 -0.8489
vn 0.2267 0.6237 -0.7481
vn -0.0000 0.3739 -0.9275
vn -0.0000 0.4617 -0.8870
vn 0.0912 0.3739 -0.9230
vn -0.0000 0.5451 -0.8384
vn -0.0000 0.6237 -0.7817
vn -0.0000 0.6968 -0.7173
vn 0.0705 0.6967 -0.7138
vn 0.1399 0.6967 -0.7036
vn 0.2081 0.6967 -0.6865
vn 0.2745 0.6968 -0.6627
vn 0.2991 0.6237 -0.7222
vn 0.3208 0.5451 -0.7746
vn 0.3394 0.4617 -0.8195
vn 0.2689 0.3739 -0.8876
vn 0.3549 0.3739 -0.8569
vn 0.1809 0.3738 -0.9097
vn 0.0098 0.9430 -0.3327
vn 0.0128 0.9693 -0.2456
vn 0.0542 0.9607 -0.2722
vn 0.0663 0.9404 -0.3335
vn 0.0364 0.9824 -0.1830
vn 0.0822 0.9693 -0.2318
vn 0.1182 0.9430 -0.3111
vn -0.0000 0.9094 -0.4158
vn -0.0000 0.9456 -0.3252
vn 0.0285 0.9080 -0.4181
vn -0.0000 0.9720 -0.2348
vn 0.0823 0.9067 -0.4138
vn -0.0000 1.0000 -0.0000
vn 0.0555 0.9894 -0.1340
vn -0.0000 0.9894 -0.1450
vn 0.0899 0.9720 -0.2169
vn 0.1591 0.9094 -0.3842
vn 0.1337 0.9080 -0.3971
vn 0.1245 0.9456 -0.3004
vn 0.0364 -0.9824 -0.1830
vn 0.0128 -0.9693 -0.2456
vn 0.0541 -0.9607 -0.2722
vn 0.0822 -0.9693 -0.2318
vn 0.0098 -0.9430 -0.3327
vn 0.0663 -0.9404 -0.3335
vn 0.1182 -0.9430 -0.3111
vn -0.0000 -1.0000 -0.0000
vn -0.0000 -0.9894 -0.1450
vn 0.0555 -0.9894 -0.1340
vn -0.0000 -0.9720 -0.2348
vn 0.0899 -0.9720 -0.2169
vn -0.0000 -0.9094 -0.4158
vn 0.0285 -0.9080 -0.4181
vn -0.0000 -0.9456 -0.3252
vn 0.0823 -0.9067 -0.4138
vn 0.1591 -0.9094 -0.3842
vn 0.1244 -0.9456 -0.3004
vn 0.1337 -0.9080 -0.3971
vn 0.0769 -0.6237 -0.7779
vn 0.0824 -0.5451 -0.8343
vn 0.1636 -0.5450 -0.8223
vn 0.1525 -0.6237 -0.7667
vn 0.0872 -0.4617 -0.8827
vn 0.1731 -0.4617 -0.8700
vn 0.2431 -0.5451 -0.8024
vn 0.2267 -0.6237 -0.7481
vn 0.2572 -0.4617 -0.8489
vn -0.0000 -0.6968 -0.7173
vn -0.0000 -0.6237 -0.7817
vn 0.0705 -0.6967 -0.7138
vn -0.0000 -0.5451 -0.8384
vn -0.0000 -0.4617 -0.8870
vn -0.0000 -0.3739 -0.9275
vn 0.0912 -0.3739 -0.9230
vn 0.1809 -0.3738 -0.9097
vn 0.2689 -0.3739 -0.8876
vn 0.3549 -0.3739 -0.8569
vn 0.3395 -0.4617 -0.8195
vn 0.3208 -0.5451 -0.7746
vn 0.2991 -0.6237 -0.7222
vn 0.2081 -0.6967 -0.6865
vn 0.2745 -0.6968 -0.6627
vn 0.1399 -0.6967 -0.7036
vn 0.0979 0.0957 -0.9906
vn 0.0965 0.1901 -0.9770
vn 0.1915 0.1901 -0.9629
vn 0.1942 0.0957 -0.9763
vn 0.0943 0.2828 -0.9545
vn 0.1871 0.2828 -0.9407
vn 0.2847 0.1901 -0.9396
vn 0.2886 0.0957 -0.9526
vn 0.2781 0.2828 -0.9180
vn -0.0000 -0.0000 -1.0000
vn -0.0000 0.0957 -0.9954
vn 0.0983 -0.0000 -0.9952
vn -0.0000 0.1901 -0.9818
vn -0.0000 0.2828 -0.9592
vn 0.3671 0.2828 -0.8862
vn 0.3757 0.1901 -0.9070
vn 0.3809 0.0957 -0.9196
vn 0.2900 -0.0000 -0.9570
vn 0.3827 -0.0000 -0.9239
vn 0.1951 -0.0000 -0.9808
vn 0.0632 0.7614 -0.6452
vn 0.0544 0.8167 -0.5744
vn 0.1127 0.8163 -0.5666
vn 0.1265 0.7612 -0.6360
vn 0.0431 0.8651 -0.4997
vn 0.0981 0.8643 -0.4933
vn 0.1696 0.8167 -0.5515
vn 0.1885 0.7614 -0.6202
vn 0.1514 0.8651 -0.4782
vn -0.0000 0.7616 -0.6480
vn -0.0000 0.8172 -0.5763
vn -0.0000 0.8660 -0.5001
vn 0.1914 0.8660 -0.4620
vn 0.2205 0.8172 -0.5324
vn 0.2480 0.7616 -0.5987
vn 0.0431 -0.8651 -0.4997
vn 0.0544 -0.8167 -0.5744
vn 0.1127 -0.8163 -0.5666
vn 0.0981 -0.8643 -0.4933
vn 0.0632 -0.7614 -0.6452
vn 0.1265 -0.7612 -0.6360
vn 0.1696 -0.8167 -0.5515
vn 0.1514 -0.8651 -0.4782
vn 0.1885 -0.7614 -0.6202
vn -0.0000 -0.8660 -0.5001
vn -0.0000 -0.8172 -0.5763
vn -0.0000 -0.7616 -0.6480
vn 0.2480 -0.7616 -0.5987
vn 0.2205 -0.8172 -0.5324
vn 0.1914 -0.8660 -0.4620
vn 0.0943 -0.2828 -0.9545
vn 0.0965 -0.1901 -0.9770
vn 0.1915 -0.1901 -0.9629
vn 0.1871 -0.2828 -0.9407
vn 0.0979 -0.0957 -0.9906
vn 0.1942 -0.0957 -0.9763
vn 0.2847 -0.1901 -0.9396
vn 0.2781 -0.2828 -0.9180
vn 0.2886 -0.0957 -0.9526
vn -0.0000 -0.2828 -0.9592
vn -0.0000 -0.1901 -0.9818
vn -0.0000 -0.0957 -0.9954
vn 0.3809 -0.0957 -0.9196
vn 0.3757 -0.1901 -0.9070
vn 0.3671 -0.2828 -0.8862
vn 0.3687 -0.6237 -0.6893
vn 0.3955 -0.5451 -0.7393
vn 0.4658 -0.5450 -0.6971
vn 0.4343 -0.6237 -0.6500
vn 0.4184 -0.4617 -0.7822
vn 0.4928 -0.4617 -0.7375
vn 0.5317 -0.5451 -0.6483
vn 0.4957 -0.6237 -0.6044
vn 0.5625 -0.4617 -0.6859
vn 0.3383 -0.6967 -0.6325
vn 0.4375 -0.3739 -0.8178
vn 0.5153 -0.3738 -0.7712
vn 0.5882 -0.3739 -0.7171
vn 0.6558 -0.3739 -0.6558
vn 0.6272 -0.4617 -0.6272
vn 0.5928 -0.5451 -0.5928
vn 0.5527 -0.6237 -0.5527
vn 0.4549 -0.6967 -0.5546
vn 0.5072 -0.6968 -0.5072
vn 0.3985 -0.6967 -0.5965
vn 0.4695 0.0957 -0.8777
vn 0.4631 0.1901 -0.8657
vn 0.5454 0.1901 -0.8163
vn 0.5530 0.0957 -0.8277
vn 0.4524 0.2828 -0.8458
vn 0.5329 0.2828 -0.7975
vn 0.6226 0.1901 -0.7591
vn 0.6312 0.0957 -0.7697
vn 0.6083 0.2828 -0.7416
vn 0.4717 -0.0000 -0.8818
vn 0.4375 0.3739 -0.8178
vn 0.5153 0.3738 -0.7712
vn 0.5882 0.3739 -0.7171
vn 0.6558 0.3739 -0.6558
vn 0.6782 0.2828 -0.6782
vn 0.6942 0.1901 -0.6942
vn 0.7039 0.0957 -0.7039
vn 0.6341 -0.0000 -0.7732
vn 0.7071 -0.0000 -0.7071
vn 0.5556 -0.0000 -0.8315
vn 0.3053 0.7614 -0.5719
vn 0.2701 0.8167 -0.5099
vn 0.3209 0.8163 -0.4803
vn 0.3603 0.7612 -0.5392
vn 0.2311 0.8651 -0.4451
vn 0.2794 0.8643 -0.4182
vn 0.3677 0.8167 -0.4447
vn 0.4115 0.7614 -0.5009
vn 0.3228 0.8651 -0.3838
vn 0.3383 0.6967 -0.6325
vn 0.1863 0.9080 -0.3754
vn 0.2344 0.9067 -0.3508
vn 0.2755 0.9080 -0.3157
vn 0.2940 0.9094 -0.2940
vn 0.3536 0.8660 -0.3536
vn 0.4075 0.8172 -0.4075
vn 0.4582 0.7616 -0.4582
vn 0.4549 0.6967 -0.5546
vn 0.5072 0.6968 -0.5072
vn 0.3985 0.6967 -0.5965
vn 0.2311 -0.8651 -0.4451
vn 0.2701 -0.8167 -0.5099
vn 0.3209 -0.8163 -0.4803
vn 0.2794 -0.8643 -0.4182
vn 0.3053 -0.7614 -0.5719
vn 0.3603 -0.7612 -0.5392
vn 0.3677 -0.8167 -0.4447
vn 0.3228 -0.8651 -0.3838
vn 0.4115 -0.7614 -0.5009
vn 0.1863 -0.9080 -0.3754
vn 0.4582 -0.7616 -0.4582
vn 0.4075 -0.8172 -0.4075
vn 0.3536 -0.8660 -0.3536
vn 0.2755 -0.9080 -0.3157
vn 0.2940 -0.9094 -0.2940
vn 0.2344 -0.9067 -0.3508
vn 0.4524 -0.2828 -0.8458
vn 0.4631 -0.1901 -0.8657
vn 0.5454 -0.1901 -0.8163
vn 0.5329 -0.2828 -0.7975
vn 0.4695 -0.0957 -0.8777
vn 0.5530 -0.0957 -0.8277
vn 0.6226 -0.1901 -0.7591
vn 0.6083 -0.2828 -0.7416
vn 0.6312 -0.0957 -0.7697
vn 0.7039 -0.0957 -0.7039
vn 0.6942 -0.1901 -0.6942
vn 0.6782 -0.2828 -0.6782
vn 0.4184 0.4617 -0.7822
vn 0.3955 0.5451 -0.7393
vn 0.4658 0.5450 -0.6971
vn 0.4928 0.4617 -0.7375
vn 0.3687 0.6237 -0.6893
vn 0.4343 0.6237 -0.6500
vn 0.5317 0.5451 -0.6483
vn 0.5625 0.4617 -0.6859
vn 0.4957 0.6237 -0.6044
vn 0.5527 0.6237 -0.5527
vn 0.5928 0.5451 -0.5928
vn 0.6272 0.4617 -0.6272
vn 0.1364 0.9430 -0.3036
vn 0.1058 0.9693 -0.2220
vn 0.1542 0.9607 -0.2308
vn 0.1889 0.9404 -0.2827
vn 0.1036 0.9824 -0.1551
vn 0.1646 0.9693 -0.1828
vn 0.2283 0.9430 -0.2422
vn 0.1026 0.9894 -0.1026
vn 0.1660 0.9720 -0.1660
vn 0.2300 0.9456 -0.2300
vn 0.1036 -0.9824 -0.1551
vn 0.1058 -0.9693 -0.2220
vn 0.1542 -0.9607 -0.2308
vn 0.1646 -0.9693 -0.1828
vn 0.1364 -0.9430 -0.3036
vn 0.1889 -0.9404 -0.2827
vn 0.2283 -0.9430 -0.2422
vn 0.1026 -0.9894 -0.1026
vn 0.1660 -0.9720 -0.1660
vn 0.2300 -0.9456 -0.2300
vn 0.3838 -0.8651 -0.3228
vn 0.4447 -0.8167 -0.3677
vn 0.4803 -0.8163 -0.3209
vn 0.4182 -0.8643 -0.2794
vn 0.5009 -0.7614 -0.4115
vn 0.5392 -0.7612 -0.3603
vn 0.5099 -0.8167 -0.2701
vn 0.4451 -0.8651 -0.2311
vn 0.5719 -0.7614 -0.3053
vn 0.3157 -0.9080 -0.2755
vn 0.5546 -0.6967 -0.4549
vn 0.5965 -0.6967 -0.3985
vn 0.6325 -0.6967 -0.3383
vn 0.6627 -0.6968 -0.2745
vn 0.5987 -0.7616 -0.2480
vn 0.5324 -0.8172 -0.2205
vn 0.4620 -0.8660 -0.1914
vn 0.3754 -0.9080 -0.1863
vn 0.3842 -0.9094 -0.1591
vn 0.3508 -0.9067 -0.2344
vn 0.7416 -0.2828 -0.6083
vn 0.7591 -0.1901 -0.6226
vn 0.8163 -0.1901 -0.5454
vn 0.7975 -0.2828 -0.5329
vn 0.7697 -0.0957 -0.6312
vn 0.8277 -0.0957 -0.5530
vn 0.8657 -0.1901 -0.4631
vn 0.8458 -0.2828 -0.4524
vn 0.8777 -0.0957 -0.4695
vn 0.7171 -0.3739 -0.5882
vn 0.7732 -0.0000 -0.6341
vn 0.8315 -0.0000 -0.5556
vn 0.8818 -0.0000 -0.4717
vn 0.9239 -0.0000 -0.3827
vn 0.9196 -0.0957 -0.3809
vn 0.9070 -0.1901 -0.3757
vn 0.8862 -0.2828 -0.3671
vn 0.8178 -0.3739 -0.4375
vn 0.8569 -0.3739 -0.3549
vn 0.7712 -0.3738 -0.5153
vn 0.6859 0.4617 -0.5625
vn 0.6483 0.5451 -0.5317
vn 0.6971 0.5450 -0.4658
vn 0.7375 0.4617 -0.4928
vn 0.6044 0.6237 -0.4957
vn 0.6500 0.6237 -0.4343
vn 0.7393 0.5451 -0.3955
vn 0.7822 0.4617 -0.4184
vn 0.6893 0.6237 -0.3687
vn 0.7171 0.3739 -0.5882
vn 0.5546 0.6967 -0.4549
vn 0.5965 0.6967 -0.3985
vn 0.6325 0.6967 -0.3383
vn 0.6627 0.6968 -0.2745
vn 0.7222 0.6237 -0.2991
vn 0.7746 0.5451 -0.3208
vn 0.8195 0.4617 -0.3395
vn 0.8178 0.3739 -0.4375
vn 0.8569 0.3739 -0.3549
vn 0.7712 0.3738 -0.5153
vn 0.2422 0.9430 -0.2283
vn 0.1828 0.9693 -0.1646
vn 0.2308 0.9607 -0.1542
vn 0.2827 0.9404 -0.1889
vn 0.1551 0.9824 -0.1036
vn 0.2220 0.9693 -0.1058
vn 0.3036 0.9430 -0.1364
vn 0.3157 0.9080 -0.2755
vn 0.3508 0.9067 -0.2344
vn 0.1340 0.9894 -0.0555
vn 0.2169 0.9720 -0.0899
vn 0.3842 0.9094 -0.1591
vn 0.3754 0.9080 -0.1863
vn 0.3004 0.9456 -0.1245
vn 0.1551 -0.9824 -0.1036
vn 0.1828 -0.9693 -0.1646
vn 0.2308 -0.9607 -0.1542
vn 0.2220 -0.9693 -0.1058
vn 0.2422 -0.9430 -0.2283
vn 0.2827 -0.9404 -0.1889
vn 0.3036 -0.9430 -0.1364
vn 0.1340 -0.9894 -0.0555
vn 0.2169 -0.9720 -0.0899
vn 0.3004 -0.9456 -0.1244
vn 0.6044 -0.6237 -0.4957
vn 0.6483 -0.5451 -0.5317
vn 0.6971 -0.5450 -0.4658
vn 0.6500 -0.6237 -0.4343
vn 0.6859 -0.4617 -0.5625
vn 0.7375 -0.4617 -0.4928
vn 0.7393 -0.5451 -0.3955
vn 0.6893 -0.6237 -0.3687
vn 0.7822 -0.4617 -0.4184
vn 0.8195 -0.4617 -0.3395
vn 0.7746 -0.5451 -0.3208
vn 0.7222 -0.6237 -0.2991
vn 0.7697 0.0957 -0.6312
vn 0.7591 0.1901 -0.6226
vn 0.8163 0.1901 -0.5454
vn 0.8277 0.0957 -0.5530
vn 0.7416 0.2828 -0.6083
vn 0.7975 0.2828 -0.5329
vn 0.8657 0.1901 -0.4631
vn 0.8777 0.0957 -0.4695
vn 0.8458 0.2828 -0.4524
vn 0.8862 0.2828 -0.3671
vn 0.9070 0.1901 -0.3757
vn 0.9196 0.0957 -0.3809
vn 0.5009 0.7614 -0.4115
vn 0.4447 0.8167 -0.3677
vn 0.4803 0.8163 -0.3209
vn 0.5392 0.7612 -0.3603
vn 0.3838 0.8651 -0.3228
vn 0.4182 0.8643 -0.2794
vn 0.5099 0.8167 -0.2701
vn 0.5719 0.7614 -0.3053
vn 0.4451 0.8651 -0.2311
vn 0.4620 0.8660 -0.1914
vn 0.5324 0.8172 -0.2205
vn 0.5987 0.7616 -0.2480
vn 0.9180 -0.2828 -0.2781
vn 0.9396 -0.1901 -0.2847
vn 0.9629 -0.1901 -0.1915
vn 0.9407 -0.2828 -0.1871
vn 0.9526 -0.0957 -0.2886
vn 0.9763 -0.0957 -0.1942
vn 0.9770 -0.1901 -0.0965
vn 0.9545 -0.2828 -0.0943
vn 0.9906 -0.0957 -0.0979
vn 0.8876 -0.3739 -0.2689
vn 0.9570 -0.0000 -0.2900
vn 0.9808 -0.0000 -0.1951
vn 0.9952 -0.0000 -0.0983
vn 1.0000 -0.0000 -0.0000
vn 0.9954 -0.0957 -0.0000
vn 0.9818 -0.1901 -0.0000
vn 0.9592 -0.2828 -0.0000
vn 0.9230 -0.3739 -0.0912
vn 0.9275 -0.3739 -0.0000
vn 0.9097 -0.3738 -0.1809
vn 0.8489 0.4617 -0.2572
vn 0.8024 0.5451 -0.2431
vn 0.8223 0.5450 -0.1636
vn 0.8700 0.4617 -0.1731
vn 0.7481 0.6237 -0.2267
vn 0.7667 0.6237 -0.1525
vn 0.8343 0.5451 -0.0824
vn 0.8827 0.4617 -0.0872
vn 0.7779 0.6237 -0.0769
vn 0.8876 0.3739 -0.2689
vn 0.6865 0.6967 -0.2081
vn 0.7036 0.6967 -0.1399
vn 0.7138 0.6967 -0.0705
vn 0.7173 0.6968 -0.0000
vn 0.7817 0.6237 -0.0000
vn 0.8384 0.5451 -0.0000
vn 0.8870 0.4617 -0.0000
vn 0.9230 0.3739 -0.0912
vn 0.9275 0.3739 -0.0000
vn 0.9097 0.3738 -0.1809
vn 0.3111 0.9430 -0.1182
vn 0.2318 0.9693 -0.0822
vn 0.2722 0.9607 -0.0541
vn 0.3335 0.9404 -0.0663
vn 0.1830 0.9824 -0.0364
vn 0.2456 0.9693 -0.0128
vn 0.3327 0.9430 -0.0098
vn 0.3971 0.9080 -0.1337
vn 0.4138 0.9067 -0.0823
vn 0.1451 0.9894 -0.0000
vn 0.2348 0.9720 -0.0000
vn 0.4158 0.9094 -0.0000
vn 0.4181 0.9080 -0.0285
vn 0.3252 0.9456 -0.0000
vn 0.1830 -0.9824 -0.0364
vn 0.2318 -0.9693 -0.0822
vn 0.2722 -0.9607 -0.0542
vn 0.2456 -0.9693 -0.0128
vn 0.3111 -0.9430 -0.1182
vn 0.3335 -0.9404 -0.0663
vn 0.3327 -0.9430 -0.0098
vn 0.1450 -0.9894 -0.0000
vn 0.2348 -0.9720 -0.0000
vn 0.3971 -0.9080 -0.1337
vn 0.4138 -0.9067 -0.0823
vn 0.4158 -0.9094 -0.0000
vn 0.3252 -0.9456 -0.0000
vn 0.4181 -0.9080 -0.0285
vn 0.7481 -0.6237 -0.2267
vn 0.8024 -0.5451 -0.2431
vn 0.8223 -0.5450 -0.1636
vn 0.7667 -0.6237 -0.1525
vn 0.8489 -0.4617 -0.2572
vn 0.8700 -0.4617 -0.1731
vn 0.8343 -0.5451 -0.0824
vn 0.7779 -0.6237 -0.0769
vn 0.8827 -0.4617 -0.0872
vn 0.6865 -0.6967 -0.2081
vn 0.8870 -0.4617 -0.0000
vn 0.8384 -0.5451 -0.0000
vn 0.7817 -0.6237 -0.0000
vn 0.7138 -0.6967 -0.0705
vn 0.7173 -0.6968 -0.0000
vn 0.7036 -0.6967 -0.1399
vn 0.9526 0.0957 -0.2886
vn 0.9396 0.1901 -0.2847
vn 0.9629 0.1901 -0.1915
vn 0.9763 0.0957 -0.1942
vn 0.9180 0.2828 -0.2781
vn 0.9407 0.2828 -0.1871
vn 0.9770 0.1901 -0.0965
vn 0.9906 0.0957 -0.0979
vn 0.9545 0.2828 -0.0943
vn 0.9592 0.2828 -0.0000
vn 0.9818 0.1901 -0.0000
vn 0.9954 0.0957 -0.0000
vn 0.6202 0.7614 -0.1885
vn 0.5515 0.8167 -0.1696
vn 0.5666 0.8163 -0.1127
vn 0.6360 0.7612 -0.1265
vn 0.4782 0.8651 -0.1514
vn 0.4933 0.8643 -0.0981
vn 0.5744 0.8167 -0.0544
vn 0.6452 0.7614 -0.0632
vn 0.4997 0.8651 -0.0431
vn 0.5001 0.8660 -0.0000
vn 0.5763 0.8172 -0.0000
vn 0.6480 0.7616 -0.0000
vn 0.4782 -0.8651 -0.1514
vn 0.5515 -0.8167 -0.1696
vn 0.5666 -0.8163 -0.1127
vn 0.4933 -0.8643 -0.0981
vn 0.6202 -0.7614 -0.1885
vn 0.6360 -0.7612 -0.1265
vn 0.5744 -0.8167 -0.0544
vn 0.4997 -0.8651 -0.0431
vn 0.6452 -0.7614 -0.0632
vn 0.6480 -0.7616 -0.0000
vn 0.5763 -0.8172 -0.0000
vn 0.5001 -0.8660 -0.0000
vn 0.1830 -0.9824 0.0364
vn 0.2456 -0.9693 0.0128
vn 0.2722 -0.9607 0.0541
vn 0.2318 -0.9693 0.0822
vn 0.3327 -0.9430 0.0098
vn 0.3335 -0.9404 0.0663
vn 0.3111 -0.9430 0.1182
vn 0.1340 -0.9894 0.0555
vn 0.2169 -0.9720 0.0899
vn 0.4181 -0.9080 0.0285
vn 0.4138 -0.9067 0.0823
vn 0.3842 -0.9094 0.1591
vn 0.3004 -0.9456 0.1245
vn 0.3971 -0.9080 0.1337
vn 0.7779 -0.6237 0.0769
vn 0.8343 -0.5451 0.0824
vn 0.8223 -0.5450 0.1636
vn 0.7667 -0.6237 0.1525
vn 0.8827 -0.4617 0.0872
vn 0.8700 -0.4617 0.1731
vn 0.8024 -0.5451 0.2431
vn 0.7481 -0.6237 0.2267
vn 0.8489 -0.4617 0.2572
vn 0.7138 -0.6967 0.0705
vn 0.9230 -0.3739 0.0912
vn 0.9097 -0.3738 0.1809
vn 0.8876 -0.3739 0.2689
vn 0.8569 -0.3739 0.3549
vn 0.8195 -0.4617 0.3395
vn 0.7746 -0.5451 0.3208
vn 0.7222 -0.6237 0.2991
vn 0.6865 -0.6967 0.2081
vn 0.6627 -0.6968 0.2745
vn 0.7036 -0.6967 0.1399
vn 0.9906 0.0957 0.0979
vn 0.9770 0.1901 0.0965
vn 0.9629 0.1901 0.1915
vn 0.9763 0.0957 0.1942
vn 0.9545 0.2828 0.0943
vn 0.9407 0.2828 0.1871
vn 0.9396 0.1901 0.2847
vn 0.9526 0.0957 0.2886
vn 0.9180 0.2828 0.2781
vn 0.9952 -0.0000 0.0983
vn 0.9230 0.3739 0.0912
vn 0.9097 0.3738 0.1809
vn 0.8876 0.3739 0.2689
vn 0.8569 0.3739 0.3549
vn 0.8862 0.2828 0.3671
vn 0.9070 0.1901 0.3757
vn 0.9196 0.0957 0.3809
vn 0.9570 -0.0000 0.2900
vn 0.9239 -0.0000 0.3827
vn 0.9808 -0.0000 0.1951
vn 0.6452 0.7614 0.0632
vn 0.5744 0.8167 0.0544
vn 0.5666 0.8163 0.1127
vn 0.6360 0.7612 0.1265
vn 0.4997 0.8651 0.0431
vn 0.4933 0.8643 0.0981
vn 0.5515 0.8167 0.1696
vn 0.6202 0.7614 0.1885
vn 0.4782 0.8651 0.1514
vn 0.7138 0.6967 0.0705
vn 0.4181 0.9080 0.0285
vn 0.4138 0.9067 0.0823
vn 0.3971 0.9080 0.1337
vn 0.3842 0.9094 0.1591
vn 0.4620 0.8660 0.1914
vn 0.5324 0.8172 0.2205
vn 0.5987 0.7616 0.2480
vn 0.6865 0.6967 0.2081
vn 0.6627 0.6968 0.2745
vn 0.7036 0.6967 0.1399
vn 0.4997 -0.8651 0.0431
vn 0.5744 -0.8167 0.0544
vn 0.5666 -0.8163 0.1127
vn 0.4933 -0.8643 0.0981
vn 0.6452 -0.7614 0.0632
vn 0.6360 -0.7612 0.1265
vn 0.5515 -0.8167 0.1696
vn 0.4782 -0.8651 0.1514
vn 0.6202 -0.7614 0.1885
vn 0.5987 -0.7616 0.2480
vn 0.5324 -0.8172 0.2205
vn 0.4620 -0.8660 0.1914
vn 0.9545 -0.2828 0.0943
vn 0.9770 -0.1901 0.0965
vn 0.9629 -0.1901 0.1915
vn 0.9407 -0.2828 0.1871
vn 0.9906 -0.0957 0.0979
vn 0.9763 -0.0957 0.1942
vn 0.9396 -0.1901 0.2847
vn 0.9180 -0.2828 0.2781
vn 0.9526 -0.0957 0.2886
vn 0.9196 -0.0957 0.3809
vn 0.9070 -0.1901 0.3757
vn 0.8862 -0.2828 0.3671
vn 0.8827 0.4617 0.0872
vn 0.8343 0.5451 0.0824
vn 0.8223 0.5450 0.1636
vn 0.8700 0.4617 0.1731
vn 0.7779 0.6237 0.0769
vn 0.7667 0.6237 0.1525
vn 0.8024 0.5451 0.2431
vn 0.8489 0.4617 0.2572
vn 0.7481 0.6237 0.2267
vn 0.7222 0.6237 0.2991
vn 0.7746 0.5451 0.3208
vn 0.8195 0.4617 0.3395
vn 0.3327 0.9430 0.0098
vn 0.2456 0.9693 0.0128
vn 0.2722 0.9607 0.0542
vn 0.3335 0.9404 0.0663
vn 0.1830 0.9824 0.0364
vn 0.2318 0.9693 0.0822
vn 0.3111 0.9430 0.1182
vn 0.1340 0.9894 0.0555
vn 0.2169 0.9720 0.0899
vn 0.3004 0.9456 0.1244
vn 0.8777 0.0957 0.4695
vn 0.8657 0.1901 0.4631
vn 0.8163 0.1901 0.5454
vn 0.8277 0.0957 0.5530
vn 0.8458 0.2828 0.4524
vn 0.7975 0.2828 0.5329
vn 0.7591 0.1901 0.6226
vn 0.7697 0.0957 0.6312
vn 0.7416 0.2828 0.6083
vn 0.8818 -0.0000 0.4717
vn 0.8178 0.3739 0.4375
vn 0.7712 0.3738 0.5153
vn 0.7171 0.3739 0.5882
vn 0.6558 0.3739 0.6558
vn 0.6782 0.2828 0.6782
vn 0.6942 0.1901 0.6942
vn 0.7039 0.0957 0.7039
vn 0.7732 -0.0000 0.6341
vn 0.7071 -0.0000 0.7071
vn 0.8315 -0.0000 0.5556
vn 0.5719 0.7614 0.3053
vn 0.5099 0.8167 0.2701
vn 0.4803 0.8163 0.3209
vn 0.5392 0.7612 0.3603
vn 0.4451 0.8651 0.2311
vn 0.4182 0.8643 0.2794
vn 0.4447 0.8167 0.3677
vn 0.5009 0.7614 0.4115
vn 0.3838 0.8651 0.3228
vn 0.6325 0.6967 0.3383
vn 0.3754 0.9080 0.1863
vn 0.3508 0.9067 0.2344
vn 0.3157 0.9080 0.2755
vn 0.2940 0.9094 0.2940
vn 0.3536 0.8660 0.3536
vn 0.4075 0.8172 0.4075
vn 0.4582 0.7616 0.4582
vn 0.5546 0.6967 0.4549
vn 0.5072 0.6968 0.5072
vn 0.5965 0.6967 0.3985
vn 0.4451 -0.8651 0.2311
vn 0.5099 -0.8167 0.2701
vn 0.4803 -0.8163 0.3209
vn 0.4182 -0.8643 0.2794
vn 0.5719 -0.7614 0.3053
vn 0.5392 -0.7612 0.3603
vn 0.4447 -0.8167 0.3677
vn 0.3838 -0.8651 0.3228
vn 0.5009 -0.7614 0.4115
vn 0.3754 -0.9080 0.1863
vn 0.6325 -0.6967 0.3383
vn 0.5965 -0.6967 0.3985
vn 0.5546 -0.6967 0.4549
vn 0.5072 -0.6968 0.5072
vn 0.4582 -0.7616 0.4582
vn 0.4075 -0.8172 0.4075
vn 0.3536 -0.8660 0.3536
vn 0.3157 -0.9080 0.2755
vn 0.2940 -0.9094 0.2940
vn 0.3508 -0.9067 0.2344
vn 0.8458 -0.2828 0.4524
vn 0.8657 -0.1901 0.4631
vn 0.8163 -0.1901 0.5454
vn 0.7975 -0.2828 0.5329
vn 0.8777 -0.0957 0.4695
vn 0.8277 -0.0957 0.5530
vn 0.7591 -0.1901 0.6226
vn 0.7416 -0.2828 0.6083
vn 0.7697 -0.0957 0.6312
vn 0.8178 -0.3739 0.4375
vn 0.7039 -0.0957 0.7039
vn 0.6942 -0.1901 0.6942
vn 0.6782 -0.2828 0.6782
vn 0.7171 -0.3739 0.5882
vn 0.6558 -0.3739 0.6558
vn 0.7712 -0.3738 0.5153
vn 0.7822 0.4617 0.4184
vn 0.7393 0.5451 0.3955
vn 0.6971 0.5450 0.4658
vn 0.7375 0.4617 0.4928
vn 0.6893 0.6237 0.3687
vn 0.6500 0.6237 0.4343
vn 0.6483 0.5451 0.5317
vn 0.6859 0.4617 0.5625
vn 0.6044 0.6237 0.4957
vn 0.5527 0.6237 0.5527
vn 0.5928 0.5451 0.5928
vn 0.6272 0.4617 0.6272
vn 0.3036 0.9430 0.1364
vn 0.2220 0.9693 0.1058
vn 0.2308 0.9607 0.1542
vn 0.2827 0.9404 0.1889
vn 0.1551 0.9824 0.1036
vn 0.1828 0.9693 0.1646
vn 0.2422 0.9430 0.2283
vn 0.1026 0.9894 0.1026
vn 0.1660 0.9720 0.1660
vn 0.2300 0.9456 0.2300
vn 0.1551 -0.9824 0.1036
vn 0.2220 -0.9693 0.1058
vn 0.2308 -0.9607 0.1542
vn 0.1828 -0.9693 0.1646
vn 0.3036 -0.9430 0.1364
vn 0.2827 -0.9404 0.1889
vn 0.2422 -0.9430 0.2283
vn 0.1026 -0.9894 0.1026
vn 0.1660 -0.9720 0.1660
vn 0.2300 -0.9456 0.2300
vn 0.6893 -0.6237 0.3687
vn 0.7393 -0.5451 0.3955
vn 0.6971 -0.5450 0.4658
vn 0.6500 -0.6237 0.4343
vn 0.7822 -0.4617 0.4184
vn 0.7375 -0.4617 0.4928
vn 0.6483 -0.5451 0.5317
vn 0.6044 -0.6237 0.4957
vn 0.6859 -0.4617 0.5625
vn 0.6272 -0.4617 0.6272
vn 0.5928 -0.5451 0.5928
vn 0.5527 -0.6237 0.5527
vn 0.3228 -0.8651 0.3838
vn 0.3677 -0.8167 0.4447
vn 0.3209 -0.8163 0.4803
vn 0.2794 -0.8643 0.4182
vn 0.4115 -0.7614 0.5009
vn 0.3603 -0.7612 0.5392
vn 0.2701 -0.8167 0.5099
vn 0.2311 -0.8651 0.4451
vn 0.3053 -0.7614 0.5719
vn 0.2755 -0.9080 0.3157
vn 0.4549 -0.6967 0.5546
vn 0.3985 -0.6967 0.5965
vn 0.3383 -0.6967 0.6325
vn 0.2745 -0.6968 0.6627
vn 0.2480 -0.7616 0.5987
vn 0.2205 -0.8172 0.5324
vn 0.1914 -0.8660 0.4620
vn 0.1863 -0.9080 0.3754
vn 0.1591 -0.9094 0.3842
vn 0.2344 -0.9067 0.3508
vn 0.6083 -0.2828 0.7416
vn 0.6226 -0.1901 0.7591
vn 0.5454 -0.1901 0.8163
vn 0.5329 -0.2828 0.7975
vn 0.6312 -0.0957 0.7697
vn 0.5530 -0.0957 0.8277
vn 0.4631 -0.1901 0.8657
vn 0.4524 -0.2828 0.8458
vn 0.4695 -0.0957 0.8777
vn 0.5882 -0.3739 0.7171
vn 0.6341 -0.0000 0.7732
vn 0.5556 -0.0000 0.8315
vn 0.4717 -0.0000 0.8818
vn 0.3827 -0.0000 0.9239
vn 0.3809 -0.0957 0.9196
vn 0.3757 -0.1901 0.9070
vn 0.3671 -0.2828 0.8862
vn 0.4375 -0.3739 0.8178
vn 0.3549 -0.3739 0.8569
vn 0.5153 -0.3738 0.7712
vn 0.5625 0.4617 0.6859
vn 0.5317 0.5451 0.6483
vn 0.4658 0.5450 0.6971
vn 0.4928 0.4617 0.7375
vn 0.4957 0.6237 0.6044
vn 0.4343 0.6237 0.6500
vn 0.3955 0.5451 0.7393
vn 0.4184 0.4617 0.7822
vn 0.3687 0.6237 0.6893
vn 0.5882 0.3739 0.7171
vn 0.4549 0.6967 0.5546
vn 0.3985 0.6967 0.5965
vn 0.3383 0.6967 0.6325
vn 0.2745 0.6968 0.6627
vn 0.2991 0.6237 0.7222
vn 0.3208 0.5451 0.7746
vn 0.3395 0.4617 0.8195
vn 0.4375 0.3739 0.8178
vn 0.3549 0.3739 0.8569
vn 0.5153 0.3738 0.7712
vn 0.2283 0.9430 0.2422
vn 0.1646 0.9693 0.1828
vn 0.1542 0.9607 0.2308
vn 0.1889 0.9404 0.2827
vn 0.1036 0.9824 0.1551
vn 0.1058 0.9693 0.2220
vn 0.1364 0.9430 0.3036
vn 0.2755 0.9080 0.3157
vn 0.2344 0.9067 0.3508
vn 0.0555 0.9894 0.1340
vn 0.0899 0.9720 0.2169
vn 0.1591 0.9094 0.3842
vn 0.1863 0.9080 0.3754
vn 0.1245 0.9456 0.3004
vn 0.1036 -0.9824 0.1551
vn 0.1646 -0.9693 0.1828
vn 0.1542 -0.9607 0.2308
vn 0.1058 -0.9693 0.2220
vn 0.2283 -0.9430 0.2422
vn 0.1889 -0.9404 0.2827
vn 0.1364 -0.9430 0.3036
vn 0.0555 -0.9894 0.1340
vn 0.0899 -0.9720 0.2169
vn 0.1244 -0.9456 0.3004
vn 0.4957 -0.6237 0.6044
vn 0.5317 -0.5451 0.6483
vn 0.4658 -0.5450 0.6971
vn 0.4343 -0.6237 0.6500
vn 0.5625 -0.4617 0.6859
vn 0.4928 -0.4617 0.7375
vn 0.3955 -0.5451 0.7393
vn 0.3687 -0.6237 0.6893
vn 0.4184 -0.4617 0.7822
vn 0.3394 -0.4617 0.8195
vn 0.3208 -0.5451 0.7746
vn 0.2991 -0.6237 0.7222
vn 0.6312 0.0957 0.7697
vn 0.6226 0.1901 0.7591
vn 0.5454 0.1901 0.8163
vn 0.5530 0.0957 0.8277
vn 0.6083 0.2828 0.7416
vn 0.5329 0.2828 0.7975
vn 0.4631 0.1901 0.8657
vn 0.4695 0.0957 0.8777
vn 0.4524 0.2828 0.8458
vn 0.3671 0.2828 0.8862
vn 0.3757 0.1901 0.9070
vn 0.3809 0.0957 0.9196
vn 0.4115 0.7614 0.5009
vn 0.3677 0.8167 0.4447
vn 0.3209 0.8163 0.4803
vn 0.3603 0.7612 0.5392
vn 0.3228 0.8651 0.3838
vn 0.2794 0.8643 0.4182
vn 0.2701 0.8167 0.5099
vn 0.3053 0.7614 0.5719
vn 0.2311 0.8651 0.4451
vn 0.1914 0.8660 0.4620
vn 0.2205 0.8172 0.5324
vn 0.2480 0.7616 0.5987
vn 0.2572 0.4617 0.8489
vn 0.2431 0.5451 0.8024
vn 0.1636 0.5450 0.8223
vn 0.1731 0.4617 0.8700
vn 0.2267 0.6237 0.7481
vn 0.1525 0.6237 0.7667
vn 0.0824 0.5451 0.8343
vn 0.0872 0.4617 0.8827
vn 0.0769 0.6237 0.7779
vn 0.2689 0.3739 0.8876
vn 0.2081 0.6967 0.6865
vn 0.1399 0.6967 0.7036
vn 0.0705 0.6967 0.7138
vn -0.0000 0.6968 0.7173
vn -0.0000 0.6237 0.7817
vn -0.0000 0.5451 0.8384
vn -0.0000 0.4617 0.8870
vn 0.0912 0.3739 0.9230
vn -0.0000 0.3739 0.9275
vn 0.1809 0.3738 0.9097
vn 0.1182 0.9430 0.3111
vn 0.0822 0.9693 0.2318
vn 0.0542 0.9607 0.2722
vn 0.0663 0.9404 0.3335
vn 0.0364 0.9824 0.1830
vn 0.0128 0.9693 0.2456
vn 0.0098 0.9430 0.3327
vn 0.1337 0.9080 0.3971
vn 0.0823 0.9067 0.4138
vn -0.0000 0.9894 0.1451
vn -0.0000 0.9720 0.2348
vn -0.0000 0.9094 0.4158
vn 0.0285 0.9080 0.4181
vn -0.0000 0.9456 0.3252
vn 0.0364 -0.9824 0.1830
vn 0.0822 -0.9693 0.2318
vn 0.0542 -0.9607 0.2722
vn 0.0128 -0.9693 0.2456
vn 0.1182 -0.9430 0.3111
vn 0.0663 -0.9404 0.3335
vn 0.0098 -0.9430 0.3327
vn -0.0000 -0.9894 0.1451
vn -0.0000 -0.9720 0.2348
vn 0.1337 -0.9080 0.3971
vn 0.0823 -0.9067 0.4138
vn -0.0000 -0.9094 0.4158
vn -0.0000 -0.9456 0.3252
vn 0.0285 -0.9080 0.4181
vn 0.2267 -0.6237 0.7481
vn 0.2431 -0.5451 0.8024
vn 0.1636 -0.5450 0.8223
vn 0.1525 -0.6237 0.7667
vn 0.2572 -0.4617 0.8489
vn 0.1731 -0.4617 0.8700
vn 0.0824 -0.5451 0.8343
vn 0.0769 -0.6237 0.7779
vn 0.0872 -0.4617 0.8827
vn 0.2081 -0.6967 0.6865
vn 0.2689 -0.3739 0.8876
vn 0.1809 -0.3738 0.9097
vn 0.0912 -0.3739 0.9230
vn -0.0000 -0.3739 0.9275
vn -0.0000 -0.4617 0.8870
vn -0.0000 -0.5451 0.8384
vn -0.0000 -0.6237 0.7817
vn 0.0705 -0.6967 0.7138
vn -0.0000 -0.6968 0.7173
vn 0.1399 -0.6967 0.7036
vn 0.2886 0.0957 0.9526
vn 0.2847 0.1901 0.9396
vn 0.1915 0.1901 0.9629
vn 0.1942 0.0957 0.9763
vn 0.2781 0.2828 0.9180
vn 0.1871 0.2828 0.9407
vn 0.0965 0.1901 0.9770
vn 0.0979 0.0957 0.9906
vn 0.0943 0.2828 0.9545
vn 0.2900 -0.0000 0.9570
vn -0.0000 0.2828 0.9592
vn -0.0000 0.1901 0.9818
vn -0.0000 0.0957 0.9954
vn 0.0983 -0.0000 0.9952
vn -0.0000 -0.0000 1.0000
vn 0.1951 -0.0000 0.9808
vn 0.1885 0.7614 0.6202
vn 0.1696 0.8167 0.5515
vn 0.1127 0.8163 0.5666
vn 0.1265 0.7612 0.6360
vn 0.1514 0.8651 0.4782
vn 0.0981 0.8643 0.4933
vn 0.0544 0.8167 0.5744
vn 0.0632 0.7614 0.6452
vn 0.0431 0.8651 0.4997
vn -0.0000 0.8660 0.5001
vn -0.0000 0.8172 0.5763
vn -0.0000 0.7616 0.6480
vn 0.1514 -0.8651 0.4782
vn 0.1696 -0.8167 0.5515
vn 0.1127 -0.8163 0.5666
vn 0.0981 -0.8643 0.4933
vn 0.1885 -0.7614 0.6202
vn 0.1265 -0.7612 0.6360
vn 0.0544 -0.8167 0.5744
vn 0.0431 -0.8651 0.4997
vn 0.0632 -0.7614 0.6452
vn -0.0000 -0.7616 0.6480
vn -0.0000 -0.8172 0.5763
vn -0.0000 -0.8660 0.5001
vn 0.2781 -0.2828 0.9180
vn 0.2847 -0.1901 0.9396
vn 0.1915 -0.1901 0.9629
vn 0.1871 -0.2828 0.9407
vn 0.2886 -0.0957 0.9526
vn 0.1942 -0.0957 0.9763
vn 0.0965 -0.1901 0.9770
vn 0.0943 -0.2828 0.9545
vn 0.0979 -0.0957 0.9906
vn -0.0000 -0.0957 0.9954
vn -0.0000 -0.1901 0.9818
vn -0.0000 -0.2828 0.9592
vn -0.0364 -0.9824 0.1830
vn -0.0128 -0.9693 0.2456
vn -0.0541 -0.9607 0.2722
vn -0.0822 -0.9693 0.2318
vn -0.0098 -0.9430 0.3327
vn -0.0663 -0.9404 0.3335
vn -0.1182 -0.9430 0.3111
vn -0.0555 -0.9894 0.1340
vn -0.0899 -0.9720 0.2169
vn -0.0285 -0.9080 0.4181
vn -0.0823 -0.9067 0.4138
vn -0.1591 -0.9094 0.3842
vn -0.1244 -0.9456 0.3004
vn -0.1337 -0.9080 0.3971
vn -0.0769 -0.6237 0.7779
vn -0.0824 -0.5451 0.8343
vn -0.1636 -0.5450 0.8223
vn -0.1525 -0.6237 0.7667
vn -0.0872 -0.4617 0.8827
vn -0.1731 -0.4617 0.8700
vn -0.2431 -0.5451 0.8024
vn -0.2267 -0.6237 0.7481
vn -0.2572 -0.4617 0.8489
vn -0.0705 -0.6967 0.7138
vn -0.0912 -0.3739 0.9230
vn -0.1809 -0.3738 0.9097
vn -0.2689 -0.3739 0.8876
vn -0.3549 -0.3739 0.8569
vn -0.3395 -0.4617 0.8195
vn -0.3208 -0.5451 0.7746
vn -0.2991 -0.6237 0.7222
vn -0.2081 -0.6967 0.6865
vn -0.2745 -0.6968 0.6627
vn -0.1399 -0.6967 0.7036
vn -0.0979 0.0957 0.9906
vn -0.0965 0.1901 0.9770
vn -0.1915 0.1901 0.9629
vn -0.1942 0.0957 0.9763
vn -0.0943 0.2828 0.9545
vn -0.1871 0.2828 0.9407
vn -0.2847 0.1901 0.9396
vn -0.2886 0.0957 0.9526
vn -0.2781 0.2828 0.9180
vn -0.0983 -0.0000 0.9952
vn -0.0912 0.3739 0.9230
vn -0.1809 0.3738 0.9097
vn -0.2689 0.3739 0.8876
vn -0.3549 0.3739 0.8569
vn -0.3671 0.2828 0.8862
vn -0.3757 0.1901 0.9070
vn -0.3809 0.0957 0.9196
vn -0.2900 -0.0000 0.9570
vn -0.3827 -0.0000 0.9239
vn -0.1951 -0.0000 0.9808
vn -0.0632 0.7614 0.6452
vn -0.0544 0.8167 0.5744
vn -0.1127 0.8163 0.5666
vn -0.1265 0.7612 0.6360
vn -0.0431 0.8651 0.4997
vn -0.0981 0.8643 0.4933
vn -0.1696 0.8167 0.5515
vn -0.1885 0.7614 0.6202
vn -0.1514 0.8651 0.4782
vn -0.0705 0.6967 0.7138
vn -0.0285 0.9080 0.4181
vn -0.0823 0.9067 0.4138
vn -0.1337 0.9080 0.3971
vn -0.1591 0.9094 0.3842
vn -0.1914 0.8660 0.4620
vn -0.2205 0.8172 0.5324
vn -0.2480 0.7616 0.5987
vn -0.2081 0.6967 0.6865
vn -0.2745 0.6968 0.6627
vn -0.1399 0.6967 0.7036
vn -0.0431 -0.8651 0.4997
vn -0.0544 -0.8167 0.5744
vn -0.1127 -0.8163 0.5666
vn -0.0981 -0.8643 0.4933
vn -0.0632 -0.7614 0.6452
vn -0.1265 -0.7612 0.6360
vn -0.1696 -0.8167 0.5515
vn -0.1514 -0.8651 0.4782
vn -0.1885 -0.7614 0.6202
vn -0.2480 -0.7616 0.5987
vn -0.2205 -0.8172 0.5324
vn -0.1914 -0.8660 0.4620
vn -0.0943 -0.2828 0.9545
vn -0.0965 -0.1901 0.9770
vn -0.1915 -0.1901 0.9629
vn -0.1871 -0.2828 0.9407
vn -0.0979 -0.0957 0.9906
vn -0.1942 -0.0957 0.9763
vn -0.2847 -0.1901 0.9396
vn -0.2781 -0.2828 0.9180
vn -0.2886 -0.0957 0.9526
vn -0.3809 -0.0957 0.9196
vn -0.3757 -0.1901 0.9070
vn -0.3671 -0.2828 0.8862
vn -0.0872 0.4617 0.8827
vn -0.0824 0.5451 0.8343
vn -0.1636 0.5450 0.8223
vn -0.1731 0.4617 0.8700
vn -0.0769 0.6237 0.7779
vn -0.1525 0.6237 0.7667
vn -0.2431 0.5451 0.8024
vn -0.2572 0.4617 0.8489
vn -0.2267 0.6237 0.7481
vn -0.2991 0.6237 0.7222
vn -0.3208 0.5451 0.7746
vn -0.3395 0.4617 0.8195
vn -0.0098 0.9430 0.3327
vn -0.0128 0.9693 0.2456
vn -0.0542 0.9607 0.2722
vn -0.0663 0.9404 0.3335
vn -0.0364 0.9824 0.1830
vn -0.0822 0.9693 0.2318
vn -0.1182 0.9430 0.3111
vn -0.0555 0.9894 0.1340
vn -0.0899 0.9720 0.2169
vn -0.1244 0.9456 0.3004
vn -0.3053 0.7614 0.5719
vn -0.2701 0.8167 0.5099
vn -0.3209 0.8163 0.4803
vn -0.3603 0.7612 0.5392
vn -0.2311 0.8651 0.4451
vn -0.2794 0.8643 0.4182
vn -0.3677 0.8167 0.4447
vn -0.4115 0.7614 0.5009
vn -0.3228 0.8651 0.3838
vn -0.3383 0.6967 0.6325
vn -0.1863 0.9080 0.3754
vn -0.2344 0.9067 0.3508
vn -0.2755 0.9080 0.3157
vn -0.2940 0.9094 0.2940
vn -0.3536 0.8660 0.3536
vn -0.4075 0.8172 0.4075
vn -0.4582 0.7616 0.4582
vn -0.4549 0.6967 0.5546
vn -0.5072 0.6968 0.5072
vn -0.3985 0.6967 0.5965
vn -0.2311 -0.8651 0.4451
vn -0.2701 -0.8167 0.5099
vn -0.3209 -0.8163 0.4803
vn -0.2794 -0.8643 0.4182
vn -0.3053 -0.7614 0.5719
vn -0.3603 -0.7612 0.5392
vn -0.3677 -0.8167 0.4447
vn -0.3228 -0.8651 0.3838
vn -0.4115 -0.7614 0.5009
vn -0.1863 -0.9080 0.3754
vn -0.3383 -0.6967 0.6325
vn -0.3985 -0.6967 0.5965
vn -0.4549 -0.6967 0.5546
vn -0.5072 -0.6968 0.5072
vn -0.4582 -0.7616 0.4582
vn -0.4075 -0.8172 0.4075
vn -0.3536 -0.8660 0.3536
vn -0.2755 -0.9080 0.3157
vn -0.2940 -0.9094 0.2940
vn -0.2344 -0.9067 0.3508
vn -0.4524 -0.2828 0.8458
vn -0.4631 -0.1901 0.8657
vn -0.5454 -0.1901 0.8163
vn -0.5329 -0.2828 0.7975
vn -0.4695 -0.0957 0.8777
vn -0.5530 -0.0957 0.8277
vn -0.6226 -0.1901 0.7591
vn -0.6083 -0.2828 0.7416
vn -0.6312 -0.0957 0.7697
vn -0.4375 -0.3739 0.8178
vn -0.4717 -0.0000 0.8818
vn -0.5556 -0.0000 0.8315
vn -0.6341 -0.0000 0.7732
vn -0.7071 -0.0000 0.7071
vn -0.7039 -0.0957 0.7039
vn -0.6942 -0.1901 0.6942
vn -0.6782 -0.2828 0.6782
vn -0.5882 -0.3739 0.7171
vn -0.6558 -0.3739 0.6558
vn -0.5153 -0.3738 0.7712
vn -0.4184 0.4617 0.7822
vn -0.3955 0.5451 0.7393
vn -0.4658 0.5450 0.6971
vn -0.4928 0.4617 0.7375
vn -0.3687 0.6237 0.6893
vn -0.4343 0.6237 0.6500
vn -0.5317 0.5451 0.6483
vn -0.5625 0.4617 0.6859
vn -0.4957 0.6237 0.6044
vn -0.4375 0.3739 0.8178
vn -0.5527 0.6237 0.5527
vn -0.5928 0.5451 0.5928
vn -0.6272 0.4617 0.6272
vn -0.5882 0.3739 0.7171
vn -0.6558 0.3739 0.6558
vn -0.5153 0.3738 0.7712
vn -0.1364 0.9430 0.3036
vn -0.1058 0.9693 0.2220
vn -0.1542 0.9607 0.2308
vn -0.1889 0.9404 0.2827
vn -0.1036 0.9824 0.1551
vn -0.1646 0.9693 0.1828
vn -0.2283 0.9430 0.2422
vn -0.1026 0.9894 0.1026
vn -0.1660 0.9720 0.1660
vn -0.2300 0.9456 0.2300
vn -0.1036 -0.9824 0.1551
vn -0.1058 -0.9693 0.2220
vn -0.1542 -0.9607 0.2308
vn -0.1646 -0.9693 0.1828
vn -0.1364 -0.9430 0.3036
vn -0.1889 -0.9404 0.2827
vn -0.2283 -0.9430 0.2422
vn -0.1026 -0.9894 0.1026
vn -0.1660 -0.9720 0.1660
vn -0.2300 -0.9456 0.2300
vn -0.3687 -0.6237 0.6893
vn -0.3955 -0.5451 0.7393
vn -0.4658 -0.5450 0.6971
vn -0.4343 -0.6237 0.6500
vn -0.4184 -0.4617 0.7822
vn -0.4928 -0.4617 0.7375
vn -0.5317 -0.5451 0.6483
vn -0.4957 -0.6237 0.6044
vn -0.5625 -0.4617 0.6859
vn -0.6272 -0.4617 0.6272
vn -0.5928 -0.5451 0.5928
vn -0.5527 -0.6237 0.5527
vn -0.4695 0.0957 0.8777
vn -0.4631 0.1901 0.8657
vn -0.5454 0.1901 0.8163
vn -0.5530 0.0957 0.8277
vn -0.4524 0.2828 0.8458
vn -0.5329 0.2828 0.7975
vn -0.6226 0.1901 0.7591
vn -0.6312 0.0957 0.7697
vn -0.6083 0.2828 0.7416
vn -0.6782 0.2828 0.6782
vn -0.6942 0.1901 0.6942
vn -0.7039 0.0957 0.7039
vn -0.3838 -0.8651 0.3228
vn -0.4447 -0.8167 0.3677
vn -0.4803 -0.8163 0.3209
vn -0.4182 -0.8643 0.2794
vn -0.5009 -0.7614 0.4115
vn -0.5392 -0.7612 0.3603
vn -0.5099 -0.8167 0.2701
vn -0.4451 -0.8651 0.2311
vn -0.5719 -0.7614 0.3053
vn -0.3157 -0.9080 0.2755
vn -0.5546 -0.6967 0.4549
vn -0.5965 -0.6967 0.3985
vn -0.6325 -0.6967 0.3383
vn -0.6627 -0.6968 0.2745
vn -0.5987 -0.7616 0.2480
vn -0.5324 -0.8172 0.2205
vn -0.4620 -0.8660 0.1914
vn -0.3754 -0.9080 0.1863
vn -0.3842 -0.9094 0.1591
vn -0.3508 -0.9067 0.2344
vn -0.7416 -0.2828 0.6083
vn -0.7591 -0.1901 0.6226
vn -0.8163 -0.1901 0.5454
vn -0.7975 -0.2828 0.5329
vn -0.7697 -0.0957 0.6312
vn -0.8277 -0.0957 0.5530
vn -0.8657 -0.1901 0.4631
vn -0.8458 -0.2828 0.4524
vn -0.8777 -0.0957 0.4695
vn -0.7171 -0.3739 0.5882
vn -0.7732 -0.0000 0.6341
vn -0.8315 -0.0000 0.5556
vn -0.8818 -0.0000 0.4717
vn -0.9239 -0.0000 0.3827
vn -0.9196 -0.0957 0.3809
vn -0.9070 -0.1901 0.3757
vn -0.8862 -0.2828 0.3671
vn -0.8178 -0.3739 0.4375
vn -0.8569 -0.3739 0.3549
vn -0.7712 -0.3738 0.5153
vn -0.6859 0.4617 0.5625
vn -0.6483 0.5451 0.5317
vn -0.6971 0.5450 0.4658
vn -0.7375 0.4617 0.4928
vn -0.6044 0.6237 0.4957
vn -0.6500 0.6237 0.4343
vn -0.7393 0.5451 0.3955
vn -0.7822 0.4617 0.4184
vn -0.6893 0.6237 0.3687
vn -0.7171 0.3739 0.5882
vn -0.5546 0.6967 0.4549
vn -0.5965 0.6967 0.3985
vn -0.6325 0.6967 0.3383
vn -0.6627 0.6968 0.2745
vn -0.7222 0.6237 0.2991
vn -0.7746 0.5451 0.3208
vn -0.8195 0.4617 0.3394
vn -0.8178 0.3739 0.4375
vn -0.8569 0.3739 0.3549
vn -0.7712 0.3738 0.5153
vn -0.2422 0.9430 0.2283
vn -0.1828 0.9693 0.1646
vn -0.2308 0.9607 0.1542
vn -0.2827 0.9404 0.1889
vn -0.1551 0.9824 0.1036
vn -0.2220 0.9693 0.1058
vn -0.3036 0.9430 0.1364
vn -0.3157 0.9080 0.2755
vn -0.3508 0.9067 0.2344
vn -0.1340 0.9894 0.0555
vn -0.2169 0.9720 0.0899
vn -0.3842 0.9094 0.1591
vn -0.3754 0.9080 0.1863
vn -0.3004 0.9456 0.1244
vn -0.1551 -0.9824 0.1036
vn -0.1828 -0.9693 0.1646
vn -0.2308 -0.9607 0.1542
vn -0.2220 -0.9693 0.1058
vn -0.2422 -0.9430 0.2283
vn -0.2827 -0.9404 0.1889
vn -0.3036 -0.9430 0.1364
vn -0.1340 -0.9894 0.0555
vn -0.2169 -0.9720 0.0899
vn -0.3004 -0.9456 0.1244
vn -0.6044 -0.6237 0.4957
vn -0.6483 -0.5451 0.5317
vn -0.6971 -0.5450 0.4658
vn -0.6500 -0.6237 0.4343
vn -0.6859 -0.4617 0.5625
vn -0.7375 -0.4617 0.4928
vn -0.7393 -0.5451 0.3955
vn -0.6893 -0.6237 0.3687
vn -0.7822 -0.4617 0.4184
vn -0.8195 -0.4617 0.3394
vn -0.7746 -0.5451 0.3208
vn -0.7222 -0.6237 0.2991
vn -0.7697 0.0957 0.6312
vn -0.7591 0.1901 0.6226
vn -0.8163 0.1901 0.5454
vn -0.8277 0.0957 0.5530
vn -0.7416 0.2828 0.6083
vn -0.7975 0.2828 0.5329
vn -0.8657 0.1901 0.4631
vn -0.8777 0.0957 0.4695
vn -0.8458 0.2828 0.4524
vn -0.8862 0.2828 0.3671
vn -0.9070 0.1901 0.3757
vn -0.9196 0.0957 0.3809
vn -0.5009 0.7614 0.4115
vn -0.4447 0.8167 0.3677
vn -0.4803 0.8163 0.3209
vn -0.5392 0.7612 0.3603
vn -0.3838 0.8651 0.3228
vn -0.4182 0.8643 0.2794
vn -0.5099 0.8167 0.2701
vn -0.5719 0.7614 0.3053
vn -0.4451 0.8651 0.2311
vn -0.4620 0.8660 0.1914
vn -0.5324 0.8172 0.2205
vn -0.5987 0.7616 0.2480
vn -0.3111 0.9430 0.1182
vn -0.2318 0.9693 0.0822
vn -0.2722 0.9607 0.0541
vn -0.3335 0.9404 0.0663
vn -0.1830 0.9824 0.0364
vn -0.2456 0.9693 0.0128
vn -0.3327 0.9430 0.0098
vn -0.3971 0.9080 0.1337
vn -0.4138 0.9067 0.0823
vn -0.1450 0.9894 -0.0000
vn -0.2348 0.9720 -0.0000
vn -0.4158 0.9094 -0.0000
vn -0.4181 0.9080 0.0285
vn -0.3252 0.9456 -0.0000
vn -0.1830 -0.9824 0.0364
vn -0.2318 -0.9693 0.0822
vn -0.2722 -0.9607 0.0542
vn -0.2456 -0.9693 0.0128
vn -0.3111 -0.9430 0.1182
vn -0.3335 -0.9404 0.0663
vn -0.3327 -0.9430 0.0098
vn -0.1451 -0.9894 -0.0000
vn -0.2348 -0.9720 -0.0000
vn -0.3971 -0.9080 0.1337
vn -0.4138 -0.9067 0.0823
vn -0.4158 -0.9094 -0.0000
vn -0.3252 -0.9456 -0.0000
vn -0.4181 -0.9080 0.0285
vn -0.7481 -0.6237 0.2267
vn -0.8024 -0.5451 0.2431
vn -0.8223 -0.5450 0.1636
vn -0.7667 -0.6237 0.1525
vn -0.8489 -0.4617 0.2572
vn -0.8700 -0.4617 0.1731
vn -0.8343 -0.5451 0.0824
vn -0.7779 -0.6237 0.0769
vn -0.8827 -0.4617 0.0872
vn -0.6865 -0.6967 0.2081
vn -0.8876 -0.3739 0.2689
vn -0.9097 -0.3738 0.1809
vn -0.9230 -0.3739 0.0912
vn -0.9275 -0.3739 -0.0000
vn -0.8870 -0.4617 -0.0000
vn -0.8384 -0.5451 -0.0000
vn -0.7817 -0.6237 -0.0000
vn -0.7138 -0.6967 0.0705
vn -0.7173 -0.6968 -0.0000
vn -0.7036 -0.6967 0.1399
vn -0.9526 0.0957 0.2886
vn -0.9396 0.1901 0.2847
vn -0.9629 0.1901 0.1915
vn -0.9763 0.0957 0.1942
vn -0.9180 0.2828 0.2781
vn -0.9407 0.2828 0.1871
vn -0.9770 0.1901 0.0965
vn -0.9906 0.0957 0.0979
vn -0.9545 0.2828 0.0943
vn -0.9570 -0.0000 0.2900
vn -0.8876 0.3739 0.2689
vn -0.9097 0.3738 0.1809
vn -0.9230 0.3739 0.0912
vn -0.9275 0.3739 -0.0000
vn -0.9592 0.2828 -0.0000
vn -0.9818 0.1901 -0.0000
vn -0.9954 0.0957 -0.0000
vn -0.9952 -0.0000 0.0983
vn -1.0000 -0.0000 -0.0000
vn -0.9808 -0.0000 0.1951
vn -0.6202 0.7614 0.1885
vn -0.5515 0.8167 0.1696
vn -0.5666 0.8163 0.1127
vn -0.6360 0.7612 0.1265
vn -0.4782 0.8651 0.1514
vn -0.4933 0.8643 0.0981
vn -0.5744 0.8167 0.0544
vn -0.6452 0.7614 0.0632
vn -0.4997 0.8651 0.0431
vn -0.6865 0.6967 0.2081
vn -0.5001 0.8660 -0.0000
vn -0.5763 0.8172 -0.0000
vn -0.6480 0.7616 -0.0000
vn -0.7138 0.6967 0.0705
vn -0.7173 0.6968 -0.0000
vn -0.7036 0.6967 0.1399
vn -0.4782 -0.8651 0.1514
vn -0.5515 -0.8167 0.1696
vn -0.5666 -0.8163 0.1127
vn -0.4933 -0.8643 0.0981
vn -0.6202 -0.7614 0.1885
vn -0.6360 -0.7612 0.1265
vn -0.5744 -0.8167 0.0544
vn -0.4997 -0.8651 0.0431
vn -0.6452 -0.7614 0.0632
vn -0.6480 -0.7616 -0.0000
vn -0.5763 -0.8172 -0.0000
vn -0.5001 -0.8660 -0.0000
vn -0.9180 -0.2828 0.2781
vn -0.9396 -0.1901 0.2847
vn -0.9629 -0.1901 0.1915
vn -0.9407 -0.2828 0.1871
vn -0.9526 -0.0957 0.2886
vn -0.9763 -0.0957 0.1942
vn -0.9770 -0.1901 0.0965
vn -0.9545 -0.2828 0.0943
vn -0.9906 -0.0957 0.0979
vn -0.9954 -0.0957 -0.0000
vn -0.9818 -0.1901 -0.0000
vn -0.9592 -0.2828 -0.0000
vn -0.8489 0.4617 0.2572
vn -0.8024 0.5451 0.2431
vn -0.8223 0.5450 0.1636
vn -0.8700 0.4617 0.1731
vn -0.7481 0.6237 0.2267
vn -0.7667 0.6237 0.1525
vn -0.8343 0.5451 0.0824
vn -0.8827 0.4617 0.0872
vn -0.7779 0.6237 0.0769
vn -0.7817 0.6237 -0.0000
vn -0.8384 0.5451 -0.0000
vn -0.8870 0.4617 -0.0000
vn -0.7779 -0.6237 -0.0769
vn -0.8343 -0.5451 -0.0824
vn -0.8223 -0.5450 -0.1636
vn -0.7667 -0.6237 -0.1525
vn -0.8827 -0.4617 -0.0872
vn -0.8700 -0.4617 -0.1731
vn -0.8024 -0.5451 -0.2431
vn -0.7481 -0.6237 -0.2267
vn -0.8489 -0.4617 -0.2572
vn -0.7138 -0.6967 -0.0705
vn -0.9230 -0.3739 -0.0912
vn -0.9097 -0.3738 -0.1809
vn -0.8876 -0.3739 -0.2689
vn -0.8569 -0.3739 -0.3549
vn -0.8195 -0.4617 -0.3395
vn -0.7746 -0.5451 -0.3208
vn -0.7222 -0.6237 -0.2991
vn -0.6865 -0.6967 -0.2081
vn -0.6627 -0.6968 -0.2745
vn -0.7036 -0.6967 -0.1399
vn -0.9906 0.0957 -0.0979
vn -0.9770 0.1901 -0.0965
vn -0.9629 0.1901 -0.1915
vn -0.9763 0.0957 -0.1942
vn -0.9545 0.2828 -0.0943
vn -0.9407 0.2828 -0.1871
vn -0.9396 0.1901 -0.2847
vn -0.9526 0.0957 -0.2886
vn -0.9180 0.2828 -0.2781
vn -0.9952 -0.0000 -0.0983
vn -0.9230 0.3739 -0.0912
vn -0.9097 0.3738 -0.1809
vn -0.8876 0.3739 -0.2689
vn -0.8569 0.3739 -0.3549
vn -0.8862 0.2828 -0.3671
vn -0.9070 0.1901 -0.3757
vn -0.9196 0.0957 -0.3809
vn -0.9570 -0.0000 -0.2900
vn -0.9239 -0.0000 -0.3827
vn -0.9808 -0.0000 -0.1951
vn -0.6452 0.7614 -0.0632
vn -0.5744 0.8167 -0.0544
vn -0.5666 0.8163 -0.1127
vn -0.6360 0.7612 -0.1265
vn -0.4997 0.8651 -0.0431
vn -0.4933 0.8643 -0.0981
vn -0.5515 0.8167 -0.1696
vn -0.6202 0.7614 -0.1885
vn -0.4782 0.8651 -0.1514
vn -0.7138 0.6967 -0.0705
vn -0.4181 0.9080 -0.0285
vn -0.4138 0.9067 -0.0823
vn -0.3971 0.9080 -0.1337
vn -0.3842 0.9094 -0.1591
vn -0.4620 0.8660 -0.1914
vn -0.5324 0.8172 -0.2205
vn -0.5987 0.7616 -0.2480
vn -0.6865 0.6967 -0.2081
vn -0.6627 0.6968 -0.2745
vn -0.7036 0.6967 -0.1399
vn -0.4997 -0.8651 -0.0431
vn -0.5744 -0.8167 -0.0544
vn -0.5666 -0.8163 -0.1127
vn -0.4933 -0.8643 -0.0981
vn -0.6452 -0.7614 -0.0632
vn -0.6360 -0.7612 -0.1265
vn -0.5515 -0.8167 -0.1696
vn -0.4782 -0.8651 -0.1514
vn -0.6202 -0.7614 -0.1885
vn -0.4181 -0.9080 -0.0285
vn -0.5987 -0.7616 -0.2480
vn -0.5324 -0.8172 -0.2205
vn -0.4620 -0.8660 -0.1914
vn -0.3971 -0.9080 -0.1337
vn -0.3842 -0.9094 -0.1591
vn -0.4138 -0.9067 -0.0823
vn -0.9545 -0.2828 -0.0943
vn -0.9770 -0.1901 -0.0965
vn -0.9629 -0.1901 -0.1915
vn -0.9407 -0.2828 -0.1871
vn -0.9906 -0.0957 -0.0979
vn -0.9763 -0.0957 -0.1942
vn -0.9396 -0.1901 -0.2847
vn -0.9180 -0.2828 -0.2781
vn -0.9526 -0.0957 -0.2886
vn -0.9196 -0.0957 -0.3809
vn -0.9070 -0.1901 -0.3757
vn -0.8862 -0.2828 -0.3671
vn -0.8827 0.4617 -0.0872
vn -0.8343 0.5451 -0.0824
vn -0.8223 0.5450 -0.1636
vn -0.8700 0.4617 -0.1731
vn -0.7779 0.6237 -0.0769
vn -0.7667 0.6237 -0.1525
vn -0.8024 0.5451 -0.2431
vn -0.8489 0.4617 -0.2572
vn -0.7481 0.6237 -0.2267
vn -0.7222 0.6237 -0.2991
vn -0.7746 0.5451 -0.3208
vn -0.8195 0.4617 -0.3395
vn -0.3327 0.9430 -0.0098
vn -0.2456 0.9693 -0.0128
vn -0.2722 0.9607 -0.0542
vn -0.3335 0.9404 -0.0663
vn -0.1830 0.9824 -0.0364
vn -0.2318 0.9693 -0.0822
vn -0.3111 0.9430 -0.1182
vn -0.1340 0.9894 -0.0555
vn -0.2169 0.9720 -0.0899
vn -0.3004 0.9456 -0.1244
vn -0.1830 -0.9824 -0.0364
vn -0.2456 -0.9693 -0.0128
vn -0.2722 -0.9607 -0.0541
vn -0.2318 -0.9693 -0.0822
vn -0.3327 -0.9430 -0.0098
vn -0.3335 -0.9404 -0.0663
vn -0.3111 -0.9430 -0.1182
vn -0.1340 -0.9894 -0.0555
vn -0.2169 -0.9720 -0.0899
vn -0.3004 -0.9456 -0.1244
vn -0.4451 -0.8651 -0.2311
vn -0.5099 -0.8167 -0.2701
vn -0.4803 -0.8163 -0.3209
vn -0.4182 -0.8643 -0.2794
vn -0.5719 -0.7614 -0.3053
vn -0.5392 -0.7612 -0.3603
vn -0.4447 -0.8167 -0.3677
vn -0.3838 -0.8651 -0.3228
vn -0.5009 -0.7614 -0.4115
vn -0.3754 -0.9080 -0.1863
vn -0.6325 -0.6967 -0.3383
vn -0.5965 -0.6967 -0.3985
vn -0.5546 -0.6967 -0.4549
vn -0.5072 -0.6968 -0.5072
vn -0.4582 -0.7616 -0.4582
vn -0.4075 -0.8172 -0.4075
vn -0.3536 -0.8660 -0.3536
vn -0.3157 -0.9080 -0.2755
vn -0.2940 -0.9094 -0.2940
vn -0.3508 -0.9067 -0.2344
vn -0.8458 -0.2828 -0.4524
vn -0.8657 -0.1901 -0.4631
vn -0.8163 -0.1901 -0.5454
vn -0.7975 -0.2828 -0.5329
vn -0.8777 -0.0957 -0.4695
vn -0.8277 -0.0957 -0.5530
vn -0.7591 -0.1901 -0.6226
vn -0.7416 -0.2828 -0.6083
vn -0.7697 -0.0957 -0.6312
vn -0.8178 -0.3739 -0.4375
vn -0.8818 -0.0000 -0.4717
vn -0.8315 -0.0000 -0.5556
vn -0.7732 -0.0000 -0.6341
vn -0.7071 -0.0000 -0.7071
vn -0.7039 -0.0957 -0.7039
vn -0.6942 -0.1901 -0.6942
vn -0.6782 -0.2828 -0.6782
vn -0.7171 -0.3739 -0.5882
vn -0.6558 -0.3739 -0.6558
vn -0.7712 -0.3738 -0.5153
vn -0.7822 0.4617 -0.4184
vn -0.7393 0.5451 -0.3955
vn -0.6971 0.5450 -0.4658
vn -0.7375 0.4617 -0.4928
vn -0.6893 0.6237 -0.3687
vn -0.6500 0.6237 -0.4343
vn -0.6483 0.5451 -0.5317
vn -0.6859 0.4617 -0.5625
vn -0.6044 0.6237 -0.4957
vn -0.8178 0.3739 -0.4375
vn -0.6325 0.6967 -0.3383
vn -0.5965 0.6967 -0.3985
vn -0.5546 0.6967 -0.4549
vn -0.5072 0.6968 -0.5072
vn -0.5527 0.6237 -0.5527
vn -0.5928 0.5451 -0.5928
vn -0.6272 0.4617 -0.6272
vn -0.7171 0.3739 -0.5882
vn -0.6558 0.3739 -0.6558
vn -0.7712 0.3738 -0.5153
vn -0.3036 0.9430 -0.1364
vn -0.2220 0.9693 -0.1058
vn -0.2308 0.9607 -0.1542
vn -0.2827 0.9404 -0.1889
vn -0.1551 0.9824 -0.1036
vn -0.1828 0.9693 -0.1646
vn -0.2422 0.9430 -0.2283
vn -0.3754 0.9080 -0.1863
vn -0.3508 0.9067 -0.2344
vn -0.1026 0.9894 -0.1026
vn -0.1660 0.9720 -0.1660
vn -0.2940 0.9094 -0.2940
vn -0.3157 0.9080 -0.2755
vn -0.2300 0.9456 -0.2300
vn -0.1551 -0.9824 -0.1036
vn -0.2220 -0.9693 -0.1058
vn -0.2308 -0.9607 -0.1542
vn -0.1828 -0.9693 -0.1646
vn -0.3036 -0.9430 -0.1364
vn -0.2827 -0.9404 -0.1889
vn -0.2422 -0.9430 -0.2283
vn -0.1026 -0.9894 -0.1026
vn -0.1660 -0.9720 -0.1660
vn -0.2300 -0.9456 -0.2300
vn -0.6893 -0.6237 -0.3687
vn -0.7393 -0.5451 -0.3955
vn -0.6971 -0.5450 -0.4658
vn -0.6500 -0.6237 -0.4343
vn -0.7822 -0.4617 -0.4184
vn -0.7375 -0.4617 -0.4928
vn -0.6483 -0.5451 -0.5317
vn -0.6044 -0.6237 -0.4957
vn -0.6859 -0.4617 -0.5625
vn -0.6272 -0.4617 -0.6272
vn -0.5928 -0.5451 -0.5928
vn -0.5527 -0.6237 -0.5527
vn -0.8777 0.0957 -0.4695
vn -0.8657 0.1901 -0.4631
vn -0.8163 0.1901 -0.5454
vn -0.8277 0.0957 -0.5530
vn -0.8458 0.2828 -0.4524
vn -0.7975 0.2828 -0.5329
vn -0.7591 0.1901 -0.6226
vn -0.7697 0.0957 -0.6312
vn -0.7416 0.2828 -0.6083
vn -0.6782 0.2828 -0.6782
vn -0.6942 0.1901 -0.6942
vn -0.7039 0.0957 -0.7039
vn -0.5719 0.7614 -0.3053
vn -0.5099 0.8167 -0.2701
vn -0.4803 0.8163 -0.3209
vn -0.5392 0.7612 -0.3603
vn -0.4451 0.8651 -0.2311
vn -0.4182 0.8643 -0.2794
vn -0.4447 0.8167 -0.3677
vn -0.5009 0.7614 -0.4115
vn -0.3838 0.8651 -0.3228
vn -0.3536 0.8660 -0.3536
vn -0.4075 0.8172 -0.4075
vn -0.4582 0.7616 -0.4582
vn -0.6083 -0.2828 -0.7416
vn -0.6226 -0.1901 -0.7591
vn -0.5454 -0.1901 -0.8163
vn -0.5329 -0.2828 -0.7975
vn -0.6312 -0.0957 -0.7697
vn -0.5530 -0.0957 -0.8277
vn -0.4631 -0.1901 -0.8657
vn -0.4524 -0.2828 -0.8458
vn -0.4695 -0.0957 -0.8777
vn -0.5882 -0.3739 -0.7171
vn -0.6341 -0.0000 -0.7732
vn -0.5556 -0.0000 -0.8315
vn -0.4717 -0.0000 -0.8818
vn -0.3827 -0.0000 -0.9239
vn -0.3809 -0.0957 -0.9196
vn -0.3757 -0.1901 -0.9070
vn -0.3671 -0.2828 -0.8862
vn -0.4375 -0.3739 -0.8178
vn -0.3549 -0.3739 -0.8569
vn -0.5153 -0.3738 -0.7712
vn -0.5625 0.4617 -0.6859
vn -0.5317 0.5451 -0.6483
vn -0.4658 0.5450 -0.6971
vn -0.4928 0.4617 -0.7375
vn -0.4957 0.6237 -0.6044
vn -0.4343 0.6237 -0.6500
vn -0.3955 0.5451 -0.7393
vn -0.4184 0.4617 -0.7822
vn -0.3687 0.6237 -0.6893
vn -0.5882 0.3739 -0.7171
vn -0.4549 0.6967 -0.5546
vn -0.3985 0.6967 -0.5965
vn -0.3383 0.6967 -0.6325
vn -0.2745 0.6968 -0.6627
vn -0.2991 0.6237 -0.7222
vn -0.3208 0.5451 -0.7746
vn -0.3394 0.4617 -0.8195
vn -0.4375 0.3739 -0.8178
vn -0.3549 0.3739 -0.8569
vn -0.5153 0.3738 -0.7712
vn -0.2283 0.9430 -0.2422
vn -0.1646 0.9693 -0.1828
vn -0.1542 0.9607 -0.2308
vn -0.1889 0.9404 -0.2827
vn -0.1036 0.9824 -0.1551
vn -0.1058 0.9693 -0.2220
vn -0.1364 0.9430 -0.3036
vn -0.2755 0.9080 -0.3157
vn -0.2344 0.9067 -0.3508
vn -0.0555 0.9894 -0.1340
vn -0.0899 0.9720 -0.2169
vn -0.1591 0.9094 -0.3842
vn -0.1863 0.9080 -0.3754
vn -0.1244 0.9456 -0.3004
vn -0.1036 -0.9824 -0.1551
vn -0.1646 -0.9693 -0.1828
vn -0.1542 -0.9607 -0.2308
vn -0.1058 -0.9693 -0.2220
vn -0.2283 -0.9430 -0.2422
vn -0.1889 -0.9404 -0.2827
vn -0.1364 -0.9430 -0.3036
vn -0.0555 -0.9894 -0.1340
vn -0.0899 -0.9720 -0.2169
vn -0.2755 -0.9080 -0.3157
vn -0.2344 -0.9067 -0.3508
vn -0.1591 -0.9094 -0.3842
vn -0.1244 -0.9456 -0.3004
vn -0.1863 -0.9080 -0.3754
vn -0.4957 -0.6237 -0.6044
vn -0.5317 -0.5451 -0.6483
vn -0.4658 -0.5450 -0.6971
vn -0.4343 -0.6237 -0.6500
vn -0.5625 -0.4617 -0.6859
vn -0.4928 -0.4617 -0.7375
vn -0.3955 -0.5451 -0.7393
vn -0.3687 -0.6237 -0.6893
vn -0.4184 -0.4617 -0.7822
vn -0.4549 -0.6967 -0.5546
vn -0.3394 -0.4617 -0.8195
vn -0.3208 -0.5451 -0.7746
vn -0.2991 -0.6237 -0.7222
vn -0.3383 -0.6967 -0.6325
vn -0.2745 -0.6968 -0.6627
vn -0.3985 -0.6967 -0.5965
vn -0.6312 0.0957 -0.7697
vn -0.6226 0.1901 -0.7591
vn -0.5454 0.1901 -0.8163
vn -0.5530 0.0957 -0.8277
vn -0.6083 0.2828 -0.7416
vn -0.5329 0.2828 -0.7975
vn -0.4631 0.1901 -0.8657
vn -0.4695 0.0957 -0.8777
vn -0.4524 0.2828 -0.8458
vn -0.3671 0.2828 -0.8862
vn -0.3757 0.1901 -0.9070
vn -0.3809 0.0957 -0.9196
vn -0.4115 0.7614 -0.5009
vn -0.3677 0.8167 -0.4447
vn -0.3209 0.8163 -0.4803
vn -0.3603 0.7612 -0.5392
vn -0.3228 0.8651 -0.3838
vn -0.2794 0.8643 -0.4182
vn -0.2701 0.8167 -0.5099
vn -0.3053 0.7614 -0.5719
vn -0.2311 0.8651 -0.4451
vn -0.1914 0.8660 -0.4620
vn -0.2205 0.8172 -0.5324
vn -0.2480 0.7616 -0.5987
vn -0.3228 -0.8651 -0.3838
vn -0.3677 -0.8167 -0.4447
vn -0.3209 -0.8163 -0.4803
vn -0.2794 -0.8643 -0.4182
vn -0.4115 -0.7614 -0.5009
vn -0.3603 -0.7612 -0.5392
vn -0.2701 -0.8167 -0.5099
vn -0.2311 -0.8651 -0.4451
vn -0.3053 -0.7614 -0.5719
vn -0.2480 -0.7616 -0.5987
vn -0.2205 -0.8172 -0.5324
vn -0.1914 -0.8660 -0.4620
vn -0.0364 -0.9824 -0.1830
vn -0.0822 -0.9693 -0.2318
vn -0.0542 -0.9607 -0.2722
vn -0.0128 -0.9693 -0.2456
vn -0.1182 -0.9430 -0.3111
vn -0.0663 -0.9404 -0.3335
vn -0.0098 -0.9430 -0.3327
vn -0.1337 -0.9080 -0.3971
vn -0.0823 -0.9067 -0.4138
vn -0.0285 -0.9080 -0.4181
vn -0.2267 -0.6237 -0.7481
vn -0.2431 -0.5451 -0.8024
vn -0.1636 -0.5450 -0.8223
vn -0.1525 -0.6237 -0.7667
vn -0.2572 -0.4617 -0.8489
vn -0.1731 -0.4617 -0.8700
vn -0.0824 -0.5451 -0.8343
vn -0.0769 -0.6237 -0.7779
vn -0.0872 -0.4617 -0.8827
vn -0.2081 -0.6967 -0.6865
vn -0.2689 -0.3739 -0.8876
vn -0.1809 -0.3738 -0.9097
vn -0.0912 -0.3739 -0.9230
vn -0.0705 -0.6967 -0.7138
vn -0.1399 -0.6967 -0.7036
vn -0.2886 0.0957 -0.9526
vn -0.2847 0.1901 -0.9396
vn -0.1915 0.1901 -0.9629
vn -0.1942 0.0957 -0.9763
vn -0.2781 0.2828 -0.9180
vn -0.1871 0.2828 -0.9407
vn -0.0965 0.1901 -0.9770
vn -0.0979 0.0957 -0.9906
vn -0.0943 0.2828 -0.9545
vn -0.2900 -0.0000 -0.9570
vn -0.2689 0.3739 -0.8876
vn -0.1809 0.3738 -0.9097
vn -0.0912 0.3739 -0.9230
vn -0.0983 -0.0000 -0.9952
vn -0.1951 -0.0000 -0.9808
vn -0.1885 0.7614 -0.6202
vn -0.1696 0.8167 -0.5515
vn -0.1127 0.8163 -0.5666
vn -0.1265 0.7612 -0.6360
vn -0.1514 0.8651 -0.4782
vn -0.0981 0.8643 -0.4933
vn -0.0544 0.8167 -0.5744
vn -0.0632 0.7614 -0.6452
vn -0.0431 0.8651 -0.4997
vn -0.2081 0.6967 -0.6865
vn -0.1337 0.9080 -0.3971
vn -0.0823 0.9067 -0.4138
vn -0.0285 0.9080 -0.4181
vn -0.0705 0.6967 -0.7138
vn -0.1399 0.6967 -0.7036
vn -0.1514 -0.8651 -0.4782
vn -0.1696 -0.8167 -0.5515
vn -0.1127 -0.8163 -0.5666
vn -0.0981 -0.8643 -0.4933
vn -0.1885 -0.7614 -0.6202
vn -0.1265 -0.7612 -0.6360
vn -0.0544 -0.8167 -0.5744
vn -0.0431 -0.8651 -0.4997
vn -0.0632 -0.7614 -0.6452
vn -0.2781 -0.2828 -0.9180
vn -0.2847 -0.1901 -0.9396
vn -0.1915 -0.1901 -0.9629
vn -0.1871 -0.2828 -0.9407
vn -0.2886 -0.0957 -0.9526
vn -0.1942 -0.0957 -0.9763
vn -0.0965 -0.1901 -0.9770
vn -0.0943 -0.2828 -0.9545
vn -0.0979 -0.0957 -0.9906
vn -0.2572 0.4617 -0.8489
vn -0.2431 0.5451 -0.8024
vn -0.1636 0.5450 -0.8223
vn -0.1731 0.4617 -0.8700
vn -0.2267 0.6237 -0.7481
vn -0.1525 0.6237 -0.7667
vn -0.0824 0.5451 -0.8343
vn -0.0872 0.4617 -0.8827
vn -0.0769 0.6237 -0.7779
vn -0.1182 0.9430 -0.3111
vn -0.0822 0.9693 -0.2318
vn -0.0541 0.9607 -0.2722
vn -0.0663 0.9404 -0.3335
vn -0.0364 0.9824 -0.1830
vn -0.0128 0.9693 -0.2456
vn -0.0098 0.9430 -0.3327
vt 0.734375 0.656250
vt 0.734375 0.687500
vt 0.718750 0.687500
vt 0.718750 0.656250
vt 0.734375 0.718750
vt 0.718750 0.718750
vt 0.703125 0.687500
vt 0.703125 0.656250
vt 0.703125 0.718750
vt 0.750000 0.625000
vt 0.750000 0.656250
vt 0.734375 0.625000
vt 0.750000 0.687500
vt 0.750000 0.718750
vt 0.750000 0.750000
vt 0.734375 0.750000
vt 0.718750 0.750000
vt 0.703125 0.750000
vt 0.687500 0.750000
vt 0.687500 0.718750
vt 0.687500 0.687500
vt 0.687500 0.656250
vt 0.703125 0.625000
vt 0.687500 0.625000
vt 0.718750 0.625000
vt 0.730252 0.899833
vt 0.725505 0.925224
vt 0.718750 0.915799
vt 0.718750 0.896659
vt 0.718750 0.947531
vt 0.711995 0.925224
vt 0.725505 0.925224
vt 0.707248 0.899833
vt 0.711996 0.925224
vt 0.750000 0.875000
vt 0.742187 0.906250
vt 0.733290 0.871799
vt 0.734375 0.937500
vt 0.718750 0.870370
vt 0.718750 1.000000
vt 0.710938 0.968750
vt 0.726562 0.968750
vt 0.703125 0.937500
vt 0.687500 0.875000
vt 0.704210 0.871799
vt 0.695313 0.906250
vt 0.718750 0.052469
vt 0.725505 0.074776
vt 0.718750 0.084201
vt 0.711995 0.074776
vt 0.730252 0.100167
vt 0.718750 0.103341
vt 0.725505 0.074776
vt 0.707248 0.100167
vt 0.718750 0.103341
vt 0.718750 0.000000
vt 0.726563 0.031250
vt 0.710938 0.031250
vt 0.734375 0.062500
vt 0.703125 0.062500
vt 0.750000 0.125000
vt 0.733290 0.128201
vt 0.742188 0.093750
vt 0.718750 0.129630
vt 0.734375 0.062500
vt 0.687500 0.125000
vt 0.695313 0.093750
vt 0.704210 0.128201
vt 0.718750 0.129630
vt 0.734375 0.281250
vt 0.734375 0.312500
vt 0.718750 0.312500
vt 0.718750 0.281250
vt 0.734375 0.343750
vt 0.718750 0.343750
vt 0.703125 0.312500
vt 0.703125 0.281250
vt 0.703125 0.343750
vt 0.750000 0.250000
vt 0.750000 0.281250
vt 0.734375 0.250000
vt 0.750000 0.312500
vt 0.750000 0.343750
vt 0.750000 0.375000
vt 0.734375 0.375000
vt 0.718750 0.375000
vt 0.703125 0.375000
vt 0.687500 0.375000
vt 0.687500 0.343750
vt 0.687500 0.312500
vt 0.687500 0.281250
vt 0.703125 0.250000
vt 0.687500 0.250000
vt 0.718750 0.250000
vt 0.734375 0.531250
vt 0.734375 0.562500
vt 0.718750 0.562500
vt 0.718750 0.531250
vt 0.734375 0.593750
vt 0.718750 0.593750
vt 0.703125 0.562500
vt 0.703125 0.531250
vt 0.703125 0.593750
vt 0.750000 0.500000
vt 0.750000 0.531250
vt 0.734375 0.500000
vt 0.750000 0.562500
vt 0.750000 0.593750
vt 0.687500 0.593750
vt 0.687500 0.562500
vt 0.687500 0.531250
vt 0.703125 0.500000
vt 0.687500 0.500000
vt 0.718750 0.500000
vt 0.734375 0.781196
vt 0.734375 0.812066
vt 0.718750 0.811921
vt 0.718750 0.781178
vt 0.734267 0.842330
vt 0.718750 0.841797
vt 0.703125 0.812066
vt 0.703125 0.781196
vt 0.703234 0.842330
vt 0.750000 0.750000
vt 0.750000 0.781214
vt 0.734375 0.750000
vt 0.750000 0.812211
vt 0.750000 0.842954
vt 0.704210 0.871799
vt 0.687500 0.842954
vt 0.687500 0.812211
vt 0.687500 0.781214
vt 0.703125 0.750000
vt 0.687500 0.750000
vt 0.718750 0.750000
vt 0.734267 0.157670
vt 0.734375 0.187934
vt 0.718750 0.188079
vt 0.718750 0.158203
vt 0.734375 0.218804
vt 0.718750 0.218822
vt 0.703125 0.187934
vt 0.703234 0.157670
vt 0.703125 0.218804
vt 0.750000 0.157046
vt 0.733290 0.128201
vt 0.750000 0.187789
vt 0.750000 0.218786
vt 0.750000 0.250000
vt 0.734375 0.250000
vt 0.718750 0.250000
vt 0.703125 0.250000
vt 0.687500 0.250000
vt 0.687500 0.218786
vt 0.687500 0.187789
vt 0.687500 0.157046
vt 0.704210 0.128201
vt 0.734375 0.406250
vt 0.734375 0.437500
vt 0.718750 0.437500
vt 0.718750 0.406250
vt 0.734375 0.468750
vt 0.718750 0.468750
vt 0.703125 0.437500
vt 0.703125 0.406250
vt 0.703125 0.468750
vt 0.750000 0.406250
vt 0.750000 0.437500
vt 0.750000 0.468750
vt 0.687500 0.468750
vt 0.687500 0.437500
vt 0.687500 0.406250
vt 0.671875 0.281250
vt 0.671875 0.312500
vt 0.656250 0.312500
vt 0.656250 0.281250
vt 0.671875 0.343750
vt 0.656250 0.343750
vt 0.640625 0.312500
vt 0.640625 0.281250
vt 0.640625 0.343750
vt 0.671875 0.250000
vt 0.671875 0.375000
vt 0.656250 0.375000
vt 0.640625 0.375000
vt 0.625000 0.375000
vt 0.625000 0.343750
vt 0.625000 0.312500
vt 0.625000 0.281250
vt 0.640625 0.250000
vt 0.625000 0.250000
vt 0.656250 0.250000
vt 0.671875 0.531250
vt 0.671875 0.562500
vt 0.656250 0.562500
vt 0.656250 0.531250
vt 0.671875 0.593750
vt 0.656250 0.593750
vt 0.640625 0.562500
vt 0.640625 0.531250
vt 0.640625 0.593750
vt 0.671875 0.500000
vt 0.671875 0.625000
vt 0.656250 0.625000
vt 0.640625 0.625000
vt 0.625000 0.625000
vt 0.625000 0.593750
vt 0.625000 0.562500
vt 0.625000 0.531250
vt 0.640625 0.500000
vt 0.625000 0.500000
vt 0.656250 0.500000
vt 0.671875 0.781196
vt 0.671875 0.812066
vt 0.656250 0.811921
vt 0.656250 0.781178
vt 0.671767 0.842330
vt 0.656250 0.841797
vt 0.640625 0.812066
vt 0.640625 0.781196
vt 0.640734 0.842330
vt 0.671875 0.750000
vt 0.670790 0.871799
vt 0.656250 0.870370
vt 0.641710 0.871799
vt 0.625000 0.875000
vt 0.625000 0.842954
vt 0.625000 0.812211
vt 0.625000 0.781214
vt 0.640625 0.750000
vt 0.625000 0.750000
vt 0.656250 0.750000
vt 0.671767 0.157670
vt 0.671875 0.187934
vt 0.656250 0.188079
vt 0.656250 0.158203
vt 0.671875 0.218804
vt 0.656250 0.218822
vt 0.640625 0.187934
vt 0.640734 0.157670
vt 0.640625 0.218804
vt 0.670790 0.128201
vt 0.671875 0.250000
vt 0.656250 0.250000
vt 0.640625 0.250000
vt 0.625000 0.250000
vt 0.625000 0.218786
vt 0.625000 0.187789
vt 0.625000 0.157046
vt 0.641710 0.128201
vt 0.625000 0.125000
vt 0.656250 0.129630
vt 0.671875 0.406250
vt 0.671875 0.437500
vt 0.656250 0.437500
vt 0.656250 0.406250
vt 0.671875 0.468750
vt 0.656250 0.468750
vt 0.640625 0.437500
vt 0.640625 0.406250
vt 0.640625 0.468750
vt 0.625000 0.468750
vt 0.625000 0.437500
vt 0.625000 0.406250
vt 0.671875 0.656250
vt 0.671875 0.687500
vt 0.656250 0.687500
vt 0.656250 0.656250
vt 0.671875 0.718750
vt 0.656250 0.718750
vt 0.640625 0.687500
vt 0.640625 0.656250
vt 0.640625 0.718750
vt 0.671875 0.750000
vt 0.656250 0.750000
vt 0.640625 0.750000
vt 0.625000 0.750000
vt 0.625000 0.718750
vt 0.625000 0.687500
vt 0.625000 0.656250
vt 0.667752 0.899833
vt 0.663005 0.925224
vt 0.656250 0.915799
vt 0.656250 0.896659
vt 0.656250 0.947531
vt 0.649496 0.925224
vt 0.663005 0.925224
vt 0.644748 0.899833
vt 0.656250 0.896659
vt 0.649496 0.925224
vt 0.679688 0.906250
vt 0.671875 0.937500
vt 0.656250 1.000000
vt 0.648438 0.968750
vt 0.664063 0.968750
vt 0.640625 0.937500
vt 0.671875 0.937500
vt 0.641710 0.871799
vt 0.632813 0.906250
vt 0.656250 0.052469
vt 0.663005 0.074776
vt 0.656250 0.084201
vt 0.649496 0.074776
vt 0.667752 0.100167
vt 0.656250 0.103341
vt 0.663005 0.074776
vt 0.644748 0.100167
vt 0.656250 0.103341
vt 0.656250 0.000000
vt 0.664063 0.031250
vt 0.648438 0.031250
vt 0.671875 0.062500
vt 0.640625 0.062500
vt 0.670790 0.128201
vt 0.679688 0.093750
vt 0.656250 0.129630
vt 0.671875 0.062500
vt 0.632813 0.093750
vt 0.641710 0.128201
vt 0.609267 0.157670
vt 0.609375 0.187934
vt 0.593750 0.188079
vt 0.593750 0.158203
vt 0.609375 0.218804
vt 0.593750 0.218822
vt 0.578125 0.187934
vt 0.578234 0.157670
vt 0.578125 0.218804
vt 0.608290 0.128201
vt 0.609375 0.250000
vt 0.593750 0.250000
vt 0.578125 0.250000
vt 0.562500 0.250000
vt 0.562500 0.218786
vt 0.562500 0.187789
vt 0.562500 0.157046
vt 0.579210 0.128201
vt 0.562500 0.125000
vt 0.593750 0.129630
vt 0.609375 0.406250
vt 0.609375 0.437500
vt 0.593750 0.437500
vt 0.593750 0.406250
vt 0.609375 0.468750
vt 0.593750 0.468750
vt 0.578125 0.437500
vt 0.578125 0.406250
vt 0.578125 0.468750
vt 0.609375 0.375000
vt 0.609375 0.500000
vt 0.593750 0.500000
vt 0.578125 0.500000
vt 0.562500 0.500000
vt 0.562500 0.468750
vt 0.562500 0.437500
vt 0.562500 0.406250
vt 0.578125 0.375000
vt 0.562500 0.375000
vt 0.593750 0.375000
vt 0.609375 0.656250
vt 0.609375 0.687500
vt 0.593750 0.687500
vt 0.593750 0.656250
vt 0.609375 0.718750
vt 0.593750 0.718750
vt 0.578125 0.687500
vt 0.578125 0.656250
vt 0.578125 0.718750
vt 0.609375 0.625000
vt 0.609375 0.750000
vt 0.593750 0.750000
vt 0.578125 0.750000
vt 0.562500 0.750000
vt 0.562500 0.718750
vt 0.562500 0.687500
vt 0.562500 0.656250
vt 0.578125 0.625000
vt 0.562500 0.625000
vt 0.593750 0.625000
vt 0.605252 0.899833
vt 0.600505 0.925224
vt 0.593750 0.915799
vt 0.593750 0.896659
vt 0.593750 0.947531
vt 0.586996 0.925224
vt 0.600505 0.925224
vt 0.582248 0.899833
vt 0.593750 0.896659
vt 0.586996 0.925224
vt 0.617188 0.906250
vt 0.608290 0.871799
vt 0.609375 0.937500
vt 0.593750 0.870370
vt 0.593750 1.000000
vt 0.585938 0.968750
vt 0.601563 0.968750
vt 0.578125 0.937500
vt 0.609375 0.937500
vt 0.562500 0.875000
vt 0.579210 0.871799
vt 0.570313 0.906250
vt 0.593750 0.870370
vt 0.578125 0.937500
vt 0.593750 0.052469
vt 0.600505 0.074776
vt 0.593750 0.084201
vt 0.586996 0.074776
vt 0.605252 0.100167
vt 0.593750 0.103341
vt 0.600505 0.074776
vt 0.582248 0.100167
vt 0.586996 0.074776
vt 0.593750 0.103341
vt 0.593750 0.000000
vt 0.601563 0.031250
vt 0.585938 0.031250
vt 0.609375 0.062500
vt 0.578125 0.062500
vt 0.608290 0.128201
vt 0.617188 0.093750
vt 0.593750 0.129630
vt 0.609375 0.062500
vt 0.570313 0.093750
vt 0.579210 0.128201
vt 0.578125 0.062500
vt 0.609375 0.281250
vt 0.609375 0.312500
vt 0.593750 0.312500
vt 0.593750 0.281250
vt 0.609375 0.343750
vt 0.593750 0.343750
vt 0.578125 0.312500
vt 0.578125 0.281250
vt 0.578125 0.343750
vt 0.562500 0.343750
vt 0.562500 0.312500
vt 0.562500 0.281250
vt 0.578125 0.250000
vt 0.562500 0.250000
vt 0.609375 0.531250
vt 0.609375 0.562500
vt 0.593750 0.562500
vt 0.593750 0.531250
vt 0.609375 0.593750
vt 0.593750 0.593750
vt 0.578125 0.562500
vt 0.578125 0.531250
vt 0.578125 0.593750
vt 0.562500 0.593750
vt 0.562500 0.562500
vt 0.562500 0.531250
vt 0.609375 0.781196
vt 0.609375 0.812066
vt 0.593750 0.811921
vt 0.593750 0.781178
vt 0.609267 0.842330
vt 0.593750 0.841797
vt 0.578125 0.812066
vt 0.578125 0.781196
vt 0.578234 0.842330
vt 0.609375 0.750000
vt 0.579210 0.871799
vt 0.562500 0.842954
vt 0.562500 0.812211
vt 0.562500 0.781214
vt 0.578125 0.750000
vt 0.562500 0.750000
vt 0.593750 0.750000
vt 0.546875 0.406250
vt 0.546875 0.437500
vt 0.531250 0.437500
vt 0.531250 0.406250
vt 0.546875 0.468750
vt 0.531250 0.468750
vt 0.515625 0.437500
vt 0.515625 0.406250
vt 0.515625 0.468750
vt 0.546875 0.375000
vt 0.546875 0.500000
vt 0.531250 0.500000
vt 0.515625 0.500000
vt 0.500000 0.500000
vt 0.500000 0.468750
vt 0.500000 0.437500
vt 0.500000 0.406250
vt 0.515625 0.375000
vt 0.500000 0.375000
vt 0.531250 0.375000
vt 0.546875 0.656250
vt 0.546875 0.687500
vt 0.531250 0.687500
vt 0.531250 0.656250
vt 0.546875 0.718750
vt 0.531250 0.718750
vt 0.515625 0.687500
vt 0.515625 0.656250
vt 0.515625 0.718750
vt 0.546875 0.625000
vt 0.546875 0.750000
vt 0.531250 0.750000
vt 0.515625 0.750000
vt 0.500000 0.750000
vt 0.500000 0.718750
vt 0.500000 0.687500
vt 0.500000 0.656250
vt 0.515625 0.625000
vt 0.500000 0.625000
vt 0.531250 0.625000
vt 0.542752 0.899833
vt 0.538005 0.925224
vt 0.531250 0.915799
vt 0.531250 0.896659
vt 0.531250 0.947531
vt 0.524495 0.925224
vt 0.538005 0.925224
vt 0.519748 0.899833
vt 0.531250 0.896659
vt 0.524495 0.925224
vt 0.554688 0.906250
vt 0.545790 0.871799
vt 0.546875 0.937500
vt 0.531250 0.870370
vt 0.531250 1.000000
vt 0.523438 0.968750
vt 0.539063 0.968750
vt 0.515625 0.937500
vt 0.500000 0.875000
vt 0.516710 0.871799
vt 0.507813 0.906250
vt 0.531250 0.052469
vt 0.538005 0.074776
vt 0.531250 0.084201
vt 0.524495 0.074776
vt 0.542752 0.100167
vt 0.531250 0.103341
vt 0.538005 0.074776
vt 0.519748 0.100167
vt 0.524495 0.074776
vt 0.531250 0.103341
vt 0.531250 0.000000
vt 0.539063 0.031250
vt 0.523438 0.031250
vt 0.546875 0.062500
vt 0.515625 0.062500
vt 0.545790 0.128201
vt 0.554688 0.093750
vt 0.531250 0.129630
vt 0.500000 0.125000
vt 0.507813 0.093750
vt 0.516710 0.128201
vt 0.531250 0.129630
vt 0.546875 0.281250
vt 0.546875 0.312500
vt 0.531250 0.312500
vt 0.531250 0.281250
vt 0.546875 0.343750
vt 0.531250 0.343750
vt 0.515625 0.312500
vt 0.515625 0.281250
vt 0.515625 0.343750
vt 0.546875 0.250000
vt 0.500000 0.343750
vt 0.500000 0.312500
vt 0.500000 0.281250
vt 0.515625 0.250000
vt 0.500000 0.250000
vt 0.531250 0.250000
vt 0.546875 0.531250
vt 0.546875 0.562500
vt 0.531250 0.562500
vt 0.531250 0.531250
vt 0.546875 0.593750
vt 0.531250 0.593750
vt 0.515625 0.562500
vt 0.515625 0.531250
vt 0.515625 0.593750
vt 0.500000 0.593750
vt 0.500000 0.562500
vt 0.500000 0.531250
vt 0.546875 0.781196
vt 0.546875 0.812066
vt 0.531250 0.811921
vt 0.531250 0.781178
vt 0.546767 0.842330
vt 0.531250 0.841797
vt 0.515625 0.812066
vt 0.515625 0.781196
vt 0.515734 0.842330
vt 0.546875 0.750000
vt 0.516710 0.871799
vt 0.500000 0.842954
vt 0.500000 0.812211
vt 0.500000 0.781214
vt 0.515625 0.750000
vt 0.500000 0.750000
vt 0.531250 0.750000
vt 0.546767 0.157670
vt 0.546875 0.187934
vt 0.531250 0.188079
vt 0.531250 0.158203
vt 0.546875 0.218804
vt 0.531250 0.218822
vt 0.515625 0.187934
vt 0.515734 0.157670
vt 0.515625 0.218804
vt 0.546875 0.250000
vt 0.531250 0.250000
vt 0.515625 0.250000
vt 0.500000 0.250000
vt 0.500000 0.218786
vt 0.500000 0.187789
vt 0.500000 0.157046
vt 0.516710 0.128201
vt 0.468750 0.052469
vt 0.475505 0.074776
vt 0.468750 0.084201
vt 0.461995 0.074776
vt 0.480252 0.100167
vt 0.468750 0.103341
vt 0.475505 0.074776
vt 0.457248 0.100167
vt 0.468750 0.103341
vt 0.468750 0.000000
vt 0.476562 0.031250
vt 0.460938 0.031250
vt 0.484375 0.062500
vt 0.453125 0.062500
vt 0.483290 0.128201
vt 0.492188 0.093750
vt 0.468750 0.129630
vt 0.437500 0.125000
vt 0.445313 0.093750
vt 0.454210 0.128201
vt 0.468750 0.129630
vt 0.484375 0.281250
vt 0.484375 0.312500
vt 0.468750 0.312500
vt 0.468750 0.281250
vt 0.484375 0.343750
vt 0.468750 0.343750
vt 0.453125 0.312500
vt 0.453125 0.281250
vt 0.453125 0.343750
vt 0.484375 0.250000
vt 0.484375 0.375000
vt 0.468750 0.375000
vt 0.453125 0.375000
vt 0.437500 0.375000
vt 0.437500 0.343750
vt 0.437500 0.312500
vt 0.437500 0.281250
vt 0.453125 0.250000
vt 0.437500 0.250000
vt 0.468750 0.250000
vt 0.484375 0.531250
vt 0.484375 0.562500
vt 0.468750 0.562500
vt 0.468750 0.531250
vt 0.484375 0.593750
vt 0.468750 0.593750
vt 0.453125 0.562500
vt 0.453125 0.531250
vt 0.453125 0.593750
vt 0.484375 0.500000
vt 0.484375 0.625000
vt 0.468750 0.625000
vt 0.453125 0.625000
vt 0.437500 0.625000
vt 0.437500 0.593750
vt 0.437500 0.562500
vt 0.437500 0.531250
vt 0.453125 0.500000
vt 0.437500 0.500000
vt 0.468750 0.500000
vt 0.484375 0.781196
vt 0.484375 0.812066
vt 0.468750 0.811921
vt 0.468750 0.781178
vt 0.484267 0.842330
vt 0.468750 0.841797
vt 0.453125 0.812066
vt 0.453125 0.781196
vt 0.453234 0.842330
vt 0.484375 0.750000
vt 0.483290 0.871799
vt 0.468750 0.870370
vt 0.454210 0.871799
vt 0.437500 0.875000
vt 0.437500 0.842954
vt 0.437500 0.812211
vt 0.437500 0.781214
vt 0.453125 0.750000
vt 0.437500 0.750000
vt 0.468750 0.750000
vt 0.484267 0.157670
vt 0.484375 0.187934
vt 0.468750 0.188079
vt 0.468750 0.158203
vt 0.484375 0.218804
vt 0.468750 0.218822
vt 0.453125 0.187934
vt 0.453234 0.157670
vt 0.453125 0.218804
vt 0.483290 0.128201
vt 0.484375 0.250000
vt 0.453125 0.250000
vt 0.437500 0.218786
vt 0.437500 0.187789
vt 0.437500 0.157046
vt 0.454210 0.128201
vt 0.468750 0.129630
vt 0.484375 0.406250
vt 0.484375 0.437500
vt 0.468750 0.437500
vt 0.468750 0.406250
vt 0.484375 0.468750
vt 0.468750 0.468750
vt 0.453125 0.437500
vt 0.453125 0.406250
vt 0.453125 0.468750
vt 0.437500 0.468750
vt 0.437500 0.437500
vt 0.437500 0.406250
vt 0.484375 0.656250
vt 0.484375 0.687500
vt 0.468750 0.687500
vt 0.468750 0.656250
vt 0.484375 0.718750
vt 0.468750 0.718750
vt 0.453125 0.687500
vt 0.453125 0.656250
vt 0.453125 0.718750
vt 0.484375 0.750000
vt 0.468750 0.750000
vt 0.453125 0.750000
vt 0.437500 0.750000
vt 0.437500 0.718750
vt 0.437500 0.687500
vt 0.437500 0.656250
vt 0.480252 0.899833
vt 0.475505 0.925224
vt 0.468750 0.915799
vt 0.468750 0.896659
vt 0.468750 0.947531
vt 0.461995 0.925224
vt 0.475505 0.925224
vt 0.457248 0.899833
vt 0.461995 0.925224
vt 0.492188 0.906250
vt 0.484375 0.937500
vt 0.468750 1.000000
vt 0.460938 0.968750
vt 0.476562 0.968750
vt 0.453125 0.937500
vt 0.454210 0.871799
vt 0.445313 0.906250
vt 0.421875 0.531250
vt 0.421875 0.562500
vt 0.406250 0.562500
vt 0.406250 0.531250
vt 0.421875 0.593750
vt 0.406250 0.593750
vt 0.390625 0.562500
vt 0.390625 0.531250
vt 0.390625 0.593750
vt 0.421875 0.500000
vt 0.421875 0.625000
vt 0.406250 0.625000
vt 0.390625 0.625000
vt 0.375000 0.625000
vt 0.375000 0.593750
vt 0.375000 0.562500
vt 0.375000 0.531250
vt 0.390625 0.500000
vt 0.375000 0.500000
vt 0.406250 0.500000
vt 0.421875 0.781196
vt 0.421875 0.812066
vt 0.406250 0.811921
vt 0.406250 0.781178
vt 0.421766 0.842330
vt 0.406250 0.841797
vt 0.390625 0.812066
vt 0.390625 0.781196
vt 0.390734 0.842330
vt 0.421875 0.750000
vt 0.420790 0.871799
vt 0.406250 0.870370
vt 0.391710 0.871799
vt 0.375000 0.875000
vt 0.375000 0.842954
vt 0.375000 0.812211
vt 0.375000 0.781214
vt 0.390625 0.750000
vt 0.375000 0.750000
vt 0.406250 0.750000
vt 0.421766 0.157670
vt 0.421875 0.187934
vt 0.406250 0.188079
vt 0.406250 0.158203
vt 0.421875 0.218804
vt 0.406250 0.218822
vt 0.390625 0.187934
vt 0.390734 0.157670
vt 0.390625 0.218804
vt 0.420790 0.128201
vt 0.421875 0.250000
vt 0.406250 0.250000
vt 0.390625 0.250000
vt 0.375000 0.250000
vt 0.375000 0.218786
vt 0.375000 0.187789
vt 0.375000 0.157046
vt 0.391710 0.128201
vt 0.375000 0.125000
vt 0.406250 0.129630
vt 0.421875 0.406250
vt 0.421875 0.437500
vt 0.406250 0.437500
vt 0.406250 0.406250
vt 0.421875 0.468750
vt 0.406250 0.468750
vt 0.390625 0.437500
vt 0.390625 0.406250
vt 0.390625 0.468750
vt 0.421875 0.375000
vt 0.375000 0.468750
vt 0.375000 0.437500
vt 0.375000 0.406250
vt 0.390625 0.375000
vt 0.375000 0.375000
vt 0.406250 0.375000
vt 0.421875 0.656250
vt 0.421875 0.687500
vt 0.406250 0.687500
vt 0.406250 0.656250
vt 0.421875 0.718750
vt 0.406250 0.718750
vt 0.390625 0.687500
vt 0.390625 0.656250
vt 0.390625 0.718750
vt 0.421875 0.750000
vt 0.406250 0.750000
vt 0.390625 0.750000
vt 0.375000 0.718750
vt 0.375000 0.687500
vt 0.375000 0.656250
vt 0.417752 0.899833
vt 0.413005 0.925224
vt 0.406250 0.915799
vt 0.406250 0.896659
vt 0.406250 0.947531
vt 0.399495 0.925224
vt 0.413005 0.925224
vt 0.394748 0.899833
vt 0.399495 0.925224
vt 0.429688 0.906250
vt 0.421875 0.937500
vt 0.406250 1.000000
vt 0.398438 0.968750
vt 0.414063 0.968750
vt 0.390625 0.937500
vt 0.421875 0.937500
vt 0.391710 0.871799
vt 0.382812 0.906250
vt 0.406250 0.870370
vt 0.406250 0.052469
vt 0.413005 0.074776
vt 0.406250 0.084201
vt 0.399495 0.074776
vt 0.417752 0.100167
vt 0.406250 0.103341
vt 0.413005 0.074776
vt 0.394748 0.100167
vt 0.406250 0.103341
vt 0.406250 0.000000
vt 0.414063 0.031250
vt 0.398438 0.031250
vt 0.421875 0.062500
vt 0.390625 0.062500
vt 0.420790 0.128201
vt 0.429688 0.093750
vt 0.421875 0.062500
vt 0.382812 0.093750
vt 0.391710 0.128201
vt 0.406250 0.129630
vt 0.421875 0.281250
vt 0.421875 0.312500
vt 0.406250 0.312500
vt 0.406250 0.281250
vt 0.421875 0.343750
vt 0.406250 0.343750
vt 0.390625 0.312500
vt 0.390625 0.281250
vt 0.390625 0.343750
vt 0.421875 0.250000
vt 0.375000 0.343750
vt 0.375000 0.312500
vt 0.375000 0.281250
vt 0.390625 0.250000
vt 0.406250 0.250000
vt 0.359266 0.157670
vt 0.359375 0.187934
vt 0.343750 0.188079
vt 0.343750 0.158203
vt 0.359375 0.218804
vt 0.343750 0.218822
vt 0.328125 0.187934
vt 0.328234 0.157670
vt 0.328125 0.218804
vt 0.358290 0.128201
vt 0.359375 0.250000
vt 0.343750 0.250000
vt 0.328125 0.250000
vt 0.312500 0.250000
vt 0.312500 0.218786
vt 0.312500 0.187789
vt 0.312500 0.157046
vt 0.329210 0.128201
vt 0.312500 0.125000
vt 0.343750 0.129630
vt 0.359375 0.406250
vt 0.359375 0.437500
vt 0.343750 0.437500
vt 0.343750 0.406250
vt 0.359375 0.468750
vt 0.343750 0.468750
vt 0.328125 0.437500
vt 0.328125 0.406250
vt 0.328125 0.468750
vt 0.359375 0.375000
vt 0.359375 0.500000
vt 0.343750 0.500000
vt 0.328125 0.500000
vt 0.312500 0.500000
vt 0.312500 0.468750
vt 0.312500 0.437500
vt 0.312500 0.406250
vt 0.328125 0.375000
vt 0.312500 0.375000
vt 0.343750 0.375000
vt 0.359375 0.656250
vt 0.359375 0.687500
vt 0.343750 0.687500
vt 0.343750 0.656250
vt 0.359375 0.718750
vt 0.343750 0.718750
vt 0.328125 0.687500
vt 0.328125 0.656250
vt 0.328125 0.718750
vt 0.359375 0.625000
vt 0.359375 0.750000
vt 0.343750 0.750000
vt 0.328125 0.750000
vt 0.312500 0.750000
vt 0.312500 0.718750
vt 0.312500 0.687500
vt 0.312500 0.656250
vt 0.328125 0.625000
vt 0.312500 0.625000
vt 0.343750 0.625000
vt 0.355252 0.899833
vt 0.350505 0.925224
vt 0.343750 0.915799
vt 0.343750 0.896659
vt 0.343750 0.947531
vt 0.336995 0.925224
vt 0.350505 0.925224
vt 0.332248 0.899833
vt 0.336995 0.925224
vt 0.367188 0.906250
vt 0.358290 0.871799
vt 0.359375 0.937500
vt 0.343750 0.870370
vt 0.343750 1.000000
vt 0.335937 0.968750
vt 0.351562 0.968750
vt 0.328125 0.937500
vt 0.359375 0.937500
vt 0.312500 0.875000
vt 0.329210 0.871799
vt 0.320312 0.906250
vt 0.343750 0.870370
vt 0.328125 0.937500
vt 0.343750 0.052469
vt 0.350505 0.074776
vt 0.343750 0.084201
vt 0.336995 0.074776
vt 0.355252 0.100167
vt 0.343750 0.103341
vt 0.350505 0.074776
vt 0.332248 0.100167
vt 0.336995 0.074776
vt 0.343750 0.103341
vt 0.343750 0.000000
vt 0.351562 0.031250
vt 0.335937 0.031250
vt 0.359375 0.062500
vt 0.328125 0.062500
vt 0.358290 0.128201
vt 0.367188 0.093750
vt 0.343750 0.129630
vt 0.359375 0.062500
vt 0.320312 0.093750
vt 0.329210 0.128201
vt 0.328125 0.062500
vt 0.343750 0.129630
vt 0.359375 0.281250
vt 0.359375 0.312500
vt 0.343750 0.312500
vt 0.343750 0.281250
vt 0.359375 0.343750
vt 0.343750 0.343750
vt 0.328125 0.312500
vt 0.328125 0.281250
vt 0.328125 0.343750
vt 0.359375 0.250000
vt 0.312500 0.343750
vt 0.312500 0.312500
vt 0.312500 0.281250
vt 0.328125 0.250000
vt 0.359375 0.531250
vt 0.359375 0.562500
vt 0.343750 0.562500
vt 0.343750 0.531250
vt 0.359375 0.593750
vt 0.343750 0.593750
vt 0.328125 0.562500
vt 0.328125 0.531250
vt 0.328125 0.593750
vt 0.312500 0.593750
vt 0.312500 0.562500
vt 0.312500 0.531250
vt 0.359375 0.781196
vt 0.359375 0.812066
vt 0.343750 0.811921
vt 0.343750 0.781178
vt 0.359266 0.842330
vt 0.343750 0.841797
vt 0.328125 0.812066
vt 0.328125 0.781196
vt 0.328234 0.842330
vt 0.359375 0.750000
vt 0.329210 0.871799
vt 0.312500 0.842954
vt 0.312500 0.812211
vt 0.312500 0.781214
vt 0.328125 0.750000
vt 0.296875 0.656250
vt 0.296875 0.687500
vt 0.281250 0.687500
vt 0.281250 0.656250
vt 0.296875 0.718750
vt 0.281250 0.718750
vt 0.265625 0.687500
vt 0.265625 0.656250
vt 0.265625 0.718750
vt 0.296875 0.625000
vt 0.296875 0.750000
vt 0.281250 0.750000
vt 0.265625 0.750000
vt 0.250000 0.750000
vt 0.250000 0.718750
vt 0.250000 0.687500
vt 0.250000 0.656250
vt 0.265625 0.625000
vt 0.250000 0.625000
vt 0.281250 0.625000
vt 0.292752 0.899833
vt 0.288005 0.925224
vt 0.281250 0.915799
vt 0.281250 0.896659
vt 0.281250 0.947531
vt 0.274495 0.925224
vt 0.288005 0.925224
vt 0.269748 0.899833
vt 0.274495 0.925224
vt 0.304687 0.906250
vt 0.295790 0.871799
vt 0.296875 0.937500
vt 0.281250 0.870370
vt 0.281250 1.000000
vt 0.273437 0.968750
vt 0.289062 0.968750
vt 0.265625 0.937500
vt 0.296875 0.937500
vt 0.250000 0.875000
vt 0.266710 0.871799
vt 0.257812 0.906250
vt 0.281250 0.870370
vt 0.281250 0.052469
vt 0.288005 0.074776
vt 0.281250 0.084201
vt 0.274495 0.074776
vt 0.292752 0.100167
vt 0.281250 0.103341
vt 0.288005 0.074776
vt 0.269748 0.100167
vt 0.274495 0.074776
vt 0.281250 0.103341
vt 0.281250 0.000000
vt 0.289062 0.031250
vt 0.273437 0.031250
vt 0.296875 0.062500
vt 0.265625 0.062500
vt 0.295790 0.128201
vt 0.304687 0.093750
vt 0.281250 0.129630
vt 0.296875 0.062500
vt 0.250000 0.125000
vt 0.257812 0.093750
vt 0.266710 0.128201
vt 0.281250 0.129630
vt 0.296875 0.281250
vt 0.296875 0.312500
vt 0.281250 0.312500
vt 0.281250 0.281250
vt 0.296875 0.343750
vt 0.281250 0.343750
vt 0.265625 0.312500
vt 0.265625 0.281250
vt 0.265625 0.343750
vt 0.296875 0.250000
vt 0.296875 0.375000
vt 0.281250 0.375000
vt 0.265625 0.375000
vt 0.250000 0.375000
vt 0.250000 0.343750
vt 0.250000 0.312500
vt 0.250000 0.281250
vt 0.265625 0.250000
vt 0.250000 0.250000
vt 0.281250 0.250000
vt 0.296875 0.531250
vt 0.296875 0.562500
vt 0.281250 0.562500
vt 0.281250 0.531250
vt 0.296875 0.593750
vt 0.281250 0.593750
vt 0.265625 0.562500
vt 0.265625 0.531250
vt 0.265625 0.593750
vt 0.296875 0.500000
vt 0.250000 0.593750
vt 0.250000 0.562500
vt 0.250000 0.531250
vt 0.265625 0.500000
vt 0.250000 0.500000
vt 0.281250 0.500000
vt 0.296875 0.781196
vt 0.296875 0.812066
vt 0.281250 0.811921
vt 0.281250 0.781178
vt 0.296766 0.842330
vt 0.281250 0.841797
vt 0.265625 0.812066
vt 0.265625 0.781196
vt 0.265733 0.842330
vt 0.296875 0.750000
vt 0.266710 0.871799
vt 0.250000 0.842954
vt 0.250000 0.812211
vt 0.250000 0.781214
vt 0.265625 0.750000
vt 0.250000 0.750000
vt 0.281250 0.750000
vt 0.296766 0.157670
vt 0.296875 0.187934
vt 0.281250 0.188079
vt 0.281250 0.158203
vt 0.296875 0.218804
vt 0.281250 0.218822
vt 0.265625 0.187934
vt 0.265734 0.157670
vt 0.265625 0.218804
vt 0.296875 0.250000
vt 0.250000 0.250000
vt 0.250000 0.218786
vt 0.250000 0.187789
vt 0.250000 0.157046
vt 0.266710 0.128201
vt 0.296875 0.406250
vt 0.296875 0.437500
vt 0.281250 0.437500
vt 0.281250 0.406250
vt 0.296875 0.468750
vt 0.281250 0.468750
vt 0.265625 0.437500
vt 0.265625 0.406250
vt 0.265625 0.468750
vt 0.250000 0.468750
vt 0.250000 0.437500
vt 0.250000 0.406250
vt 0.218750 0.052469
vt 0.225505 0.074776
vt 0.218750 0.084201
vt 0.211995 0.074776
vt 0.230252 0.100167
vt 0.218750 0.103341
vt 0.225505 0.074776
vt 0.207248 0.100167
vt 0.211995 0.074776
vt 0.218750 0.103341
vt 0.218750 0.000000
vt 0.226562 0.031250
vt 0.210937 0.031250
vt 0.234375 0.062500
vt 0.203125 0.062500
vt 0.233290 0.128201
vt 0.242188 0.093750
vt 0.218750 0.129630
vt 0.187500 0.125000
vt 0.195312 0.093750
vt 0.204210 0.128201
vt 0.203125 0.062500
vt 0.218750 0.129630
vt 0.234375 0.281250
vt 0.234375 0.312500
vt 0.218750 0.312500
vt 0.218750 0.281250
vt 0.234375 0.343750
vt 0.218750 0.343750
vt 0.203125 0.312500
vt 0.203125 0.281250
vt 0.203125 0.343750
vt 0.234375 0.250000
vt 0.234375 0.375000
vt 0.218750 0.375000
vt 0.203125 0.375000
vt 0.187500 0.375000
vt 0.187500 0.343750
vt 0.187500 0.312500
vt 0.187500 0.281250
vt 0.203125 0.250000
vt 0.187500 0.250000
vt 0.218750 0.250000
vt 0.234375 0.531250
vt 0.234375 0.562500
vt 0.218750 0.562500
vt 0.218750 0.531250
vt 0.234375 0.593750
vt 0.218750 0.593750
vt 0.203125 0.562500
vt 0.203125 0.531250
vt 0.203125 0.593750
vt 0.234375 0.500000
vt 0.234375 0.625000
vt 0.218750 0.625000
vt 0.203125 0.625000
vt 0.187500 0.625000
vt 0.187500 0.593750
vt 0.187500 0.562500
vt 0.187500 0.531250
vt 0.203125 0.500000
vt 0.187500 0.500000
vt 0.218750 0.500000
vt 0.234375 0.781196
vt 0.234375 0.812066
vt 0.218750 0.811921
vt 0.218750 0.781178
vt 0.234267 0.842330
vt 0.218750 0.841797
vt 0.203125 0.812066
vt 0.203125 0.781196
vt 0.203234 0.842330
vt 0.234375 0.750000
vt 0.233290 0.871799
vt 0.218750 0.870370
vt 0.204210 0.871799
vt 0.187500 0.875000
vt 0.187500 0.842954
vt 0.187500 0.812211
vt 0.187500 0.781214
vt 0.203125 0.750000
vt 0.187500 0.750000
vt 0.218750 0.750000
vt 0.234267 0.157670
vt 0.234375 0.187934
vt 0.218750 0.188079
vt 0.218750 0.158203
vt 0.234375 0.218804
vt 0.218750 0.218822
vt 0.203125 0.187934
vt 0.203233 0.157670
vt 0.203125 0.218804
vt 0.233290 0.128201
vt 0.234375 0.250000
vt 0.187500 0.218786
vt 0.187500 0.187789
vt 0.187500 0.157046
vt 0.204210 0.128201
vt 0.218750 0.129630
vt 0.234375 0.406250
vt 0.234375 0.437500
vt 0.218750 0.437500
vt 0.218750 0.406250
vt 0.234375 0.468750
vt 0.218750 0.468750
vt 0.203125 0.437500
vt 0.203125 0.406250
vt 0.203125 0.468750
vt 0.187500 0.468750
vt 0.187500 0.437500
vt 0.187500 0.406250
vt 0.234375 0.656250
vt 0.234375 0.687500
vt 0.218750 0.687500
vt 0.218750 0.656250
vt 0.234375 0.718750
vt 0.218750 0.718750
vt 0.203125 0.687500
vt 0.203125 0.656250
vt 0.203125 0.718750
vt 0.234375 0.750000
vt 0.218750 0.750000
vt 0.203125 0.750000
vt 0.187500 0.718750
vt 0.187500 0.687500
vt 0.187500 0.656250
vt 0.230252 0.899833
vt 0.225505 0.925224
vt 0.218750 0.915799
vt 0.218750 0.896659
vt 0.218750 0.947531
vt 0.211995 0.925224
vt 0.225505 0.925224
vt 0.207248 0.899833
vt 0.211995 0.925224
vt 0.242188 0.906250
vt 0.234375 0.937500
vt 0.218750 1.000000
vt 0.210937 0.968750
vt 0.226562 0.968750
vt 0.203125 0.937500
vt 0.204210 0.871799
vt 0.195312 0.906250
vt 0.203125 0.937500
vt 0.171875 0.781196
vt 0.171875 0.812066
vt 0.156250 0.811921
vt 0.156250 0.781178
vt 0.171766 0.842330
vt 0.156250 0.841797
vt 0.140625 0.812066
vt 0.140625 0.781196
vt 0.140733 0.842330
vt 0.171875 0.750000
vt 0.170790 0.871799
vt 0.156250 0.870370
vt 0.141710 0.871799
vt 0.125000 0.875000
vt 0.125000 0.842954
vt 0.125000 0.812211
vt 0.125000 0.781214
vt 0.140625 0.750000
vt 0.125000 0.750000
vt 0.156250 0.750000
vt 0.171766 0.157670
vt 0.171875 0.187934
vt 0.156250 0.188079
vt 0.156250 0.158203
vt 0.171875 0.218804
vt 0.156250 0.218822
vt 0.140625 0.187934
vt 0.140733 0.157670
vt 0.140625 0.218804
vt 0.170790 0.128201
vt 0.171875 0.250000
vt 0.156250 0.250000
vt 0.140625 0.250000
vt 0.125000 0.250000
vt 0.125000 0.218786
vt 0.125000 0.187789
vt 0.125000 0.157046
vt 0.141710 0.128201
vt 0.125000 0.125000
vt 0.156250 0.129630
vt 0.171875 0.406250
vt 0.171875 0.437500
vt 0.156250 0.437500
vt 0.156250 0.406250
vt 0.171875 0.468750
vt 0.156250 0.468750
vt 0.140625 0.437500
vt 0.140625 0.406250
vt 0.140625 0.468750
vt 0.171875 0.375000
vt 0.171875 0.500000
vt 0.156250 0.500000
vt 0.140625 0.500000
vt 0.125000 0.500000
vt 0.125000 0.468750
vt 0.125000 0.437500
vt 0.125000 0.406250
vt 0.140625 0.375000
vt 0.125000 0.375000
vt 0.156250 0.375000
vt 0.171875 0.656250
vt 0.171875 0.687500
vt 0.156250 0.687500
vt 0.156250 0.656250
vt 0.171875 0.718750
vt 0.156250 0.718750
vt 0.140625 0.687500
vt 0.140625 0.656250
vt 0.140625 0.718750
vt 0.171875 0.625000
vt 0.171875 0.750000
vt 0.156250 0.750000
vt 0.140625 0.750000
vt 0.125000 0.750000
vt 0.125000 0.718750
vt 0.125000 0.687500
vt 0.125000 0.656250
vt 0.140625 0.625000
vt 0.125000 0.625000
vt 0.156250 0.625000
vt 0.167752 0.899833
vt 0.163005 0.925224
vt 0.156250 0.915799
vt 0.156250 0.896659
vt 0.156250 0.947531
vt 0.149495 0.925224
vt 0.163005 0.925224
vt 0.144748 0.899833
vt 0.149495 0.925224
vt 0.179687 0.906250
vt 0.171875 0.937500
vt 0.156250 1.000000
vt 0.148437 0.968750
vt 0.164062 0.968750
vt 0.140625 0.937500
vt 0.141710 0.871799
vt 0.132812 0.906250
vt 0.156250 0.052469
vt 0.163005 0.074776
vt 0.156250 0.084201
vt 0.149495 0.074776
vt 0.167752 0.100167
vt 0.156250 0.103341
vt 0.163005 0.074776
vt 0.144748 0.100167
vt 0.149495 0.074776
vt 0.156250 0.103341
vt 0.156250 0.000000
vt 0.164062 0.031250
vt 0.148437 0.031250
vt 0.171875 0.062500
vt 0.140625 0.062500
vt 0.170790 0.128201
vt 0.179687 0.093750
vt 0.132812 0.093750
vt 0.141710 0.128201
vt 0.171875 0.281250
vt 0.171875 0.312500
vt 0.156250 0.312500
vt 0.156250 0.281250
vt 0.171875 0.343750
vt 0.156250 0.343750
vt 0.140625 0.312500
vt 0.140625 0.281250
vt 0.140625 0.343750
vt 0.125000 0.343750
vt 0.125000 0.312500
vt 0.125000 0.281250
vt 0.140625 0.250000
vt 0.156250 0.250000
vt 0.171875 0.531250
vt 0.171875 0.562500
vt 0.156250 0.562500
vt 0.156250 0.531250
vt 0.171875 0.593750
vt 0.156250 0.593750
vt 0.140625 0.562500
vt 0.140625 0.531250
vt 0.140625 0.593750
vt 0.125000 0.593750
vt 0.125000 0.562500
vt 0.125000 0.531250
vt 0.109266 0.157670
vt 0.109375 0.187934
vt 0.093750 0.188079
vt 0.093750 0.158203
vt 0.109375 0.218804
vt 0.093750 0.218822
vt 0.078125 0.187934
vt 0.078233 0.157670
vt 0.078125 0.218804
vt 0.108290 0.128201
vt 0.109375 0.250000
vt 0.093750 0.250000
vt 0.078125 0.250000
vt 0.062500 0.250000
vt 0.062500 0.218786
vt 0.062500 0.187789
vt 0.062500 0.157046
vt 0.079210 0.128201
vt 0.062500 0.125000
vt 0.093750 0.129630
vt 0.109375 0.406250
vt 0.109375 0.437500
vt 0.093750 0.437500
vt 0.093750 0.406250
vt 0.109375 0.468750
vt 0.093750 0.468750
vt 0.078125 0.437500
vt 0.078125 0.406250
vt 0.078125 0.468750
vt 0.109375 0.375000
vt 0.109375 0.500000
vt 0.093750 0.500000
vt 0.078125 0.500000
vt 0.062500 0.500000
vt 0.062500 0.468750
vt 0.062500 0.437500
vt 0.062500 0.406250
vt 0.078125 0.375000
vt 0.062500 0.375000
vt 0.093750 0.375000
vt 0.109375 0.656250
vt 0.109375 0.687500
vt 0.093750 0.687500
vt 0.093750 0.656250
vt 0.109375 0.718750
vt 0.093750 0.718750
vt 0.078125 0.687500
vt 0.078125 0.656250
vt 0.078125 0.718750
vt 0.109375 0.625000
vt 0.109375 0.750000
vt 0.093750 0.750000
vt 0.078125 0.750000
vt 0.062500 0.750000
vt 0.062500 0.718750
vt 0.062500 0.687500
vt 0.062500 0.656250
vt 0.078125 0.625000
vt 0.062500 0.625000
vt 0.093750 0.625000
vt 0.105252 0.899833
vt 0.100505 0.925224
vt 0.093750 0.915799
vt 0.093750 0.896659
vt 0.093750 0.947531
vt 0.086995 0.925224
vt 0.100505 0.925224
vt 0.082248 0.899833
vt 0.093750 0.896659
vt 0.086995 0.925224
vt 0.117187 0.906250
vt 0.108290 0.871799
vt 0.109375 0.937500
vt 0.093750 0.870370
vt 0.093750 1.000000
vt 0.085937 0.968750
vt 0.101562 0.968750
vt 0.078125 0.937500
vt 0.062500 0.875000
vt 0.079210 0.871799
vt 0.070312 0.906250
vt 0.093750 0.870370
vt 0.093750 0.052469
vt 0.100505 0.074776
vt 0.093750 0.084201
vt 0.086995 0.074776
vt 0.105252 0.100167
vt 0.093750 0.103341
vt 0.100505 0.074776
vt 0.082248 0.100167
vt 0.093750 0.103341
vt 0.093750 0.000000
vt 0.101562 0.031250
vt 0.085937 0.031250
vt 0.109375 0.062500
vt 0.078125 0.062500
vt 0.108290 0.128201
vt 0.117187 0.093750
vt 0.093750 0.129630
vt 0.070312 0.093750
vt 0.079210 0.128201
vt 0.109375 0.281250
vt 0.109375 0.312500
vt 0.093750 0.312500
vt 0.093750 0.281250
vt 0.109375 0.343750
vt 0.093750 0.343750
vt 0.078125 0.312500
vt 0.078125 0.281250
vt 0.078125 0.343750
vt 0.109375 0.250000
vt 0.062500 0.343750
vt 0.062500 0.312500
vt 0.062500 0.281250
vt 0.078125 0.250000
vt 0.062500 0.250000
vt 0.093750 0.250000
vt 0.109375 0.531250
vt 0.109375 0.562500
vt 0.093750 0.562500
vt 0.093750 0.531250
vt 0.109375 0.593750
vt 0.093750 0.593750
vt 0.078125 0.562500
vt 0.078125 0.531250
vt 0.078125 0.593750
vt 0.062500 0.593750
vt 0.062500 0.562500
vt 0.062500 0.531250
vt 0.109375 0.781196
vt 0.109375 0.812066
vt 0.093750 0.811921
vt 0.093750 0.781178
vt 0.109266 0.842330
vt 0.093750 0.841797
vt 0.078125 0.812066
vt 0.078125 0.781196
vt 0.078233 0.842330
vt 0.109375 0.750000
vt 0.079210 0.871799
vt 0.062500 0.842954
vt 0.062500 0.812211
vt 0.062500 0.781214
vt 0.078125 0.750000
vt 0.062500 0.750000
vt 0.093750 0.750000
vt 0.042752 0.899833
vt 0.038005 0.925224
vt 0.031250 0.915799
vt 0.031250 0.896659
vt 0.031250 0.947531
vt 0.024495 0.925224
vt 0.038005 0.925224
vt 0.019748 0.899833
vt 0.031250 0.896659
vt 0.024495 0.925224
vt 0.054687 0.906250
vt 0.045790 0.871799
vt 0.046875 0.937500
vt 0.031250 0.870370
vt 0.031250 1.000000
vt 0.023437 0.968750
vt 0.039062 0.968750
vt 0.015625 0.937500
vt 0.000000 0.875000
vt 0.016710 0.871817
vt 0.007812 0.906250
vt 0.015625 0.937500
vt 0.031250 0.052469
vt 0.038005 0.074776
vt 0.031250 0.084201
vt 0.024495 0.074776
vt 0.042752 0.100167
vt 0.031250 0.103341
vt 0.038005 0.074776
vt 0.019748 0.100167
vt 0.031250 0.103341
vt 0.031250 0.000000
vt 0.039062 0.031250
vt 0.023437 0.031250
vt 0.046875 0.062500
vt 0.015625 0.062500
vt 0.045790 0.128201
vt 0.054687 0.093750
vt 0.031250 0.129630
vt 0.000000 0.125000
vt 0.007812 0.093750
vt 0.016710 0.128183
vt 0.015625 0.062500
vt 0.031250 0.129630
vt 0.046875 0.281250
vt 0.046875 0.312500
vt 0.031250 0.312500
vt 0.031250 0.281250
vt 0.046875 0.343750
vt 0.031250 0.343750
vt 0.015625 0.312500
vt 0.015625 0.281250
vt 0.015625 0.343750
vt 0.062500 0.281250
vt 0.046875 0.250000
vt 0.062500 0.312500
vt 0.062500 0.343750
vt 0.062500 0.375000
vt 0.046875 0.375000
vt 0.031250 0.375000
vt 0.015625 0.375000
vt 0.000000 0.375000
vt 0.000000 0.343750
vt 0.000000 0.312500
vt 0.000000 0.281250
vt 0.015625 0.250000
vt 0.000000 0.250000
vt 0.031250 0.250000
vt 0.046875 0.531250
vt 0.046875 0.562500
vt 0.031250 0.562500
vt 0.031250 0.531250
vt 0.046875 0.593750
vt 0.031250 0.593750
vt 0.015625 0.562500
vt 0.015625 0.531250
vt 0.015625 0.593750
vt 0.062500 0.500000
vt 0.046875 0.500000
vt 0.062500 0.562500
vt 0.062500 0.593750
vt 0.062500 0.625000
vt 0.046875 0.625000
vt 0.031250 0.625000
vt 0.015625 0.625000
vt 0.000000 0.625000
vt 0.000000 0.593750
vt 0.000000 0.562500
vt 0.000000 0.531250
vt 0.015625 0.500000
vt 0.000000 0.500000
vt 0.031250 0.500000
vt 0.046875 0.781196
vt 0.046875 0.812066
vt 0.031250 0.811921
vt 0.031250 0.781178
vt 0.046766 0.842330
vt 0.031250 0.841797
vt 0.015625 0.812102
vt 0.015625 0.781200
vt 0.015733 0.842407
vt 0.046875 0.750000
vt 0.016710 0.871817
vt 0.000000 0.843750
vt 0.000000 0.812500
vt 0.000000 0.781250
vt 0.015625 0.750000
vt 0.000000 0.750000
vt 0.031250 0.750000
vt 0.046766 0.157670
vt 0.046875 0.187934
vt 0.031250 0.188079
vt 0.031250 0.158203
vt 0.046875 0.218804
vt 0.031250 0.218822
vt 0.015625 0.187898
vt 0.015733 0.157593
vt 0.015625 0.218800
vt 0.045790 0.128201
vt 0.000000 0.218750
vt 0.000000 0.187500
vt 0.000000 0.156250
vt 0.016710 0.128183
vt 0.046875 0.406250
vt 0.046875 0.437500
vt 0.031250 0.437500
vt 0.031250 0.406250
vt 0.046875 0.468750
vt 0.031250 0.468750
vt 0.015625 0.437500
vt 0.015625 0.406250
vt 0.015625 0.468750
vt 0.062500 0.406250
vt 0.062500 0.437500
vt 0.062500 0.468750
vt 0.000000 0.468750
vt 0.000000 0.437500
vt 0.000000 0.406250
vt 0.046875 0.656250
vt 0.046875 0.687500
vt 0.031250 0.687500
vt 0.031250 0.656250
vt 0.046875 0.718750
vt 0.031250 0.718750
vt 0.015625 0.687500
vt 0.015625 0.656250
vt 0.015625 0.718750
vt 0.062500 0.656250
vt 0.062500 0.687500
vt 0.062500 0.718750
vt 0.000000 0.718750
vt 0.000000 0.687500
vt 0.000000 0.656250
vt 0.984375 0.281250
vt 0.984375 0.312500
vt 0.968750 0.312500
vt 0.968750 0.281250
vt 0.984375 0.343750
vt 0.968750 0.343750
vt 0.953125 0.312500
vt 0.953125 0.281250
vt 0.953125 0.343750
vt 1.000000 0.250000
vt 1.000000 0.281250
vt 0.984375 0.250000
vt 1.000000 0.312500
vt 1.000000 0.343750
vt 1.000000 0.375000
vt 0.984375 0.375000
vt 0.968750 0.375000
vt 0.953125 0.375000
vt 0.937500 0.375000
vt 0.937500 0.343750
vt 0.937500 0.312500
vt 0.937500 0.281250
vt 0.953125 0.250000
vt 0.937500 0.250000
vt 0.968750 0.250000
vt 0.984375 0.531250
vt 0.984375 0.562500
vt 0.968750 0.562500
vt 0.968750 0.531250
vt 0.984375 0.593750
vt 0.968750 0.593750
vt 0.953125 0.562500
vt 0.953125 0.531250
vt 0.953125 0.593750
vt 1.000000 0.500000
vt 1.000000 0.531250
vt 0.984375 0.500000
vt 1.000000 0.562500
vt 1.000000 0.593750
vt 1.000000 0.625000
vt 0.984375 0.625000
vt 0.968750 0.625000
vt 0.953125 0.625000
vt 0.937500 0.625000
vt 0.937500 0.593750
vt 0.937500 0.562500
vt 0.937500 0.531250
vt 0.953125 0.500000
vt 0.937500 0.500000
vt 0.968750 0.500000
vt 0.984375 0.781200
vt 0.984375 0.812102
vt 0.968750 0.811921
vt 0.968750 0.781178
vt 0.984267 0.842407
vt 0.968750 0.841797
vt 0.953125 0.812066
vt 0.953125 0.781196
vt 0.953234 0.842330
vt 1.000000 0.750000
vt 1.000000 0.781250
vt 0.984375 0.750000
vt 1.000000 0.812500
vt 1.000000 0.843750
vt 1.000000 0.875000
vt 0.983290 0.871817
vt 0.968750 0.870370
vt 0.954210 0.871799
vt 0.937500 0.875000
vt 0.937500 0.842954
vt 0.937500 0.812211
vt 0.937500 0.781214
vt 0.953125 0.750000
vt 0.937500 0.750000
vt 0.968750 0.750000
vt 0.984267 0.157593
vt 0.984375 0.187898
vt 0.968750 0.188079
vt 0.968750 0.158203
vt 0.984375 0.218800
vt 0.968750 0.218822
vt 0.953125 0.187934
vt 0.953234 0.157670
vt 0.953125 0.218804
vt 1.000000 0.125000
vt 1.000000 0.156250
vt 0.983290 0.128183
vt 1.000000 0.187500
vt 1.000000 0.218750
vt 0.937500 0.218786
vt 0.937500 0.187789
vt 0.937500 0.157046
vt 0.954210 0.128201
vt 0.937500 0.125000
vt 0.968750 0.129630
vt 0.984375 0.406250
vt 0.984375 0.437500
vt 0.968750 0.437500
vt 0.968750 0.406250
vt 0.984375 0.468750
vt 0.968750 0.468750
vt 0.953125 0.437500
vt 0.953125 0.406250
vt 0.953125 0.468750
vt 1.000000 0.406250
vt 1.000000 0.437500
vt 1.000000 0.468750
vt 0.937500 0.468750
vt 0.937500 0.437500
vt 0.937500 0.406250
vt 0.984375 0.656250
vt 0.984375 0.687500
vt 0.968750 0.687500
vt 0.968750 0.656250
vt 0.984375 0.718750
vt 0.968750 0.718750
vt 0.953125 0.687500
vt 0.953125 0.656250
vt 0.953125 0.718750
vt 1.000000 0.656250
vt 1.000000 0.687500
vt 1.000000 0.718750
vt 0.937500 0.718750
vt 0.937500 0.687500
vt 0.937500 0.656250
vt 0.980252 0.899833
vt 0.975505 0.925224
vt 0.968750 0.915799
vt 0.968750 0.896659
vt 0.968750 0.947531
vt 0.961995 0.925224
vt 0.975505 0.925224
vt 0.957248 0.899833
vt 0.961995 0.925224
vt 0.992188 0.906250
vt 0.984375 0.937500
vt 0.968750 1.000000
vt 0.960938 0.968750
vt 0.976562 0.968750
vt 0.953125 0.937500
vt 0.954210 0.871799
vt 0.945312 0.906250
vt 0.968750 0.870370
vt 0.968750 0.052469
vt 0.975505 0.074776
vt 0.968750 0.084201
vt 0.961995 0.074776
vt 0.980252 0.100167
vt 0.968750 0.103341
vt 0.975505 0.074776
vt 0.957248 0.100167
vt 0.968750 0.103341
vt 0.968750 0.000000
vt 0.976562 0.031250
vt 0.960938 0.031250
vt 0.984375 0.062500
vt 0.953125 0.062500
vt 0.983290 0.128183
vt 0.992188 0.093750
vt 0.945312 0.093750
vt 0.968750 0.129630
vt 0.921766 0.157670
vt 0.921875 0.187934
vt 0.906250 0.188079
vt 0.906250 0.158203
vt 0.921875 0.218804
vt 0.906250 0.218822
vt 0.890625 0.187934
vt 0.890734 0.157670
vt 0.890625 0.218804
vt 0.920790 0.128201
vt 0.921875 0.250000
vt 0.906250 0.250000
vt 0.890625 0.250000
vt 0.875000 0.250000
vt 0.875000 0.218786
vt 0.875000 0.187789
vt 0.875000 0.157046
vt 0.891710 0.128201
vt 0.875000 0.125000
vt 0.906250 0.129630
vt 0.921875 0.406250
vt 0.921875 0.437500
vt 0.906250 0.437500
vt 0.906250 0.406250
vt 0.921875 0.468750
vt 0.906250 0.468750
vt 0.890625 0.437500
vt 0.890625 0.406250
vt 0.890625 0.468750
vt 0.937500 0.375000
vt 0.937500 0.406250
vt 0.921875 0.375000
vt 0.937500 0.437500
vt 0.937500 0.468750
vt 0.937500 0.500000
vt 0.921875 0.500000
vt 0.906250 0.500000
vt 0.890625 0.500000
vt 0.875000 0.500000
vt 0.875000 0.468750
vt 0.875000 0.437500
vt 0.875000 0.406250
vt 0.890625 0.375000
vt 0.875000 0.375000
vt 0.906250 0.375000
vt 0.921875 0.656250
vt 0.921875 0.687500
vt 0.906250 0.687500
vt 0.906250 0.656250
vt 0.921875 0.718750
vt 0.906250 0.718750
vt 0.890625 0.687500
vt 0.890625 0.656250
vt 0.890625 0.718750
vt 0.937500 0.625000
vt 0.937500 0.656250
vt 0.921875 0.625000
vt 0.937500 0.687500
vt 0.937500 0.750000
vt 0.921875 0.750000
vt 0.906250 0.750000
vt 0.890625 0.750000
vt 0.875000 0.750000
vt 0.875000 0.718750
vt 0.875000 0.687500
vt 0.875000 0.656250
vt 0.890625 0.625000
vt 0.875000 0.625000
vt 0.906250 0.625000
vt 0.917752 0.899833
vt 0.913005 0.925224
vt 0.906250 0.915799
vt 0.906250 0.896659
vt 0.906250 0.947531
vt 0.899495 0.925224
vt 0.913005 0.925224
vt 0.894748 0.899833
vt 0.906250 0.896659
vt 0.899495 0.925224
vt 0.929688 0.906250
vt 0.920790 0.871799
vt 0.921875 0.937500
vt 0.906250 0.870370
vt 0.906250 1.000000
vt 0.898438 0.968750
vt 0.914062 0.968750
vt 0.890625 0.937500
vt 0.875000 0.875000
vt 0.891710 0.871799
vt 0.882812 0.906250
vt 0.906250 0.052469
vt 0.913005 0.074776
vt 0.906250 0.084201
vt 0.899495 0.074776
vt 0.917752 0.100167
vt 0.906250 0.103341
vt 0.913005 0.074776
vt 0.894748 0.100167
vt 0.906250 0.103341
vt 0.906250 0.000000
vt 0.914062 0.031250
vt 0.898438 0.031250
vt 0.921875 0.062500
vt 0.890625 0.062500
vt 0.929688 0.093750
vt 0.906250 0.129630
vt 0.882812 0.093750
vt 0.891710 0.128201
vt 0.921875 0.281250
vt 0.921875 0.312500
vt 0.906250 0.312500
vt 0.906250 0.281250
vt 0.921875 0.343750
vt 0.906250 0.343750
vt 0.890625 0.312500
vt 0.890625 0.281250
vt 0.890625 0.343750
vt 0.937500 0.250000
vt 0.937500 0.312500
vt 0.937500 0.343750
vt 0.875000 0.343750
vt 0.875000 0.312500
vt 0.875000 0.281250
vt 0.890625 0.250000
vt 0.875000 0.250000
vt 0.906250 0.250000
vt 0.921875 0.531250
vt 0.921875 0.562500
vt 0.906250 0.562500
vt 0.906250 0.531250
vt 0.921875 0.593750
vt 0.906250 0.593750
vt 0.890625 0.562500
vt 0.890625 0.531250
vt 0.890625 0.593750
vt 0.937500 0.531250
vt 0.937500 0.593750
vt 0.875000 0.593750
vt 0.875000 0.562500
vt 0.875000 0.531250
vt 0.921875 0.781196
vt 0.921875 0.812066
vt 0.906250 0.811921
vt 0.906250 0.781178
vt 0.921767 0.842330
vt 0.906250 0.841797
vt 0.890625 0.812066
vt 0.890625 0.781196
vt 0.890733 0.842330
vt 0.921875 0.750000
vt 0.891710 0.871799
vt 0.875000 0.842954
vt 0.875000 0.812211
vt 0.875000 0.781214
vt 0.890625 0.750000
vt 0.875000 0.750000
vt 0.859375 0.406250
vt 0.859375 0.437500
vt 0.843750 0.437500
vt 0.843750 0.406250
vt 0.859375 0.468750
vt 0.843750 0.468750
vt 0.828125 0.437500
vt 0.828125 0.406250
vt 0.828125 0.468750
vt 0.859375 0.375000
vt 0.859375 0.500000
vt 0.843750 0.500000
vt 0.828125 0.500000
vt 0.812500 0.500000
vt 0.812500 0.468750
vt 0.812500 0.437500
vt 0.812500 0.406250
vt 0.828125 0.375000
vt 0.812500 0.375000
vt 0.843750 0.375000
vt 0.859375 0.656250
vt 0.859375 0.687500
vt 0.843750 0.687500
vt 0.843750 0.656250
vt 0.859375 0.718750
vt 0.843750 0.718750
vt 0.828125 0.687500
vt 0.828125 0.656250
vt 0.828125 0.718750
vt 0.859375 0.625000
vt 0.859375 0.750000
vt 0.843750 0.750000
vt 0.828125 0.750000
vt 0.812500 0.750000
vt 0.812500 0.718750
vt 0.812500 0.687500
vt 0.812500 0.656250
vt 0.828125 0.625000
vt 0.812500 0.625000
vt 0.843750 0.625000
vt 0.855252 0.899833
vt 0.850505 0.925224
vt 0.843750 0.915799
vt 0.843750 0.896659
vt 0.843750 0.947531
vt 0.836995 0.925224
vt 0.850505 0.925224
vt 0.832248 0.899833
vt 0.836995 0.925224
vt 0.867188 0.906250
vt 0.858290 0.871799
vt 0.859375 0.937500
vt 0.843750 0.870370
vt 0.843750 1.000000
vt 0.835937 0.968750
vt 0.851562 0.968750
vt 0.828125 0.937500
vt 0.812500 0.875000
vt 0.829210 0.871799
vt 0.820312 0.906250
vt 0.843750 0.052469
vt 0.850505 0.074776
vt 0.843750 0.084201
vt 0.836995 0.074776
vt 0.855252 0.100167
vt 0.843750 0.103341
vt 0.850505 0.074776
vt 0.832248 0.100167
vt 0.843750 0.103341
vt 0.843750 0.000000
vt 0.851562 0.031250
vt 0.835937 0.031250
vt 0.859375 0.062500
vt 0.828125 0.062500
vt 0.858290 0.128201
vt 0.867188 0.093750
vt 0.843750 0.129630
vt 0.812500 0.125000
vt 0.820312 0.093750
vt 0.829210 0.128201
vt 0.843750 0.129630
vt 0.859375 0.281250
vt 0.859375 0.312500
vt 0.843750 0.312500
vt 0.843750 0.281250
vt 0.859375 0.343750
vt 0.843750 0.343750
vt 0.828125 0.312500
vt 0.828125 0.281250
vt 0.828125 0.343750
vt 0.859375 0.250000
vt 0.812500 0.343750
vt 0.812500 0.312500
vt 0.812500 0.281250
vt 0.828125 0.250000
vt 0.812500 0.250000
vt 0.843750 0.250000
vt 0.859375 0.531250
vt 0.859375 0.562500
vt 0.843750 0.562500
vt 0.843750 0.531250
vt 0.859375 0.593750
vt 0.843750 0.593750
vt 0.828125 0.562500
vt 0.828125 0.531250
vt 0.828125 0.593750
vt 0.812500 0.593750
vt 0.812500 0.562500
vt 0.812500 0.531250
vt 0.859375 0.781196
vt 0.859375 0.812066
vt 0.843750 0.811921
vt 0.843750 0.781178
vt 0.859267 0.842330
vt 0.843750 0.841797
vt 0.828125 0.812066
vt 0.828125 0.781196
vt 0.828233 0.842330
vt 0.859375 0.750000
vt 0.829210 0.871799
vt 0.812500 0.842954
vt 0.812500 0.812211
vt 0.812500 0.781214
vt 0.828125 0.750000
vt 0.843750 0.750000
vt 0.859266 0.157670
vt 0.859375 0.187934
vt 0.843750 0.188079
vt 0.843750 0.158203
vt 0.859375 0.218804
vt 0.843750 0.218822
vt 0.828125 0.187934
vt 0.828233 0.157670
vt 0.828125 0.218804
vt 0.859375 0.250000
vt 0.843750 0.250000
vt 0.828125 0.250000
vt 0.812500 0.250000
vt 0.812500 0.218786
vt 0.812500 0.187789
vt 0.812500 0.157046
vt 0.829210 0.128201
vt 0.781250 0.052469
vt 0.788005 0.074776
vt 0.781250 0.084201
vt 0.774495 0.074776
vt 0.792752 0.100167
vt 0.781250 0.103341
vt 0.788005 0.074776
vt 0.769748 0.100167
vt 0.774495 0.074776
vt 0.781250 0.103341
vt 0.781250 0.000000
vt 0.789062 0.031250
vt 0.773438 0.031250
vt 0.796875 0.062500
vt 0.765625 0.062500
vt 0.795790 0.128201
vt 0.804688 0.093750
vt 0.781250 0.129630
vt 0.796875 0.062500
vt 0.757813 0.093750
vt 0.766710 0.128201
vt 0.781250 0.129630
vt 0.796875 0.281250
vt 0.796875 0.312500
vt 0.781250 0.312500
vt 0.781250 0.281250
vt 0.796875 0.343750
vt 0.781250 0.343750
vt 0.765625 0.312500
vt 0.765625 0.281250
vt 0.765625 0.343750
vt 0.796875 0.250000
vt 0.796875 0.375000
vt 0.781250 0.375000
vt 0.765625 0.375000
vt 0.765625 0.250000
vt 0.781250 0.250000
vt 0.796875 0.531250
vt 0.796875 0.562500
vt 0.781250 0.562500
vt 0.781250 0.531250
vt 0.796875 0.593750
vt 0.781250 0.593750
vt 0.765625 0.562500
vt 0.765625 0.531250
vt 0.765625 0.593750
vt 0.796875 0.500000
vt 0.796875 0.625000
vt 0.781250 0.625000
vt 0.765625 0.625000
vt 0.765625 0.500000
vt 0.781250 0.500000
vt 0.796875 0.781196
vt 0.796875 0.812066
vt 0.781250 0.811921
vt 0.781250 0.781178
vt 0.796766 0.842330
vt 0.781250 0.841797
vt 0.765625 0.812066
vt 0.765625 0.781196
vt 0.765733 0.842330
vt 0.796875 0.750000
vt 0.795790 0.871799
vt 0.781250 0.870370
vt 0.766710 0.871799
vt 0.765625 0.750000
vt 0.781250 0.750000
vt 0.796767 0.157670
vt 0.796875 0.187934
vt 0.781250 0.188079
vt 0.781250 0.158203
vt 0.796875 0.218804
vt 0.781250 0.218822
vt 0.765625 0.187934
vt 0.765734 0.157670
vt 0.765625 0.218804
vt 0.795790 0.128201
vt 0.796875 0.250000
vt 0.781250 0.250000
vt 0.765625 0.250000
vt 0.796875 0.406250
vt 0.796875 0.437500
vt 0.781250 0.437500
vt 0.781250 0.406250
vt 0.796875 0.468750
vt 0.781250 0.468750
vt 0.765625 0.437500
vt 0.765625 0.406250
vt 0.765625 0.468750
vt 0.796875 0.656250
vt 0.796875 0.687500
vt 0.781250 0.687500
vt 0.781250 0.656250
vt 0.796875 0.718750
vt 0.781250 0.718750
vt 0.765625 0.687500
vt 0.765625 0.656250
vt 0.765625 0.718750
vt 0.796875 0.750000
vt 0.781250 0.750000
vt 0.765625 0.750000
vt 0.792752 0.899833
vt 0.788005 0.925224
vt 0.781250 0.915799
vt 0.781250 0.896659
vt 0.781250 0.947531
vt 0.774495 0.925224
vt 0.788005 0.925224
vt 0.769748 0.899833
vt 0.781250 0.896659
vt 0.774495 0.925224
vt 0.804688 0.906250
vt 0.796875 0.937500
vt 0.781250 1.000000
vt 0.773438 0.968750
vt 0.789062 0.968750
vt 0.765625 0.937500
vt 0.796875 0.937500
vt 0.766710 0.871799
vt 0.757812 0.906250
s 1
usemtl Material
f 2757/2358/1923 2758/2359/1924 2761/2360/1925 2760/2361/1926
f 2758/2359/1924 2759/2362/1927 2762/2363/1928 2761/2360/1925
f 2760/2361/1926 2761/2360/1925 2764/2364/1929 2763/2365/1930
f 2761/2360/1925 2762/2363/1928 2765/2366/1931 2764/2364/1929
f 1923/2367/1932 2642/2368/1933 2757/2358/1923 2063/2369/1934
f 2642/2368/1933 2641/2370/1935 2758/2359/1924 2757/2358/1923
f 2641/2370/1935 2640/2371/1936 2759/2362/1927 2758/2359/1924
f 2640/2371/1936 2035/2372/1937 2658/2373/1938 2759/2362/1927
f 2759/2362/1927 2658/2373/1938 2659/2374/1939 2762/2363/1928
f 2762/2363/1928 2659/2374/1939 2660/2375/1940 2765/2366/1931
f 2765/2366/1931 2660/2375/1940 1928/2376/1941 2046/2377/1942
f 2764/2364/1929 2765/2366/1931 2046/2377/1942 2047/2378/1943
f 2763/2365/1930 2764/2364/1929 2047/2378/1943 2048/2379/1944
f 2061/2380/1945 2763/2365/1930 2048/2379/1944 1929/2381/1946
f 2062/2382/1947 2760/2361/1926 2763/2365/1930 2061/2380/1945
f 2063/2369/1934 2757/2358/1923 2760/2361/1926 2062/2382/1947
f 2767/2383/1948 2768/2384/1949 2766/2385/1950 2772/2386/1951
f 2769/2387/1952 2770/2388/1953 2766/2385/1950 2768/2389/1949
f 2771/2390/1954 2772/2386/1951 2766/2385/1950 2770/2391/1953
f 2034/2392/1955 2639/2393/1956 2767/2383/1948 2663/2394/1957
f 2639/2393/1956 2638/2395/1958 2768/2384/1949 2767/2383/1948
f 2663/2394/1957 2767/2383/1948 2772/2386/1951 2662/2396/1959
f 1984/2397/1960 2652/2398/1961 2769/2387/1952 2637/2399/1962
f 2652/2398/1961 2653/2400/1963 2770/2388/1953 2769/2387/1952
f 2637/2399/1962 2769/2387/1952 2768/2389/1949 2638/2395/1958
f 1927/2401/1964 2661/2402/1965 2771/2390/1954 2654/2403/1966
f 2661/2402/1965 2662/2396/1959 2772/2386/1951 2771/2390/1954
f 2654/2403/1966 2771/2390/1954 2770/2391/1953 2653/2400/1963
f 2774/2404/1967 2775/2405/1968 2773/2406/1969 2779/2407/1970
f 2776/2408/1971 2777/2409/1972 2773/2406/1969 2775/2410/1968
f 2778/2411/1973 2779/2407/1970 2773/2406/1969 2777/2412/1972
f 1983/2413/1974 2651/2414/1975 2774/2404/1967 2657/2415/1976
f 2651/2414/1975 2650/2416/1977 2775/2405/1968 2774/2404/1967
f 2657/2415/1976 2774/2404/1967 2779/2407/1970 2656/2417/1978
f 1926/2418/1979 2064/2419/1980 2776/2408/1971 2649/2420/1981
f 2064/2419/1980 2065/2421/1982 2777/2409/1972 2776/2408/1971
f 2649/2420/1981 2776/2408/1971 2775/2410/1968 2650/2422/1977
f 1933/2423/1983 2655/2424/1984 2778/2411/1973 2066/2425/1985
f 2655/2424/1984 2656/2417/1978 2779/2407/1970 2778/2411/1973
f 2066/2425/1985 2778/2411/1973 2777/2412/1972 2065/2426/1982
f 2780/2427/1986 2781/2428/1987 2784/2429/1988 2783/2430/1989
f 2781/2428/1987 2782/2431/1990 2785/2432/1991 2784/2429/1988
f 2783/2430/1989 2784/2429/1988 2787/2433/1992 2786/2434/1993
f 2784/2429/1988 2785/2432/1991 2788/2435/1994 2787/2433/1992
f 2036/2436/1995 2645/2437/1996 2780/2427/1986 2666/2438/1997
f 2645/2437/1996 2644/2439/1998 2781/2428/1987 2780/2427/1986
f 2644/2439/1998 2643/2440/1999 2782/2431/1990 2781/2428/1987
f 2643/2440/1999 1925/2441/2000 2067/2442/2001 2782/2431/1990
f 2782/2431/1990 2067/2442/2001 2068/2443/2002 2785/2432/1991
f 2785/2432/1991 2068/2443/2002 2069/2444/2003 2788/2435/1994
f 2788/2435/1994 2069/2444/2003 1931/2445/2004 2055/2446/2005
f 2787/2433/1992 2788/2435/1994 2055/2446/2005 2056/2447/2006
f 2786/2434/1993 2787/2433/1992 2056/2447/2006 2057/2448/2007
f 2664/2449/2008 2786/2434/1993 2057/2448/2007 1932/2450/2009
f 2665/2451/2010 2783/2430/1989 2786/2434/1993 2664/2449/2008
f 2666/2438/1997 2780/2427/1986 2783/2430/1989 2665/2451/2010
f 2789/2452/2011 2790/2453/2012 2793/2454/2013 2792/2455/2014
f 2790/2453/2012 2791/2456/2015 2794/2457/2016 2793/2454/2013
f 2792/2455/2014 2793/2454/2013 2796/2458/2017 2795/2459/2018
f 2793/2454/2013 2794/2457/2016 2797/2460/2019 2796/2458/2017
f 1924/2461/2020 2039/2462/2021 2789/2452/2011 2072/2463/2022
f 2039/2462/2021 2038/2464/2023 2790/2453/2012 2789/2452/2011
f 2038/2464/2023 2037/2465/2024 2791/2456/2015 2790/2453/2012
f 2037/2465/2024 1923/2367/1932 2063/2369/1934 2791/2456/2015
f 2791/2456/2015 2063/2369/1934 2062/2382/1947 2794/2457/2016
f 2794/2457/2016 2062/2382/1947 2061/2380/1945 2797/2460/2019
f 2797/2460/2019 2061/2380/1945 1929/2381/1946 2049/2466/2025
f 2796/2458/2017 2797/2460/2019 2049/2466/2025 2050/2467/2026
f 2795/2459/2018 2796/2458/2017 2050/2467/2026 2051/2468/2027
f 2070/2469/2028 2795/2459/2018 2051/2468/2027 1930/2470/2029
f 2071/2471/2030 2792/2455/2014 2795/2459/2018 2070/2469/2028
f 2072/2463/2022 2789/2452/2011 2792/2455/2014 2071/2471/2030
f 2798/2472/2031 2799/2473/2032 2802/2474/2033 2801/2475/2034
f 2799/2473/2032 2800/2476/2035 2803/2477/2036 2802/2474/2033
f 2801/2475/2034 2802/2474/2033 2805/2478/2037 2804/2479/2038
f 2802/2474/2033 2803/2477/2036 2806/2480/2039 2805/2478/2037
f 2035/2481/1937 2627/2482/2040 2798/2472/2031 2658/2483/1938
f 2627/2482/2040 2626/2484/2041 2799/2473/2032 2798/2472/2031
f 2626/2484/2041 2625/2485/2042 2800/2476/2035 2799/2473/2032
f 2625/2485/2042 2034/2392/1955 2663/2394/1957 2800/2476/2035
f 2800/2476/2035 2663/2394/1957 2662/2396/1959 2803/2477/2036
f 2803/2477/2036 2662/2396/1959 2661/2486/1965 2806/2480/2039
f 2806/2480/2039 2661/2486/1965 1927/2401/1964 2043/2487/2043
f 2805/2478/2037 2806/2480/2039 2043/2487/2043 2044/2488/2044
f 2804/2479/2038 2805/2478/2037 2044/2488/2044 2045/2489/2045
f 2660/2490/1940 2804/2479/2038 2045/2489/2045 1928/2491/1941
f 2659/2492/1939 2801/2475/2034 2804/2479/2038 2660/2490/1940
f 2658/2483/1938 2798/2472/2031 2801/2475/2034 2659/2492/1939
f 2807/2493/2046 2808/2494/2047 2811/2495/2048 2810/2496/2049
f 2808/2494/2047 2809/2497/2050 2812/2498/2051 2811/2495/2048
f 2810/2496/2049 2811/2495/2048 2814/2499/2052 2813/2500/2053
f 2811/2495/2048 2812/2498/2051 2815/2501/2054 2814/2499/2052
f 1926/2418/1979 2648/2502/2055 2807/2493/2046 2064/2503/1980
f 2648/2502/2055 2647/2504/2056 2808/2494/2047 2807/2493/2046
f 2647/2504/2056 2646/2505/2057 2809/2497/2050 2808/2494/2047
f 2646/2505/2057 2036/2506/1995 2666/2507/1997 2809/2497/2050
f 2809/2497/2050 2666/2507/1997 2665/2508/2010 2812/2498/2051
f 2812/2498/2051 2665/2508/2010 2664/2509/2008 2815/2501/2054
f 2815/2501/2054 2664/2509/2008 1932/2510/2009 2058/2511/2058
f 2814/2499/2052 2815/2501/2054 2058/2511/2058 2059/2512/2059
f 2813/2500/2053 2814/2499/2052 2059/2512/2059 2060/2513/2060
f 2066/2514/1985 2813/2500/2053 2060/2513/2060 1933/2423/1983
f 2065/2421/1982 2810/2496/2049 2813/2500/2053 2066/2514/1985
f 2064/2503/1980 2807/2493/2046 2810/2496/2049 2065/2421/1982
f 2816/2515/2061 2817/2516/2062 2820/2517/2063 2819/2518/2064
f 2817/2516/2062 2818/2519/2065 2821/2520/2066 2820/2517/2063
f 2819/2518/2064 2820/2517/2063 2823/2521/2067 2822/2522/2068
f 2820/2517/2063 2821/2520/2066 2824/2523/2069 2823/2521/2067
f 1925/2441/2000 2042/2524/2070 2816/2515/2061 2067/2442/2001
f 2042/2524/2070 2041/2525/2071 2817/2516/2062 2816/2515/2061
f 2041/2525/2071 2040/2526/2072 2818/2519/2065 2817/2516/2062
f 2040/2526/2072 1924/2461/2020 2072/2463/2022 2818/2519/2065
f 2818/2519/2065 2072/2463/2022 2071/2471/2030 2821/2520/2066
f 2821/2520/2066 2071/2471/2030 2070/2469/2028 2824/2523/2069
f 2824/2523/2069 2070/2469/2028 1930/2470/2029 2052/2527/2073
f 2823/2521/2067 2824/2523/2069 2052/2527/2073 2053/2528/2074
f 2822/2522/2068 2823/2521/2067 2053/2528/2074 2054/2529/2075
f 2069/2444/2003 2822/2522/2068 2054/2529/2075 1931/2445/2004
f 2068/2443/2002 2819/2518/2064 2822/2522/2068 2069/2444/2003
f 2067/2442/2001 2816/2515/2061 2819/2518/2064 2068/2443/2002
f 2825/2530/2076 2826/2531/2077 2829/2532/2078 2828/2533/2079
f 2826/2531/2077 2827/2534/2080 2830/2535/2081 2829/2532/2078
f 2828/2533/2079 2829/2532/2078 2832/2536/2082 2831/2537/2083
f 2829/2532/2078 2830/2535/2081 2833/2538/2084 2832/2536/2082
f 1932/2450/2009 2057/2448/2007 2825/2530/2076 2093/2539/2085
f 2057/2448/2007 2056/2447/2006 2826/2531/2077 2825/2530/2076
f 2056/2447/2006 2055/2446/2005 2827/2534/2080 2826/2531/2077
f 2055/2446/2005 1931/2445/2004 2094/2540/2086 2827/2534/2080
f 2827/2534/2080 2094/2540/2086 2095/2541/2087 2830/2535/2081
f 2830/2535/2081 2095/2541/2087 2096/2542/2088 2833/2538/2084
f 2833/2538/2084 2096/2542/2088 1938/2543/2089 2085/2544/2090
f 2832/2536/2082 2833/2538/2084 2085/2544/2090 2086/2545/2091
f 2831/2537/2083 2832/2536/2082 2086/2545/2091 2087/2546/2092
f 2091/2547/2093 2831/2537/2083 2087/2546/2092 1939/2548/2094
f 2092/2549/2095 2828/2533/2079 2831/2537/2083 2091/2547/2093
f 2093/2539/2085 2825/2530/2076 2828/2533/2079 2092/2549/2095
f 2834/2550/2096 2835/2551/2097 2838/2552/2098 2837/2553/2099
f 2835/2551/2097 2836/2554/2100 2839/2555/2101 2838/2552/2098
f 2837/2553/2099 2838/2552/2098 2841/2556/2102 2840/2557/2103
f 2838/2552/2098 2839/2555/2101 2842/2558/2104 2841/2556/2102
f 1930/2470/2029 2051/2468/2027 2834/2550/2096 2099/2559/2105
f 2051/2468/2027 2050/2467/2026 2835/2551/2097 2834/2550/2096
f 2050/2467/2026 2049/2466/2025 2836/2554/2100 2835/2551/2097
f 2049/2466/2025 1929/2381/1946 2100/2560/2106 2836/2554/2100
f 2836/2554/2100 2100/2560/2106 2101/2561/2107 2839/2555/2101
f 2839/2555/2101 2101/2561/2107 2102/2562/2108 2842/2558/2104
f 2842/2558/2104 2102/2562/2108 1936/2563/2109 2079/2564/2110
f 2841/2556/2102 2842/2558/2104 2079/2564/2110 2080/2565/2111
f 2840/2557/2103 2841/2556/2102 2080/2565/2111 2081/2566/2112
f 2097/2567/2113 2840/2557/2103 2081/2566/2112 1937/2568/2114
f 2098/2569/2115 2837/2553/2099 2840/2557/2103 2097/2567/2113
f 2099/2559/2105 2834/2550/2096 2837/2553/2099 2098/2569/2115
f 2843/2570/2116 2844/2571/2117 2847/2572/2118 2846/2573/2119
f 2844/2571/2117 2845/2574/2120 2848/2575/2121 2847/2572/2118
f 2846/2573/2119 2847/2572/2118 2850/2576/2122 2849/2577/2123
f 2847/2572/2118 2848/2575/2121 2851/2578/2124 2850/2576/2122
f 1928/2491/1941 2045/2489/2045 2843/2570/2116 2105/2579/2125
f 2045/2489/2045 2044/2488/2044 2844/2571/2117 2843/2570/2116
f 2044/2488/2044 2043/2487/2043 2845/2574/2120 2844/2571/2117
f 2043/2487/2043 1927/2401/1964 2106/2580/2126 2845/2574/2120
f 2845/2574/2120 2106/2580/2126 2107/2581/2127 2848/2575/2121
f 2848/2575/2121 2107/2581/2127 2108/2582/2128 2851/2578/2124
f 2851/2578/2124 2108/2582/2128 1934/2583/2129 2073/2584/2130
f 2850/2576/2122 2851/2578/2124 2073/2584/2130 2074/2585/2131
f 2849/2577/2123 2850/2576/2122 2074/2585/2131 2075/2586/2132
f 2103/2587/2133 2849/2577/2123 2075/2586/2132 1935/2588/2134
f 2104/2589/2135 2846/2573/2119 2849/2577/2123 2103/2587/2133
f 2105/2579/2125 2843/2570/2116 2846/2573/2119 2104/2589/2135
f 2852/2590/2136 2853/2591/2137 2856/2592/2138 2855/2593/2139
f 2853/2591/2137 2854/2594/2140 2857/2595/2141 2856/2592/2138
f 2855/2593/2139 2856/2592/2138 2859/2596/2142 2858/2597/2143
f 2856/2592/2138 2857/2595/2141 2860/2598/2144 2859/2596/2142
f 1933/2423/1983 2060/2513/2060 2852/2590/2136 2111/2599/2145
f 2060/2513/2060 2059/2512/2059 2853/2591/2137 2852/2590/2136
f 2059/2512/2059 2058/2511/2058 2854/2594/2140 2853/2591/2137
f 2058/2511/2058 1932/2510/2009 2093/2600/2085 2854/2594/2140
f 2854/2594/2140 2093/2600/2085 2092/2601/2095 2857/2595/2141
f 2857/2595/2141 2092/2601/2095 2091/2602/2093 2860/2598/2144
f 2860/2598/2144 2091/2602/2093 1939/2603/2094 2088/2604/2146
f 2859/2596/2142 2860/2598/2144 2088/2604/2146 2089/2605/2147
f 2858/2597/2143 2859/2596/2142 2089/2605/2147 2090/2606/2148
f 2109/2607/2149 2858/2597/2143 2090/2606/2148 1940/2608/2150
f 2110/2609/2151 2855/2593/2139 2858/2597/2143 2109/2607/2149
f 2111/2599/2145 2852/2590/2136 2855/2593/2139 2110/2609/2151
f 2861/2610/2152 2862/2611/2153 2865/2612/2154 2864/2613/2155
f 2862/2611/2153 2863/2614/2156 2866/2615/2157 2865/2612/2154
f 2864/2613/2155 2865/2612/2154 2868/2616/2158 2867/2617/2159
f 2865/2612/2154 2866/2615/2157 2869/2618/2160 2868/2616/2158
f 1931/2445/2004 2054/2529/2075 2861/2610/2152 2094/2540/2086
f 2054/2529/2075 2053/2528/2074 2862/2611/2153 2861/2610/2152
f 2053/2528/2074 2052/2527/2073 2863/2614/2156 2862/2611/2153
f 2052/2527/2073 1930/2470/2029 2099/2559/2105 2863/2614/2156
f 2863/2614/2156 2099/2559/2105 2098/2569/2115 2866/2615/2157
f 2866/2615/2157 2098/2569/2115 2097/2567/2113 2869/2618/2160
f 2869/2618/2160 2097/2567/2113 1937/2568/2114 2082/2619/2161
f 2868/2616/2158 2869/2618/2160 2082/2619/2161 2083/2620/2162
f 2867/2617/2159 2868/2616/2158 2083/2620/2162 2084/2621/2163
f 2096/2542/2088 2867/2617/2159 2084/2621/2163 1938/2543/2089
f 2095/2541/2087 2864/2613/2155 2867/2617/2159 2096/2542/2088
f 2094/2540/2086 2861/2610/2152 2864/2613/2155 2095/2541/2087
f 2870/2622/2164 2871/2623/2165 2874/2624/2166 2873/2625/2167
f 2871/2623/2165 2872/2626/2168 2875/2627/2169 2874/2624/2166
f 2873/2625/2167 2874/2624/2166 2877/2628/2170 2876/2629/2171
f 2874/2624/2166 2875/2627/2169 2878/2630/2172 2877/2628/2170
f 1929/2381/1946 2048/2379/1944 2870/2622/2164 2100/2560/2106
f 2048/2379/1944 2047/2378/1943 2871/2623/2165 2870/2622/2164
f 2047/2378/1943 2046/2377/1942 2872/2626/2168 2871/2623/2165
f 2046/2377/1942 1928/2376/1941 2105/2631/2125 2872/2626/2168
f 2872/2626/2168 2105/2631/2125 2104/2632/2135 2875/2627/2169
f 2875/2627/2169 2104/2632/2135 2103/2633/2133 2878/2630/2172
f 2878/2630/2172 2103/2633/2133 1935/2634/2134 2076/2635/2173
f 2877/2628/2170 2878/2630/2172 2076/2635/2173 2077/2636/2174
f 2876/2629/2171 2877/2628/2170 2077/2636/2174 2078/2637/2175
f 2102/2562/2108 2876/2629/2171 2078/2637/2175 1936/2563/2109
f 2101/2561/2107 2873/2625/2167 2876/2629/2171 2102/2562/2108
f 2100/2560/2106 2870/2622/2164 2873/2625/2167 2101/2561/2107
f 2880/2638/2176 2881/2639/2177 2879/2640/2178 2885/2641/2179
f 2882/2642/2180 2883/2643/2181 2879/2640/2178 2881/2644/2177
f 2884/2645/2182 2885/2646/2179 2879/2640/2178 2883/2647/2181
f 1927/2401/1964 2654/2648/1966 2880/2638/2176 2106/2580/2126
f 2654/2648/1966 2653/2649/1963 2881/2639/2177 2880/2638/2176
f 2106/2580/2126 2880/2638/2176 2885/2641/2179 2107/2581/2127
f 1984/2650/1960 2667/2651/2183 2882/2642/2180 2652/2652/1961
f 2667/2651/2183 2668/2653/2184 2883/2643/2181 2882/2642/2180
f 2652/2652/1961 2882/2642/2180 2881/2644/2177 2653/2654/1963
f 1934/2583/2129 2108/2655/2128 2884/2645/2182 2669/2656/2185
f 2108/2655/2128 2107/2581/2127 2885/2646/2179 2884/2645/2182
f 2669/2656/2185 2884/2645/2182 2883/2647/2181 2668/2653/2184
f 2887/2657/2186 2888/2658/2187 2886/2659/2188 2892/2660/2189
f 2889/2661/2190 2890/2662/2191 2886/2659/2188 2888/2663/2187
f 2891/2664/2192 2892/2660/2189 2886/2659/2188 2890/2665/2191
f 1983/2666/1974 2657/2667/1976 2887/2657/2186 2672/2668/2193
f 2657/2667/1976 2656/2669/1978 2888/2658/2187 2887/2657/2186
f 2672/2668/2193 2887/2657/2186 2892/2660/2189 2671/2670/2194
f 1933/2423/1983 2111/2671/2145 2889/2661/2190 2655/2672/1984
f 2111/2671/2145 2110/2673/2151 2890/2662/2191 2889/2661/2190
f 2655/2672/1984 2889/2661/2190 2888/2663/2187 2656/2674/1978
f 1940/2608/2150 2670/2675/2195 2891/2664/2192 2109/2676/2149
f 2670/2675/2195 2671/2670/2194 2892/2660/2189 2891/2664/2192
f 2109/2676/2149 2891/2664/2192 2890/2665/2191 2110/2609/2151
f 2893/2677/2196 2894/2678/2197 2897/2679/2198 2896/2680/2199
f 2894/2678/2197 2895/2681/2200 2898/2682/2201 2897/2679/2198
f 2896/2680/2199 2897/2679/2198 2900/2683/2202 2899/2684/2203
f 2897/2679/2198 2898/2682/2201 2901/2685/2204 2900/2683/2202
f 1940/2608/2150 2090/2606/2148 2893/2677/2196 2132/2686/2205
f 2090/2606/2148 2089/2605/2147 2894/2678/2197 2893/2677/2196
f 2089/2605/2147 2088/2604/2146 2895/2681/2200 2894/2678/2197
f 2088/2604/2146 1939/2603/2094 2133/2687/2206 2895/2681/2200
f 2895/2681/2200 2133/2687/2206 2134/2688/2207 2898/2682/2201
f 2898/2682/2201 2134/2688/2207 2135/2689/2208 2901/2685/2204
f 2901/2685/2204 2135/2689/2208 1946/2690/2209 2127/2691/2210
f 2900/2683/2202 2901/2685/2204 2127/2691/2210 2128/2692/2211
f 2899/2684/2203 2900/2683/2202 2128/2692/2211 2129/2693/2212
f 2130/2694/2213 2899/2684/2203 2129/2693/2212 1947/2695/2214
f 2131/2696/2215 2896/2680/2199 2899/2684/2203 2130/2694/2213
f 2132/2686/2205 2893/2677/2196 2896/2680/2199 2131/2696/2215
f 2902/2697/2216 2903/2698/2217 2906/2699/2218 2905/2700/2219
f 2903/2698/2217 2904/2701/2220 2907/2702/2221 2906/2699/2218
f 2905/2700/2219 2906/2699/2218 2909/2703/2222 2908/2704/2223
f 2906/2699/2218 2907/2702/2221 2910/2705/2224 2909/2703/2222
f 1938/2543/2089 2084/2621/2163 2902/2697/2216 2138/2706/2225
f 2084/2621/2163 2083/2620/2162 2903/2698/2217 2902/2697/2216
f 2083/2620/2162 2082/2619/2161 2904/2701/2220 2903/2698/2217
f 2082/2619/2161 1937/2568/2114 2139/2707/2226 2904/2701/2220
f 2904/2701/2220 2139/2707/2226 2140/2708/2227 2907/2702/2221
f 2907/2702/2221 2140/2708/2227 2141/2709/2228 2910/2705/2224
f 2910/2705/2224 2141/2709/2228 1944/2710/2229 2121/2711/2230
f 2909/2703/2222 2910/2705/2224 2121/2711/2230 2122/2712/2231
f 2908/2704/2223 2909/2703/2222 2122/2712/2231 2123/2713/2232
f 2136/2714/2233 2908/2704/2223 2123/2713/2232 1945/2715/2234
f 2137/2716/2235 2905/2700/2219 2908/2704/2223 2136/2714/2233
f 2138/2706/2225 2902/2697/2216 2905/2700/2219 2137/2716/2235
f 2911/2717/2236 2912/2718/2237 2915/2719/2238 2914/2720/2239
f 2912/2718/2237 2913/2721/2240 2916/2722/2241 2915/2719/2238
f 2914/2720/2239 2915/2719/2238 2918/2723/2242 2917/2724/2243
f 2915/2719/2238 2916/2722/2241 2919/2725/2244 2918/2723/2242
f 1936/2563/2109 2078/2637/2175 2911/2717/2236 2144/2726/2245
f 2078/2637/2175 2077/2636/2174 2912/2718/2237 2911/2717/2236
f 2077/2636/2174 2076/2635/2173 2913/2721/2240 2912/2718/2237
f 2076/2635/2173 1935/2634/2134 2145/2727/2246 2913/2721/2240
f 2913/2721/2240 2145/2727/2246 2146/2728/2247 2916/2722/2241
f 2916/2722/2241 2146/2728/2247 2147/2729/2248 2919/2725/2244
f 2919/2725/2244 2147/2729/2248 1942/2730/2249 2115/2731/2250
f 2918/2723/2242 2919/2725/2244 2115/2731/2250 2116/2732/2251
f 2917/2724/2243 2918/2723/2242 2116/2732/2251 2117/2733/2252
f 2142/2734/2253 2917/2724/2243 2117/2733/2252 1943/2735/2254
f 2143/2736/2255 2914/2720/2239 2917/2724/2243 2142/2734/2253
f 2144/2726/2245 2911/2717/2236 2914/2720/2239 2143/2736/2255
f 2921/2737/2256 2922/2738/2257 2920/2739/2258 2926/2740/2259
f 2923/2741/2260 2924/2742/2261 2920/2739/2258 2922/2743/2257
f 2925/2744/2262 2926/2745/2259 2920/2739/2258 2924/2746/2261
f 1934/2583/2129 2669/2747/2185 2921/2737/2256 2150/2748/2263
f 2669/2747/2185 2668/2749/2184 2922/2738/2257 2921/2737/2256
f 2150/2748/2263 2921/2737/2256 2926/2740/2259 2149/2750/2264
f 1984/2751/1960 2673/2752/2265 2923/2741/2260 2667/2753/2183
f 2673/2752/2265 2674/2754/2266 2924/2742/2261 2923/2741/2260
f 2667/2753/2183 2923/2741/2260 2922/2743/2257 2668/2755/2184
f 1941/2756/2267 2148/2757/2268 2925/2744/2262 2675/2758/2269
f 2148/2757/2268 2149/2759/2264 2926/2745/2259 2925/2744/2262
f 2675/2758/2269 2925/2744/2262 2924/2746/2261 2674/2760/2266
f 2928/2761/2270 2929/2762/2271 2927/2763/2272 2933/2764/2273
f 2930/2765/2274 2931/2766/2275 2927/2763/2272 2929/2767/2271
f 2932/2768/2276 2933/2769/2273 2927/2763/2272 2931/2770/2275
f 1983/2771/1974 2672/2772/2193 2928/2761/2270 2678/2773/2277
f 2672/2772/2193 2671/2774/2194 2929/2762/2271 2928/2761/2270
f 2678/2773/2277 2928/2761/2270 2933/2764/2273 2677/2775/2278
f 1940/2608/2150 2132/2776/2205 2930/2765/2274 2670/2777/2195
f 2132/2776/2205 2131/2778/2215 2931/2766/2275 2930/2765/2274
f 2670/2777/2195 2930/2765/2274 2929/2767/2271 2671/2779/2194
f 1947/2695/2214 2676/2780/2279 2932/2768/2276 2130/2781/2213
f 2676/2780/2279 2677/2782/2278 2933/2769/2273 2932/2768/2276
f 2130/2781/2213 2932/2768/2276 2931/2770/2275 2131/2778/2215
f 2934/2783/2280 2935/2784/2281 2938/2785/2282 2937/2786/2283
f 2935/2784/2281 2936/2787/2284 2939/2788/2285 2938/2785/2282
f 2937/2786/2283 2938/2785/2282 2941/2789/2286 2940/2790/2287
f 2938/2785/2282 2939/2788/2285 2942/2791/2288 2941/2789/2286
f 1939/2548/2094 2087/2546/2092 2934/2783/2280 2133/2687/2206
f 2087/2546/2092 2086/2545/2091 2935/2784/2281 2934/2783/2280
f 2086/2545/2091 2085/2544/2090 2936/2787/2284 2935/2784/2281
f 2085/2544/2090 1938/2543/2089 2138/2706/2225 2936/2787/2284
f 2936/2787/2284 2138/2706/2225 2137/2716/2235 2939/2788/2285
f 2939/2788/2285 2137/2716/2235 2136/2714/2233 2942/2791/2288
f 2942/2791/2288 2136/2714/2233 1945/2715/2234 2124/2792/2289
f 2941/2789/2286 2942/2791/2288 2124/2792/2289 2125/2793/2290
f 2940/2790/2287 2941/2789/2286 2125/2793/2290 2126/2794/2291
f 2135/2795/2208 2940/2790/2287 2126/2794/2291 1946/2796/2209
f 2134/2688/2207 2937/2786/2283 2940/2790/2287 2135/2795/2208
f 2133/2687/2206 2934/2783/2280 2937/2786/2283 2134/2688/2207
f 2943/2797/2292 2944/2798/2293 2947/2799/2294 2946/2800/2295
f 2944/2798/2293 2945/2801/2296 2948/2802/2297 2947/2799/2294
f 2946/2800/2295 2947/2799/2294 2950/2803/2298 2949/2804/2299
f 2947/2799/2294 2948/2802/2297 2951/2805/2300 2950/2803/2298
f 1937/2568/2114 2081/2566/2112 2943/2797/2292 2139/2707/2226
f 2081/2566/2112 2080/2565/2111 2944/2798/2293 2943/2797/2292
f 2080/2565/2111 2079/2564/2110 2945/2801/2296 2944/2798/2293
f 2079/2564/2110 1936/2563/2109 2144/2726/2245 2945/2801/2296
f 2945/2801/2296 2144/2726/2245 2143/2736/2255 2948/2802/2297
f 2948/2802/2297 2143/2736/2255 2142/2734/2253 2951/2805/2300
f 2951/2805/2300 2142/2734/2253 1943/2735/2254 2118/2806/2301
f 2950/2803/2298 2951/2805/2300 2118/2806/2301 2119/2807/2302
f 2949/2804/2299 2950/2803/2298 2119/2807/2302 2120/2808/2303
f 2141/2709/2228 2949/2804/2299 2120/2808/2303 1944/2710/2229
f 2140/2708/2227 2946/2800/2295 2949/2804/2299 2141/2709/2228
f 2139/2707/2226 2943/2797/2292 2946/2800/2295 2140/2708/2227
f 2952/2809/2304 2953/2810/2305 2956/2811/2306 2955/2812/2307
f 2953/2810/2305 2954/2813/2308 2957/2814/2309 2956/2811/2306
f 2955/2812/2307 2956/2811/2306 2959/2815/2310 2958/2816/2311
f 2956/2811/2306 2957/2814/2309 2960/2817/2312 2959/2815/2310
f 1935/2588/2134 2075/2586/2132 2952/2809/2304 2145/2818/2246
f 2075/2586/2132 2074/2585/2131 2953/2810/2305 2952/2809/2304
f 2074/2585/2131 2073/2584/2130 2954/2813/2308 2953/2810/2305
f 2073/2584/2130 1934/2583/2129 2150/2748/2263 2954/2813/2308
f 2954/2813/2308 2150/2748/2263 2149/2750/2264 2957/2814/2309
f 2957/2814/2309 2149/2750/2264 2148/2819/2268 2960/2817/2312
f 2960/2817/2312 2148/2819/2268 1941/2756/2267 2112/2820/2313
f 2959/2815/2310 2960/2817/2312 2112/2820/2313 2113/2821/2314
f 2958/2816/2311 2959/2815/2310 2113/2821/2314 2114/2822/2315
f 2147/2823/2248 2958/2816/2311 2114/2822/2315 1942/2824/2249
f 2146/2825/2247 2955/2812/2307 2958/2816/2311 2147/2823/2248
f 2145/2818/2246 2952/2809/2304 2955/2812/2307 2146/2825/2247
f 2961/2826/2316 2962/2827/2317 2965/2828/2318 2964/2829/2319
f 2962/2827/2317 2963/2830/2320 2966/2831/2321 2965/2828/2318
f 2964/2829/2319 2965/2828/2318 2968/2832/2322 2967/2833/2323
f 2965/2828/2318 2966/2831/2321 2969/2834/2324 2968/2832/2322
f 1945/2715/2234 2123/2713/2232 2961/2826/2316 2171/2835/2325
f 2123/2713/2232 2122/2712/2231 2962/2827/2317 2961/2826/2316
f 2122/2712/2231 2121/2711/2230 2963/2830/2320 2962/2827/2317
f 2121/2711/2230 1944/2710/2229 2172/2836/2326 2963/2830/2320
f 2963/2830/2320 2172/2836/2326 2173/2837/2327 2966/2831/2321
f 2966/2831/2321 2173/2837/2327 2174/2838/2328 2969/2834/2324
f 2969/2834/2324 2174/2838/2328 1951/2839/2329 2160/2840/2330
f 2968/2832/2322 2969/2834/2324 2160/2840/2330 2161/2841/2331
f 2967/2833/2323 2968/2832/2322 2161/2841/2331 2162/2842/2332
f 2169/2843/2333 2967/2833/2323 2162/2842/2332 1952/2844/2334
f 2170/2845/2335 2964/2829/2319 2967/2833/2323 2169/2843/2333
f 2171/2835/2325 2961/2826/2316 2964/2829/2319 2170/2845/2335
f 2970/2846/2336 2971/2847/2337 2974/2848/2338 2973/2849/2339
f 2971/2847/2337 2972/2850/2340 2975/2851/2341 2974/2848/2338
f 2973/2849/2339 2974/2848/2338 2977/2852/2342 2976/2853/2343
f 2974/2848/2338 2975/2851/2341 2978/2854/2344 2977/2852/2342
f 1943/2735/2254 2117/2733/2252 2970/2846/2336 2177/2855/2345
f 2117/2733/2252 2116/2732/2251 2971/2847/2337 2970/2846/2336
f 2116/2732/2251 2115/2731/2250 2972/2850/2340 2971/2847/2337
f 2115/2731/2250 1942/2730/2249 2178/2856/2346 2972/2850/2340
f 2972/2850/2340 2178/2856/2346 2179/2857/2347 2975/2851/2341
f 2975/2851/2341 2179/2857/2347 2180/2858/2348 2978/2854/2344
f 2978/2854/2344 2180/2858/2348 1949/2859/2349 2154/2860/2350
f 2977/2852/2342 2978/2854/2344 2154/2860/2350 2155/2861/2351
f 2976/2853/2343 2977/2852/2342 2155/2861/2351 2156/2862/2352
f 2175/2863/2353 2976/2853/2343 2156/2862/2352 1950/2864/2354
f 2176/2865/2355 2973/2849/2339 2976/2853/2343 2175/2863/2353
f 2177/2855/2345 2970/2846/2336 2973/2849/2339 2176/2865/2355
f 2980/2866/2356 2981/2867/2357 2979/2868/2358 2985/2869/2359
f 2982/2870/2360 2983/2871/2361 2979/2868/2358 2981/2872/2357
f 2984/2873/2362 2985/2874/2359 2979/2868/2358 2983/2875/2361
f 1941/2756/2267 2675/2876/2269 2980/2866/2356 2183/2877/2363
f 2675/2876/2269 2674/2878/2266 2981/2867/2357 2980/2866/2356
f 2183/2877/2363 2980/2866/2356 2985/2869/2359 2182/2879/2364
f 1984/2880/1960 2679/2881/2365 2982/2870/2360 2673/2882/2265
f 2679/2881/2365 2680/2883/2366 2983/2871/2361 2982/2870/2360
f 2673/2882/2265 2982/2870/2360 2981/2872/2357 2674/2878/2266
f 1948/2884/2367 2181/2885/2368 2984/2873/2362 2681/2886/2369
f 2181/2885/2368 2182/2879/2364 2985/2874/2359 2984/2873/2362
f 2681/2886/2369 2984/2873/2362 2983/2875/2361 2680/2883/2366
f 2987/2887/2370 2988/2888/2371 2986/2889/2372 2992/2890/2373
f 2989/2891/2374 2990/2892/2375 2986/2889/2372 2988/2893/2371
f 2991/2894/2376 2992/2895/2373 2986/2889/2372 2990/2896/2375
f 1983/2897/1974 2678/2898/2277 2987/2887/2370 2684/2899/2377
f 2678/2898/2277 2677/2900/2278 2988/2888/2371 2987/2887/2370
f 2684/2899/2377 2987/2887/2370 2992/2890/2373 2683/2901/2378
f 1947/2695/2214 2184/2902/2379 2989/2891/2374 2676/2903/2279
f 2184/2902/2379 2185/2904/2380 2990/2892/2375 2989/2891/2374
f 2676/2903/2279 2989/2891/2374 2988/2893/2371 2677/2900/2278
f 1954/2905/2381 2682/2906/2382 2991/2894/2376 2186/2907/2383
f 2682/2906/2382 2683/2901/2378 2992/2895/2373 2991/2894/2376
f 2186/2907/2383 2991/2894/2376 2990/2896/2375 2185/2908/2380
f 2993/2909/2384 2994/2910/2385 2997/2911/2386 2996/2912/2387
f 2994/2910/2385 2995/2913/2388 2998/2914/2389 2997/2911/2386
f 2996/2912/2387 2997/2911/2386 3000/2915/2390 2999/2916/2391
f 2997/2911/2386 2998/2914/2389 3001/2917/2392 3000/2915/2390
f 1946/2796/2209 2126/2794/2291 2993/2909/2384 2189/2918/2393
f 2126/2794/2291 2125/2793/2290 2994/2910/2385 2993/2909/2384
f 2125/2793/2290 2124/2792/2289 2995/2913/2388 2994/2910/2385
f 2124/2792/2289 1945/2715/2234 2171/2835/2325 2995/2913/2388
f 2995/2913/2388 2171/2835/2325 2170/2845/2335 2998/2914/2389
f 2998/2914/2389 2170/2845/2335 2169/2843/2333 3001/2917/2392
f 3001/2917/2392 2169/2843/2333 1952/2844/2334 2163/2919/2394
f 3000/2915/2390 3001/2917/2392 2163/2919/2394 2164/2920/2395
f 2999/2916/2391 3000/2915/2390 2164/2920/2395 2165/2921/2396
f 2187/2922/2397 2999/2916/2391 2165/2921/2396 1953/2923/2398
f 2188/2924/2399 2996/2912/2387 2999/2916/2391 2187/2922/2397
f 2189/2918/2393 2993/2909/2384 2996/2912/2387 2188/2924/2399
f 3002/2925/2400 3003/2926/2401 3006/2927/2402 3005/2928/2403
f 3003/2926/2401 3004/2929/2404 3007/2930/2405 3006/2927/2402
f 3005/2928/2403 3006/2927/2402 3009/2931/2406 3008/2932/2407
f 3006/2927/2402 3007/2930/2405 3010/2933/2408 3009/2931/2406
f 1944/2710/2229 2120/2808/2303 3002/2925/2400 2172/2836/2326
f 2120/2808/2303 2119/2807/2302 3003/2926/2401 3002/2925/2400
f 2119/2807/2302 2118/2806/2301 3004/2929/2404 3003/2926/2401
f 2118/2806/2301 1943/2735/2254 2177/2855/2345 3004/2929/2404
f 3004/2929/2404 2177/2855/2345 2176/2865/2355 3007/2930/2405
f 3007/2930/2405 2176/2865/2355 2175/2863/2353 3010/2933/2408
f 3010/2933/2408 2175/2863/2353 1950/2864/2354 2157/2934/2409
f 3009/2931/2406 3010/2933/2408 2157/2934/2409 2158/2935/2410
f 3008/2932/2407 3009/2931/2406 2158/2935/2410 2159/2936/2411
f 2174/2838/2328 3008/2932/2407 2159/2936/2411 1951/2839/2329
f 2173/2837/2327 3005/2928/2403 3008/2932/2407 2174/2838/2328
f 2172/2836/2326 3002/2925/2400 3005/2928/2403 2173/2837/2327
f 3011/2937/2412 3012/2938/2413 3015/2939/2414 3014/2940/2415
f 3012/2938/2413 3013/2941/2416 3016/2942/2417 3015/2939/2414
f 3014/2940/2415 3015/2939/2414 3018/2943/2418 3017/2944/2419
f 3015/2939/2414 3016/2942/2417 3019/2945/2420 3018/2943/2418
f 1942/2824/2249 2114/2822/2315 3011/2937/2412 2178/2946/2346
f 2114/2822/2315 2113/2821/2314 3012/2938/2413 3011/2937/2412
f 2113/2821/2314 2112/2820/2313 3013/2941/2416 3012/2938/2413
f 2112/2820/2313 1941/2756/2267 2183/2877/2363 3013/2941/2416
f 3013/2941/2416 2183/2877/2363 2182/2879/2364 3016/2942/2417
f 3016/2942/2417 2182/2879/2364 2181/2947/2368 3019/2945/2420
f 3019/2945/2420 2181/2947/2368 1948/2884/2367 2151/2948/2421
f 3018/2943/2418 3019/2945/2420 2151/2948/2421 2152/2949/2422
f 3017/2944/2419 3018/2943/2418 2152/2949/2422 2153/2950/2423
f 2180/2951/2348 3017/2944/2419 2153/2950/2423 1949/2952/2349
f 2179/2953/2347 3014/2940/2415 3017/2944/2419 2180/2951/2348
f 2178/2946/2346 3011/2937/2412 3014/2940/2415 2179/2953/2347
f 3020/2954/2424 3021/2955/2425 3024/2956/2426 3023/2957/2427
f 3021/2955/2425 3022/2958/2428 3025/2959/2429 3024/2956/2426
f 3023/2957/2427 3024/2956/2426 3027/2960/2430 3026/2961/2431
f 3024/2956/2426 3025/2959/2429 3028/2962/2432 3027/2960/2430
f 1947/2695/2214 2129/2693/2212 3020/2954/2424 2184/2902/2379
f 2129/2693/2212 2128/2692/2211 3021/2955/2425 3020/2954/2424
f 2128/2692/2211 2127/2691/2210 3022/2958/2428 3021/2955/2425
f 2127/2691/2210 1946/2690/2209 2189/2963/2393 3022/2958/2428
f 3022/2958/2428 2189/2963/2393 2188/2964/2399 3025/2959/2429
f 3025/2959/2429 2188/2964/2399 2187/2965/2397 3028/2962/2432
f 3028/2962/2432 2187/2965/2397 1953/2966/2398 2166/2967/2433
f 3027/2960/2430 3028/2962/2432 2166/2967/2433 2167/2968/2434
f 3026/2961/2431 3027/2960/2430 2167/2968/2434 2168/2969/2435
f 2186/2970/2383 3026/2961/2431 2168/2969/2435 1954/2905/2381
f 2185/2904/2380 3023/2957/2427 3026/2961/2431 2186/2970/2383
f 2184/2902/2379 3020/2954/2424 3023/2957/2427 2185/2904/2380
f 3030/2971/2436 3031/2972/2437 3029/2973/2438 3035/2974/2439
f 3032/2975/2440 3033/2976/2441 3029/2973/2438 3031/2977/2437
f 3034/2978/2442 3035/2974/2439 3029/2973/2438 3033/2979/2441
f 1983/2980/1974 2684/2981/2377 3030/2971/2436 2690/2982/2443
f 2684/2981/2377 2683/2983/2378 3031/2972/2437 3030/2971/2436
f 2690/2982/2443 3030/2971/2436 3035/2974/2439 2689/2984/2444
f 1954/2905/2381 2208/2985/2445 3032/2975/2440 2682/2986/2382
f 2208/2985/2445 2209/2987/2446 3033/2976/2441 3032/2975/2440
f 2682/2986/2382 3032/2975/2440 3031/2977/2437 2683/2983/2378
f 1961/2988/2447 2688/2989/2448 3034/2978/2442 2210/2990/2449
f 2688/2989/2448 2689/2984/2444 3035/2974/2439 3034/2978/2442
f 2210/2990/2449 3034/2978/2442 3033/2979/2441 2209/2991/2446
f 3036/2992/2450 3037/2993/2451 3040/2994/2452 3039/2995/2453
f 3037/2993/2451 3038/2996/2454 3041/2997/2455 3040/2994/2452
f 3039/2995/2453 3040/2994/2452 3043/2998/2456 3042/2999/2457
f 3040/2994/2452 3041/2997/2455 3044/3000/2458 3043/2998/2456
f 1953/2923/2398 2165/2921/2396 3036/2992/2450 2213/3001/2459
f 2165/2921/2396 2164/2920/2395 3037/2993/2451 3036/2992/2450
f 2164/2920/2395 2163/2919/2394 3038/2996/2454 3037/2993/2451
f 2163/2919/2394 1952/2844/2334 2214/3002/2460 3038/2996/2454
f 3038/2996/2454 2214/3002/2460 2215/3003/2461 3041/2997/2455
f 3041/2997/2455 2215/3003/2461 2216/3004/2462 3044/3000/2458
f 3044/3000/2458 2216/3004/2462 1959/3005/2463 2202/3006/2464
f 3043/2998/2456 3044/3000/2458 2202/3006/2464 2203/3007/2465
f 3042/2999/2457 3043/2998/2456 2203/3007/2465 2204/3008/2466
f 2211/3009/2467 3042/2999/2457 2204/3008/2466 1960/3010/2468
f 2212/3011/2469 3039/2995/2453 3042/2999/2457 2211/3009/2467
f 2213/3001/2459 3036/2992/2450 3039/2995/2453 2212/3011/2469
f 3045/3012/2470 3046/3013/2471 3049/3014/2472 3048/3015/2473
f 3046/3013/2471 3047/3016/2474 3050/3017/2475 3049/3014/2472
f 3048/3015/2473 3049/3014/2472 3052/3018/2476 3051/3019/2477
f 3049/3014/2472 3050/3017/2475 3053/3020/2478 3052/3018/2476
f 1951/2839/2329 2159/2936/2411 3045/3012/2470 2219/3021/2479
f 2159/2936/2411 2158/2935/2410 3046/3013/2471 3045/3012/2470
f 2158/2935/2410 2157/2934/2409 3047/3016/2474 3046/3013/2471
f 2157/2934/2409 1950/2864/2354 2220/3022/2480 3047/3016/2474
f 3047/3016/2474 2220/3022/2480 2221/3023/2481 3050/3017/2475
f 3050/3017/2475 2221/3023/2481 2222/3024/2482 3053/3020/2478
f 3053/3020/2478 2222/3024/2482 1957/3025/2483 2196/3026/2484
f 3052/3018/2476 3053/3020/2478 2196/3026/2484 2197/3027/2485
f 3051/3019/2477 3052/3018/2476 2197/3027/2485 2198/3028/2486
f 2217/3029/2487 3051/3019/2477 2198/3028/2486 1958/3030/2488
f 2218/3031/2489 3048/3015/2473 3051/3019/2477 2217/3029/2487
f 2219/3021/2479 3045/3012/2470 3048/3015/2473 2218/3031/2489
f 3054/3032/2490 3055/3033/2491 3058/3034/2492 3057/3035/2493
f 3055/3033/2491 3056/3036/2494 3059/3037/2495 3058/3034/2492
f 3057/3035/2493 3058/3034/2492 3061/3038/2496 3060/3039/2497
f 3058/3034/2492 3059/3037/2495 3062/3040/2498 3061/3038/2496
f 1949/2952/2349 2153/2950/2423 3054/3032/2490 2225/3041/2499
f 2153/2950/2423 2152/2949/2422 3055/3033/2491 3054/3032/2490
f 2152/2949/2422 2151/2948/2421 3056/3036/2494 3055/3033/2491
f 2151/2948/2421 1948/2884/2367 2226/3042/2500 3056/3036/2494
f 3056/3036/2494 2226/3042/2500 2227/3043/2501 3059/3037/2495
f 3059/3037/2495 2227/3043/2501 2228/3044/2502 3062/3040/2498
f 3062/3040/2498 2228/3044/2502 1955/3045/2503 2190/3046/2504
f 3061/3038/2496 3062/3040/2498 2190/3046/2504 2191/3047/2505
f 3060/3039/2497 3061/3038/2496 2191/3047/2505 2192/3048/2506
f 2223/3049/2507 3060/3039/2497 2192/3048/2506 1956/3050/2508
f 2224/3051/2509 3057/3035/2493 3060/3039/2497 2223/3049/2507
f 2225/3041/2499 3054/3032/2490 3057/3035/2493 2224/3051/2509
f 3063/3052/2510 3064/3053/2511 3067/3054/2512 3066/3055/2513
f 3064/3053/2511 3065/3056/2514 3068/3057/2515 3067/3054/2512
f 3066/3055/2513 3067/3054/2512 3070/3058/2516 3069/3059/2517
f 3067/3054/2512 3068/3057/2515 3071/3060/2518 3070/3058/2516
f 1954/2905/2381 2168/2969/2435 3063/3052/2510 2208/3061/2445
f 2168/2969/2435 2167/2968/2434 3064/3053/2511 3063/3052/2510
f 2167/2968/2434 2166/2967/2433 3065/3056/2514 3064/3053/2511
f 2166/2967/2433 1953/2966/2398 2213/3062/2459 3065/3056/2514
f 3065/3056/2514 2213/3062/2459 2212/3011/2469 3068/3057/2515
f 3068/3057/2515 2212/3011/2469 2211/3063/2467 3071/3060/2518
f 3071/3060/2518 2211/3063/2467 1960/3010/2468 2205/3064/2519
f 3070/3058/2516 3071/3060/2518 2205/3064/2519 2206/3065/2520
f 3069/3059/2517 3070/3058/2516 2206/3065/2520 2207/3066/2521
f 2210/3067/2449 3069/3059/2517 2207/3066/2521 1961/2988/2447
f 2209/3068/2446 3066/3055/2513 3069/3059/2517 2210/3067/2449
f 2208/3061/2445 3063/3052/2510 3066/3055/2513 2209/3068/2446
f 3072/3069/2522 3073/3070/2523 3076/3071/2524 3075/3072/2525
f 3073/3070/2523 3074/3073/2526 3077/3074/2527 3076/3071/2524
f 3075/3072/2525 3076/3071/2524 3079/3075/2528 3078/3076/2529
f 3076/3071/2524 3077/3074/2527 3080/3077/2530 3079/3075/2528
f 1952/2844/2334 2162/2842/2332 3072/3069/2522 2214/3002/2460
f 2162/2842/2332 2161/2841/2331 3073/3070/2523 3072/3069/2522
f 2161/2841/2331 2160/2840/2330 3074/3073/2526 3073/3070/2523
f 2160/2840/2330 1951/2839/2329 2219/3021/2479 3074/3073/2526
f 3074/3073/2526 2219/3021/2479 2218/3031/2489 3077/3074/2527
f 3077/3074/2527 2218/3031/2489 2217/3029/2487 3080/3077/2530
f 3080/3077/2530 2217/3029/2487 1958/3030/2488 2199/3078/2531
f 3079/3075/2528 3080/3077/2530 2199/3078/2531 2200/3079/2532
f 3078/3076/2529 3079/3075/2528 2200/3079/2532 2201/3080/2533
f 2216/3004/2462 3078/3076/2529 2201/3080/2533 1959/3005/2463
f 2215/3003/2461 3075/3072/2525 3078/3076/2529 2216/3004/2462
f 2214/3002/2460 3072/3069/2522 3075/3072/2525 2215/3003/2461
f 3081/3081/2534 3082/3082/2535 3085/3083/2536 3084/3084/2537
f 3082/3082/2535 3083/3085/2538 3086/3086/2539 3085/3083/2536
f 3084/3084/2537 3085/3083/2536 3088/3087/2540 3087/3088/2541
f 3085/3083/2536 3086/3086/2539 3089/3089/2542 3088/3087/2540
f 1950/2864/2354 2156/2862/2352 3081/3081/2534 2220/3022/2480
f 2156/2862/2352 2155/2861/2351 3082/3082/2535 3081/3081/2534
f 2155/2861/2351 2154/2860/2350 3083/3085/2538 3082/3082/2535
f 2154/2860/2350 1949/2859/2349 2225/3090/2499 3083/3085/2538
f 3083/3085/2538 2225/3090/2499 2224/3091/2509 3086/3086/2539
f 3086/3086/2539 2224/3091/2509 2223/3092/2507 3089/3089/2542
f 3089/3089/2542 2223/3092/2507 1956/3093/2508 2193/3094/2543
f 3088/3087/2540 3089/3089/2542 2193/3094/2543 2194/3095/2544
f 3087/3088/2541 3088/3087/2540 2194/3095/2544 2195/3096/2545
f 2222/3024/2482 3087/3088/2541 2195/3096/2545 1957/3025/2483
f 2221/3023/2481 3084/3084/2537 3087/3088/2541 2222/3024/2482
f 2220/3022/2480 3081/3081/2534 3084/3084/2537 2221/3023/2481
f 3091/3097/2546 3092/3098/2547 3090/3099/2548 3096/3100/2549
f 3093/3101/2550 3094/3102/2551 3090/3099/2548 3092/3103/2547
f 3095/3104/2552 3096/3100/2549 3090/3099/2548 3094/3105/2551
f 1948/2884/2367 2681/3106/2369 3091/3097/2546 2226/3042/2500
f 2681/3106/2369 2680/3107/2366 3092/3098/2547 3091/3097/2546
f 2226/3042/2500 3091/3097/2546 3096/3100/2549 2227/3043/2501
f 1984/3108/1960 2685/3109/2553 3093/3101/2550 2679/3110/2365
f 2685/3109/2553 2686/3111/2554 3094/3102/2551 3093/3101/2550
f 2679/3110/2365 3093/3101/2550 3092/3103/2547 2680/3107/2366
f 1955/3045/2503 2228/3112/2502 3095/3104/2552 2687/3113/2555
f 2228/3112/2502 2227/3043/2501 3096/3100/2549 3095/3104/2552
f 2687/3113/2555 3095/3104/2552 3094/3105/2551 2686/3111/2554
f 3097/3114/2556 3098/3115/2557 3101/3116/2558 3100/3117/2559
f 3098/3115/2557 3099/3118/2560 3102/3119/2561 3101/3116/2558
f 3100/3117/2559 3101/3116/2558 3104/3120/2562 3103/3121/2563
f 3101/3116/2558 3102/3119/2561 3105/3122/2564 3104/3120/2562
f 1958/3030/2488 2198/3028/2486 3097/3114/2556 2249/3123/2565
f 2198/3028/2486 2197/3027/2485 3098/3115/2557 3097/3114/2556
f 2197/3027/2485 2196/3026/2484 3099/3118/2560 3098/3115/2557
f 2196/3026/2484 1957/3025/2483 2250/3124/2566 3099/3118/2560
f 3099/3118/2560 2250/3124/2566 2251/3125/2567 3102/3119/2561
f 3102/3119/2561 2251/3125/2567 2252/3126/2568 3105/3122/2564
f 3105/3122/2564 2252/3126/2568 1964/3127/2569 2235/3128/2570
f 3104/3120/2562 3105/3122/2564 2235/3128/2570 2236/3129/2571
f 3103/3121/2563 3104/3120/2562 2236/3129/2571 2237/3130/2572
f 2247/3131/2573 3103/3121/2563 2237/3130/2572 1965/3132/2574
f 2248/3133/2575 3100/3117/2559 3103/3121/2563 2247/3131/2573
f 2249/3123/2565 3097/3114/2556 3100/3117/2559 2248/3133/2575
f 3106/3134/2576 3107/3135/2577 3110/3136/2578 3109/3137/2579
f 3107/3135/2577 3108/3138/2580 3111/3139/2581 3110/3136/2578
f 3109/3137/2579 3110/3136/2578 3113/3140/2582 3112/3141/2583
f 3110/3136/2578 3111/3139/2581 3114/3142/2584 3113/3140/2582
f 1956/3050/2508 2192/3048/2506 3106/3134/2576 2255/3143/2585
f 2192/3048/2506 2191/3047/2505 3107/3135/2577 3106/3134/2576
f 2191/3047/2505 2190/3046/2504 3108/3138/2580 3107/3135/2577
f 2190/3046/2504 1955/3045/2503 2256/3144/2586 3108/3138/2580
f 3108/3138/2580 2256/3144/2586 2257/3145/2587 3111/3139/2581
f 3111/3139/2581 2257/3145/2587 2258/3146/2588 3114/3142/2584
f 3114/3142/2584 2258/3146/2588 1962/3147/2589 2229/3148/2590
f 3113/3140/2582 3114/3142/2584 2229/3148/2590 2230/3149/2591
f 3112/3141/2583 3113/3140/2582 2230/3149/2591 2231/3150/2592
f 2253/3151/2593 3112/3141/2583 2231/3150/2592 1963/3152/2594
f 2254/3153/2595 3109/3137/2579 3112/3141/2583 2253/3151/2593
f 2255/3143/2585 3106/3134/2576 3109/3137/2579 2254/3153/2595
f 3115/3154/2596 3116/3155/2597 3119/3156/2598 3118/3157/2599
f 3116/3155/2597 3117/3158/2600 3120/3159/2601 3119/3156/2598
f 3118/3157/2599 3119/3156/2598 3122/3160/2602 3121/3161/2603
f 3119/3156/2598 3120/3159/2601 3123/3162/2604 3122/3160/2602
f 1961/2988/2447 2207/3066/2521 3115/3154/2596 2261/3163/2605
f 2207/3066/2521 2206/3065/2520 3116/3155/2597 3115/3154/2596
f 2206/3065/2520 2205/3064/2519 3117/3158/2600 3116/3155/2597
f 2205/3064/2519 1960/3010/2468 2262/3164/2606 3117/3158/2600
f 3117/3158/2600 2262/3164/2606 2263/3165/2607 3120/3159/2601
f 3120/3159/2601 2263/3165/2607 2264/3166/2608 3123/3162/2604
f 3123/3162/2604 2264/3166/2608 1967/3167/2609 2244/3168/2610
f 3122/3160/2602 3123/3162/2604 2244/3168/2610 2245/3169/2611
f 3121/3161/2603 3122/3160/2602 2245/3169/2611 2246/3170/2612
f 2259/3171/2613 3121/3161/2603 2246/3170/2612 1968/3172/2614
f 2260/3173/2615 3118/3157/2599 3121/3161/2603 2259/3171/2613
f 2261/3163/2605 3115/3154/2596 3118/3157/2599 2260/3173/2615
f 3124/3174/2616 3125/3175/2617 3128/3176/2618 3127/3177/2619
f 3125/3175/2617 3126/3178/2620 3129/3179/2621 3128/3176/2618
f 3127/3177/2619 3128/3176/2618 3131/3180/2622 3130/3181/2623
f 3128/3176/2618 3129/3179/2621 3132/3182/2624 3131/3180/2622
f 1959/3005/2463 2201/3080/2533 3124/3174/2616 2267/3183/2625
f 2201/3080/2533 2200/3079/2532 3125/3175/2617 3124/3174/2616
f 2200/3079/2532 2199/3078/2531 3126/3178/2620 3125/3175/2617
f 2199/3078/2531 1958/3030/2488 2249/3123/2565 3126/3178/2620
f 3126/3178/2620 2249/3123/2565 2248/3133/2575 3129/3179/2621
f 3129/3179/2621 2248/3133/2575 2247/3131/2573 3132/3182/2624
f 3132/3182/2624 2247/3131/2573 1965/3132/2574 2238/3184/2626
f 3131/3180/2622 3132/3182/2624 2238/3184/2626 2239/3185/2627
f 3130/3181/2623 3131/3180/2622 2239/3185/2627 2240/3186/2628
f 2265/3187/2629 3130/3181/2623 2240/3186/2628 1966/3188/2630
f 2266/3189/2631 3127/3177/2619 3130/3181/2623 2265/3187/2629
f 2267/3183/2625 3124/3174/2616 3127/3177/2619 2266/3189/2631
f 3133/3190/2632 3134/3191/2633 3137/3192/2634 3136/3193/2635
f 3134/3191/2633 3135/3194/2636 3138/3195/2637 3137/3192/2634
f 3136/3193/2635 3137/3192/2634 3140/3196/2638 3139/3197/2639
f 3137/3192/2634 3138/3195/2637 3141/3198/2640 3140/3196/2638
f 1957/3025/2483 2195/3096/2545 3133/3190/2632 2250/3124/2566
f 2195/3096/2545 2194/3095/2544 3134/3191/2633 3133/3190/2632
f 2194/3095/2544 2193/3094/2543 3135/3194/2636 3134/3191/2633
f 2193/3094/2543 1956/3093/2508 2255/3199/2585 3135/3194/2636
f 3135/3194/2636 2255/3199/2585 2254/3200/2595 3138/3195/2637
f 3138/3195/2637 2254/3200/2595 2253/3201/2593 3141/3198/2640
f 3141/3198/2640 2253/3201/2593 1963/3152/2594 2232/3202/2641
f 3140/3196/2638 3141/3198/2640 2232/3202/2641 2233/3203/2642
f 3139/3197/2639 3140/3196/2638 2233/3203/2642 2234/3204/2643
f 2252/3126/2568 3139/3197/2639 2234/3204/2643 1964/3127/2569
f 2251/3125/2567 3136/3193/2635 3139/3197/2639 2252/3126/2568
f 2250/3124/2566 3133/3190/2632 3136/3193/2635 2251/3125/2567
f 3143/3205/2644 3144/3206/2645 3142/3207/2646 3148/3208/2647
f 3145/3209/2648 3146/3210/2649 3142/3207/2646 3144/3211/2645
f 3147/3212/2650 3148/3208/2647 3142/3207/2646 3146/3213/2649
f 1955/3045/2503 2687/3214/2555 3143/3205/2644 2256/3144/2586
f 2687/3214/2555 2686/3215/2554 3144/3206/2645 3143/3205/2644
f 2256/3144/2586 3143/3205/2644 3148/3208/2647 2257/3145/2587
f 1984/3216/1960 2691/3217/2651 3145/3209/2648 2685/3218/2553
f 2691/3217/2651 2692/3219/2652 3146/3210/2649 3145/3209/2648
f 2685/3218/2553 3145/3209/2648 3144/3211/2645 2686/3220/2554
f 1962/3147/2589 2258/3221/2588 3147/3212/2650 2693/3222/2653
f 2258/3221/2588 2257/3223/2587 3148/3208/2647 3147/3212/2650
f 2693/3222/2653 3147/3212/2650 3146/3213/2649 2692/3219/2652
f 3150/3224/2654 3151/3225/2655 3149/3226/2656 3155/3227/2657
f 3152/3228/2658 3153/3229/2659 3149/3226/2656 3151/3230/2655
f 3154/3231/2660 3155/3227/2657 3149/3226/2656 3153/3232/2659
f 1983/3233/1974 2690/3234/2443 3150/3224/2654 2696/3235/2661
f 2690/3234/2443 2689/3236/2444 3151/3225/2655 3150/3224/2654
f 2696/3235/2661 3150/3224/2654 3155/3227/2657 2695/3237/2662
f 1961/2988/2447 2261/3238/2605 3152/3228/2658 2688/3239/2448
f 2261/3238/2605 2260/3173/2615 3153/3229/2659 3152/3228/2658
f 2688/3239/2448 3152/3228/2658 3151/3230/2655 2689/3240/2444
f 1968/3172/2614 2694/3241/2663 3154/3231/2660 2259/3242/2613
f 2694/3241/2663 2695/3237/2662 3155/3227/2657 3154/3231/2660
f 2259/3242/2613 3154/3231/2660 3153/3232/2659 2260/3243/2615
f 3156/3244/2664 3157/3245/2665 3160/3246/2666 3159/3247/2667
f 3157/3245/2665 3158/3248/2668 3161/3249/2669 3160/3246/2666
f 3159/3247/2667 3160/3246/2666 3163/3250/2670 3162/3251/2671
f 3160/3246/2666 3161/3249/2669 3164/3252/2672 3163/3250/2670
f 1960/3010/2468 2204/3008/2466 3156/3244/2664 2262/3253/2606
f 2204/3008/2466 2203/3007/2465 3157/3245/2665 3156/3244/2664
f 2203/3007/2465 2202/3006/2464 3158/3248/2668 3157/3245/2665
f 2202/3006/2464 1959/3005/2463 2267/3183/2625 3158/3248/2668
f 3158/3248/2668 2267/3183/2625 2266/3189/2631 3161/3249/2669
f 3161/3249/2669 2266/3189/2631 2265/3187/2629 3164/3252/2672
f 3164/3252/2672 2265/3187/2629 1966/3188/2630 2241/3254/2673
f 3163/3250/2670 3164/3252/2672 2241/3254/2673 2242/3255/2674
f 3162/3251/2671 3163/3250/2670 2242/3255/2674 2243/3256/2675
f 2264/3257/2608 3162/3251/2671 2243/3256/2675 1967/3167/2609
f 2263/3258/2607 3159/3247/2667 3162/3251/2671 2264/3257/2608
f 2262/3253/2606 3156/3244/2664 3159/3247/2667 2263/3258/2607
f 3165/3259/2676 3166/3260/2677 3169/3261/2678 3168/3262/2679
f 3166/3260/2677 3167/3263/2680 3170/3264/2681 3169/3261/2678
f 3168/3262/2679 3169/3261/2678 3172/3265/2682 3171/3266/2683
f 3169/3261/2678 3170/3264/2681 3173/3267/2684 3172/3265/2682
f 1968/3172/2614 2246/3170/2612 3165/3259/2676 2288/3268/2685
f 2246/3170/2612 2245/3169/2611 3166/3260/2677 3165/3259/2676
f 2245/3169/2611 2244/3168/2610 3167/3263/2680 3166/3260/2677
f 2244/3168/2610 1967/3167/2609 2289/3269/2686 3167/3263/2680
f 3167/3263/2680 2289/3269/2686 2290/3270/2687 3170/3264/2681
f 3170/3264/2681 2290/3270/2687 2291/3271/2688 3173/3267/2684
f 3173/3267/2684 2291/3271/2688 1974/3272/2689 2283/3273/2690
f 3172/3265/2682 3173/3267/2684 2283/3273/2690 2284/3274/2691
f 3171/3266/2683 3172/3265/2682 2284/3274/2691 2285/3275/2692
f 2286/3276/2693 3171/3266/2683 2285/3275/2692 1975/3277/2694
f 2287/3278/2695 3168/3262/2679 3171/3266/2683 2286/3276/2693
f 2288/3268/2685 3165/3259/2676 3168/3262/2679 2287/3278/2695
f 3174/3279/2696 3175/3280/2697 3178/3281/2698 3177/3282/2699
f 3175/3280/2697 3176/3283/2700 3179/3284/2701 3178/3281/2698
f 3177/3282/2699 3178/3281/2698 3181/3285/2702 3180/3286/2703
f 3178/3281/2698 3179/3284/2701 3182/3287/2704 3181/3285/2702
f 1966/3188/2630 2240/3186/2628 3174/3279/2696 2294/3288/2705
f 2240/3186/2628 2239/3185/2627 3175/3280/2697 3174/3279/2696
f 2239/3185/2627 2238/3184/2626 3176/3283/2700 3175/3280/2697
f 2238/3184/2626 1965/3132/2574 2295/3289/2706 3176/3283/2700
f 3176/3283/2700 2295/3289/2706 2296/3290/2707 3179/3284/2701
f 3179/3284/2701 2296/3290/2707 2297/3291/2708 3182/3287/2704
f 3182/3287/2704 2297/3291/2708 1972/3292/2709 2277/3293/2710
f 3181/3285/2702 3182/3287/2704 2277/3293/2710 2278/3294/2711
f 3180/3286/2703 3181/3285/2702 2278/3294/2711 2279/3295/2712
f 2292/3296/2713 3180/3286/2703 2279/3295/2712 1973/3297/2714
f 2293/3298/2715 3177/3282/2699 3180/3286/2703 2292/3296/2713
f 2294/3288/2705 3174/3279/2696 3177/3282/2699 2293/3298/2715
f 3183/3299/2716 3184/3300/2717 3187/3301/2718 3186/3302/2719
f 3184/3300/2717 3185/3303/2720 3188/3304/2721 3187/3301/2718
f 3186/3302/2719 3187/3301/2718 3190/3305/2722 3189/3306/2723
f 3187/3301/2718 3188/3304/2721 3191/3307/2724 3190/3305/2722
f 1964/3127/2569 2234/3204/2643 3183/3299/2716 2300/3308/2725
f 2234/3204/2643 2233/3203/2642 3184/3300/2717 3183/3299/2716
f 2233/3203/2642 2232/3202/2641 3185/3303/2720 3184/3300/2717
f 2232/3202/2641 1963/3152/2594 2301/3309/2726 3185/3303/2720
f 3185/3303/2720 2301/3309/2726 2302/3310/2727 3188/3304/2721
f 3188/3304/2721 2302/3310/2727 2303/3311/2728 3191/3307/2724
f 3191/3307/2724 2303/3311/2728 1970/3312/2729 2271/3313/2730
f 3190/3305/2722 3191/3307/2724 2271/3313/2730 2272/3314/2731
f 3189/3306/2723 3190/3305/2722 2272/3314/2731 2273/3315/2732
f 2298/3316/2733 3189/3306/2723 2273/3315/2732 1971/3317/2734
f 2299/3318/2735 3186/3302/2719 3189/3306/2723 2298/3316/2733
f 2300/3308/2725 3183/3299/2716 3186/3302/2719 2299/3318/2735
f 3193/3319/2736 3194/3320/2737 3192/3321/2738 3198/3322/2739
f 3195/3323/2740 3196/3324/2741 3192/3321/2738 3194/3325/2737
f 3197/3326/2742 3198/3322/2739 3192/3321/2738 3196/3327/2741
f 1962/3147/2589 2693/3328/2653 3193/3319/2736 2306/3329/2743
f 2693/3328/2653 2692/3330/2652 3194/3320/2737 3193/3319/2736
f 2306/3329/2743 3193/3319/2736 3198/3322/2739 2305/3331/2744
f 1984/3332/1960 2697/3333/2745 3195/3323/2740 2691/3334/2651
f 2697/3333/2745 2698/3335/2746 3196/3324/2741 3195/3323/2740
f 2691/3334/2651 3195/3323/2740 3194/3325/2737 2692/3336/2652
f 1969/3337/2747 2304/3338/2748 3197/3326/2742 2699/3339/2749
f 2304/3338/2748 2305/3340/2744 3198/3322/2739 3197/3326/2742
f 2699/3339/2749 3197/3326/2742 3196/3327/2741 2698/3341/2746
f 3200/3342/2750 3201/3343/2751 3199/3344/2752 3205/3345/2753
f 3202/3346/2754 3203/3347/2755 3199/3344/2752 3201/3348/2751
f 3204/3349/2756 3205/3350/2753 3199/3344/2752 3203/3351/2755
f 1983/3352/1974 2696/3353/2661 3200/3342/2750 2702/3354/2757
f 2696/3353/2661 2695/3355/2662 3201/3343/2751 3200/3342/2750
f 2702/3354/2757 3200/3342/2750 3205/3345/2753 2701/3356/2758
f 1968/3172/2614 2288/3357/2685 3202/3346/2754 2694/3358/2663
f 2288/3357/2685 2287/3359/2695 3203/3347/2755 3202/3346/2754
f 2694/3358/2663 3202/3346/2754 3201/3348/2751 2695/3360/2662
f 1975/3277/2694 2700/3361/2759 3204/3349/2756 2286/3362/2693
f 2700/3361/2759 2701/3363/2758 3205/3350/2753 3204/3349/2756
f 2286/3362/2693 3204/3349/2756 3203/3351/2755 2287/3364/2695
f 3206/3365/2760 3207/3366/2761 3210/3367/2762 3209/3368/2763
f 3207/3366/2761 3208/3369/2764 3211/3370/2765 3210/3367/2762
f 3209/3368/2763 3210/3367/2762 3213/3371/2766 3212/3372/2767
f 3210/3367/2762 3211/3370/2765 3214/3373/2768 3213/3371/2766
f 1967/3167/2609 2243/3256/2675 3206/3365/2760 2289/3374/2686
f 2243/3256/2675 2242/3255/2674 3207/3366/2761 3206/3365/2760
f 2242/3255/2674 2241/3254/2673 3208/3369/2764 3207/3366/2761
f 2241/3254/2673 1966/3188/2630 2294/3288/2705 3208/3369/2764
f 3208/3369/2764 2294/3288/2705 2293/3298/2715 3211/3370/2765
f 3211/3370/2765 2293/3298/2715 2292/3296/2713 3214/3373/2768
f 3214/3373/2768 2292/3296/2713 1973/3297/2714 2280/3375/2769
f 3213/3371/2766 3214/3373/2768 2280/3375/2769 2281/3376/2770
f 3212/3372/2767 3213/3371/2766 2281/3376/2770 2282/3377/2771
f 2291/3378/2688 3212/3372/2767 2282/3377/2771 1974/3272/2689
f 2290/3270/2687 3209/3368/2763 3212/3372/2767 2291/3378/2688
f 2289/3374/2686 3206/3365/2760 3209/3368/2763 2290/3270/2687
f 3215/3379/2772 3216/3380/2773 3219/3381/2774 3218/3382/2775
f 3216/3380/2773 3217/3383/2776 3220/3384/2777 3219/3381/2774
f 3218/3382/2775 3219/3381/2774 3222/3385/2778 3221/3386/2779
f 3219/3381/2774 3220/3384/2777 3223/3387/2780 3222/3385/2778
f 1965/3132/2574 2237/3130/2572 3215/3379/2772 2295/3289/2706
f 2237/3130/2572 2236/3129/2571 3216/3380/2773 3215/3379/2772
f 2236/3129/2571 2235/3128/2570 3217/3383/2776 3216/3380/2773
f 2235/3128/2570 1964/3127/2569 2300/3308/2725 3217/3383/2776
f 3217/3383/2776 2300/3308/2725 2299/3318/2735 3220/3384/2777
f 3220/3384/2777 2299/3318/2735 2298/3316/2733 3223/3387/2780
f 3223/3387/2780 2298/3316/2733 1971/3317/2734 2274/3388/2781
f 3222/3385/2778 3223/3387/2780 2274/3388/2781 2275/3389/2782
f 3221/3386/2779 3222/3385/2778 2275/3389/2782 2276/3390/2783
f 2297/3291/2708 3221/3386/2779 2276/3390/2783 1972/3292/2709
f 2296/3290/2707 3218/3382/2775 3221/3386/2779 2297/3291/2708
f 2295/3289/2706 3215/3379/2772 3218/3382/2775 2296/3290/2707
f 3224/3391/2784 3225/3392/2785 3228/3393/2786 3227/3394/2787
f 3225/3392/2785 3226/3395/2788 3229/3396/2789 3228/3393/2786
f 3227/3394/2787 3228/3393/2786 3231/3397/2790 3230/3398/2791
f 3228/3393/2786 3229/3396/2789 3232/3399/2792 3231/3397/2790
f 1963/3152/2594 2231/3150/2592 3224/3391/2784 2301/3400/2726
f 2231/3150/2592 2230/3149/2591 3225/3392/2785 3224/3391/2784
f 2230/3149/2591 2229/3148/2590 3226/3395/2788 3225/3392/2785
f 2229/3148/2590 1962/3147/2589 2306/3329/2743 3226/3395/2788
f 3226/3395/2788 2306/3329/2743 2305/3331/2744 3229/3396/2789
f 3229/3396/2789 2305/3331/2744 2304/3401/2748 3232/3399/2792
f 3232/3399/2792 2304/3401/2748 1969/3337/2747 2268/3402/2793
f 3231/3397/2790 3232/3399/2792 2268/3402/2793 2269/3403/2794
f 3230/3398/2791 3231/3397/2790 2269/3403/2794 2270/3404/2795
f 2303/3405/2728 3230/3398/2791 2270/3404/2795 1970/3312/2729
f 2302/3310/2727 3227/3394/2787 3230/3398/2791 2303/3405/2728
f 2301/3400/2726 3224/3391/2784 3227/3394/2787 2302/3310/2727
f 3233/3406/2796 3234/3407/2797 3237/3408/2798 3236/3409/2799
f 3234/3407/2797 3235/3410/2800 3238/3411/2801 3237/3408/2798
f 3236/3409/2799 3237/3408/2798 3240/3412/2802 3239/3413/2803
f 3237/3408/2798 3238/3411/2801 3241/3414/2804 3240/3412/2802
f 1971/3317/2734 2273/3315/2732 3233/3406/2796 2330/3415/2805
f 2273/3315/2732 2272/3314/2731 3234/3407/2797 3233/3406/2796
f 2272/3314/2731 2271/3313/2730 3235/3410/2800 3234/3407/2797
f 2271/3313/2730 1970/3312/2729 2331/3416/2806 3235/3410/2800
f 3235/3410/2800 2331/3416/2806 2332/3417/2807 3238/3411/2801
f 3238/3411/2801 2332/3417/2807 2333/3418/2808 3241/3414/2804
f 3241/3414/2804 2333/3418/2808 1977/3419/2809 2310/3420/2810
f 3240/3412/2802 3241/3414/2804 2310/3420/2810 2311/3421/2811
f 3239/3413/2803 3240/3412/2802 2311/3421/2811 2312/3422/2812
f 2328/3423/2813 3239/3413/2803 2312/3422/2812 1978/3424/2814
f 2329/3425/2815 3236/3409/2799 3239/3413/2803 2328/3423/2813
f 2330/3415/2805 3233/3406/2796 3236/3409/2799 2329/3425/2815
f 3243/3426/2816 3244/3427/2817 3242/3428/2818 3248/3429/2819
f 3245/3430/2820 3246/3431/2821 3242/3428/2818 3244/3432/2817
f 3247/3433/2822 3248/3429/2819 3242/3428/2818 3246/3434/2821
f 1969/3337/2747 2699/3435/2749 3243/3426/2816 2336/3436/2823
f 2699/3435/2749 2698/3437/2746 3244/3427/2817 3243/3426/2816
f 2336/3436/2823 3243/3426/2816 3248/3429/2819 2335/3438/2824
f 1984/3439/1960 2703/3440/2825 3245/3430/2820 2697/3441/2745
f 2703/3440/2825 2704/3442/2826 3246/3431/2821 3245/3430/2820
f 2697/3441/2745 3245/3430/2820 3244/3432/2817 2698/3443/2746
f 1976/3444/2827 2334/3445/2828 3247/3433/2822 2705/3446/2829
f 2334/3445/2828 2335/3447/2824 3248/3429/2819 3247/3433/2822
f 2705/3446/2829 3247/3433/2822 3246/3434/2821 2704/3442/2826
f 3250/3448/2830 3251/3449/2831 3249/3450/2832 3255/3451/2833
f 3252/3452/2834 3253/3453/2835 3249/3450/2832 3251/3454/2831
f 3254/3455/2836 3255/3456/2833 3249/3450/2832 3253/3457/2835
f 1983/3458/1974 2702/3459/2757 3250/3448/2830 2327/3460/2837
f 2702/3459/2757 2701/3461/2758 3251/3449/2831 3250/3448/2830
f 2327/3460/2837 3250/3448/2830 3255/3451/2833 2326/3462/2838
f 1975/3277/2694 2337/3463/2839 3252/3452/2834 2700/3464/2759
f 2337/3463/2839 2338/3465/2840 3253/3453/2835 3252/3452/2834
f 2700/3464/2759 3252/3452/2834 3251/3454/2831 2701/3466/2758
f 1982/3467/2841 2325/3468/2842 3254/3455/2836 2339/3469/2843
f 2325/3468/2842 2326/3462/2838 3255/3456/2833 3254/3455/2836
f 2339/3469/2843 3254/3455/2836 3253/3457/2835 2338/3470/2840
f 3256/3471/2844 3257/3472/2845 3260/3473/2846 3259/3474/2847
f 3257/3472/2845 3258/3475/2848 3261/3476/2849 3260/3473/2846
f 3259/3474/2847 3260/3473/2846 3263/3477/2850 3262/3478/2851
f 3260/3473/2846 3261/3476/2849 3264/3479/2852 3263/3477/2850
f 1974/3272/2689 2282/3377/2771 3256/3471/2844 2342/3480/2853
f 2282/3377/2771 2281/3376/2770 3257/3472/2845 3256/3471/2844
f 2281/3376/2770 2280/3375/2769 3258/3475/2848 3257/3472/2845
f 2280/3375/2769 1973/3297/2714 2343/3481/2854 3258/3475/2848
f 3258/3475/2848 2343/3481/2854 2344/3482/2855 3261/3476/2849
f 3261/3476/2849 2344/3482/2855 2345/3483/2856 3264/3479/2852
f 3264/3479/2852 2345/3483/2856 1980/3484/2857 2319/3485/2858
f 3263/3477/2850 3264/3479/2852 2319/3485/2858 2320/3486/2859
f 3262/3478/2851 3263/3477/2850 2320/3486/2859 2321/3487/2860
f 2340/3488/2861 3262/3478/2851 2321/3487/2860 1981/3489/2862
f 2341/3490/2863 3259/3474/2847 3262/3478/2851 2340/3488/2861
f 2342/3480/2853 3256/3471/2844 3259/3474/2847 2341/3490/2863
f 3265/3491/2864 3266/3492/2865 3269/3493/2866 3268/3494/2867
f 3266/3492/2865 3267/3495/2868 3270/3496/2869 3269/3493/2866
f 3268/3494/2867 3269/3493/2866 3272/3497/2870 3271/3498/2871
f 3269/3493/2866 3270/3496/2869 3273/3499/2872 3272/3497/2870
f 1972/3292/2709 2276/3390/2783 3265/3491/2864 2348/3500/2873
f 2276/3390/2783 2275/3389/2782 3266/3492/2865 3265/3491/2864
f 2275/3389/2782 2274/3388/2781 3267/3495/2868 3266/3492/2865
f 2274/3388/2781 1971/3317/2734 2330/3415/2805 3267/3495/2868
f 3267/3495/2868 2330/3415/2805 2329/3425/2815 3270/3496/2869
f 3270/3496/2869 2329/3425/2815 2328/3423/2813 3273/3499/2872
f 3273/3499/2872 2328/3423/2813 1978/3424/2814 2313/3501/2874
f 3272/3497/2870 3273/3499/2872 2313/3501/2874 2314/3502/2875
f 3271/3498/2871 3272/3497/2870 2314/3502/2875 2315/3503/2876
f 2346/3504/2877 3271/3498/2871 2315/3503/2876 1979/3505/2878
f 2347/3506/2879 3268/3494/2867 3271/3498/2871 2346/3504/2877
f 2348/3500/2873 3265/3491/2864 3268/3494/2867 2347/3506/2879
f 3274/3507/2880 3275/3508/2881 3278/3509/2882 3277/3510/2883
f 3275/3508/2881 3276/3511/2884 3279/3512/2885 3278/3509/2882
f 3277/3510/2883 3278/3509/2882 3281/3513/2886 3280/3514/2887
f 3278/3509/2882 3279/3512/2885 3282/3515/2888 3281/3513/2886
f 1970/3312/2729 2270/3404/2795 3274/3507/2880 2331/3516/2806
f 2270/3404/2795 2269/3403/2794 3275/3508/2881 3274/3507/2880
f 2269/3403/2794 2268/3402/2793 3276/3511/2884 3275/3508/2881
f 2268/3402/2793 1969/3337/2747 2336/3436/2823 3276/3511/2884
f 3276/3511/2884 2336/3436/2823 2335/3438/2824 3279/3512/2885
f 3279/3512/2885 2335/3438/2824 2334/3517/2828 3282/3515/2888
f 3282/3515/2888 2334/3517/2828 1976/3444/2827 2307/3518/2889
f 3281/3513/2886 3282/3515/2888 2307/3518/2889 2308/3519/2890
f 3280/3514/2887 3281/3513/2886 2308/3519/2890 2309/3520/2891
f 2333/3521/2808 3280/3514/2887 2309/3520/2891 1977/3522/2809
f 2332/3523/2807 3277/3510/2883 3280/3514/2887 2333/3521/2808
f 2331/3516/2806 3274/3507/2880 3277/3510/2883 2332/3523/2807
f 3283/3524/2892 3284/3525/2893 3287/3526/2894 3286/3527/2895
f 3284/3525/2893 3285/3528/2896 3288/3529/2897 3287/3526/2894
f 3286/3527/2895 3287/3526/2894 3290/3530/2898 3289/3531/2899
f 3287/3526/2894 3288/3529/2897 3291/3532/2900 3290/3530/2898
f 1975/3277/2694 2285/3275/2692 3283/3524/2892 2337/3463/2839
f 2285/3275/2692 2284/3274/2691 3284/3525/2893 3283/3524/2892
f 2284/3274/2691 2283/3273/2690 3285/3528/2896 3284/3525/2893
f 2283/3273/2690 1974/3272/2689 2342/3533/2853 3285/3528/2896
f 3285/3528/2896 2342/3533/2853 2341/3490/2863 3288/3529/2897
f 3288/3529/2897 2341/3490/2863 2340/3488/2861 3291/3532/2900
f 3291/3532/2900 2340/3488/2861 1981/3534/2862 2322/3535/2901
f 3290/3530/2898 3291/3532/2900 2322/3535/2901 2323/3536/2902
f 3289/3531/2899 3290/3530/2898 2323/3536/2902 2324/3537/2903
f 2339/3538/2843 3289/3531/2899 2324/3537/2903 1982/3467/2841
f 2338/3465/2840 3286/3527/2895 3289/3531/2899 2339/3538/2843
f 2337/3463/2839 3283/3524/2892 3286/3527/2895 2338/3465/2840
f 3292/3539/2904 3293/3540/2905 3296/3541/2906 3295/3542/2907
f 3293/3540/2905 3294/3543/2908 3297/3544/2909 3296/3541/2906
f 3295/3542/2907 3296/3541/2906 3299/3545/2910 3298/3546/2911
f 3296/3541/2906 3297/3544/2909 3300/3547/2912 3299/3545/2910
f 1973/3297/2714 2279/3295/2712 3292/3539/2904 2343/3481/2854
f 2279/3295/2712 2278/3294/2711 3293/3540/2905 3292/3539/2904
f 2278/3294/2711 2277/3293/2710 3294/3543/2908 3293/3540/2905
f 2277/3293/2710 1972/3292/2709 2348/3500/2873 3294/3543/2908
f 3294/3543/2908 2348/3500/2873 2347/3506/2879 3297/3544/2909
f 3297/3544/2909 2347/3506/2879 2346/3504/2877 3300/3547/2912
f 3300/3547/2912 2346/3504/2877 1979/3505/2878 2316/3548/2913
f 3299/3545/2910 3300/3547/2912 2316/3548/2913 2317/3549/2914
f 3298/3546/2911 3299/3545/2910 2317/3549/2914 2318/3550/2915
f 2345/3483/2856 3298/3546/2911 2318/3550/2915 1980/3484/2857
f 2344/3482/2855 3295/3542/2907 3298/3546/2911 2345/3483/2856
f 2343/3481/2854 3292/3539/2904 3295/3542/2907 2344/3482/2855
f 3302/3551/2916 3303/3552/2917 3301/3553/2918 3307/3554/2919
f 3304/3555/2920 3305/3556/2921 3301/3553/2918 3303/3557/2917
f 3306/3558/2922 3307/3559/2919 3301/3553/2918 3305/3560/2921
f 1983/3561/1974 2327/3562/2837 3302/3551/2916 2708/3563/2923
f 2327/3562/2837 2326/3564/2838 3303/3552/2917 3302/3551/2916
f 2708/3563/2923 3302/3551/2916 3307/3554/2919 2707/3565/2924
f 1982/3467/2841 2370/3566/2925 3304/3555/2920 2325/3567/2842
f 2370/3566/2925 2371/3568/2926 3305/3556/2921 3304/3555/2920
f 2325/3567/2842 3304/3555/2920 3303/3557/2917 2326/3564/2838
f 1991/3569/2927 2706/3570/2928 3306/3558/2922 2372/3571/2929
f 2706/3570/2928 2707/3572/2924 3307/3559/2919 3306/3558/2922
f 2372/3571/2929 3306/3558/2922 3305/3560/2921 2371/3573/2926
f 3308/3574/2930 3309/3575/2931 3312/3576/2932 3311/3577/2933
f 3309/3575/2931 3310/3578/2934 3313/3579/2935 3312/3576/2932
f 3311/3577/2933 3312/3576/2932 3315/3580/2936 3314/3581/2937
f 3312/3576/2932 3313/3579/2935 3316/3582/2938 3315/3580/2936
f 1981/3489/2862 2321/3487/2860 3308/3574/2930 2375/3583/2939
f 2321/3487/2860 2320/3486/2859 3309/3575/2931 3308/3574/2930
f 2320/3486/2859 2319/3485/2858 3310/3578/2934 3309/3575/2931
f 2319/3485/2858 1980/3484/2857 2376/3584/2940 3310/3578/2934
f 3310/3578/2934 2376/3584/2940 2377/3585/2941 3313/3579/2935
f 3313/3579/2935 2377/3585/2941 2378/3586/2942 3316/3582/2938
f 3316/3582/2938 2378/3586/2942 1989/3587/2943 2364/3588/2944
f 3315/3580/2936 3316/3582/2938 2364/3588/2944 2365/3589/2945
f 3314/3581/2937 3315/3580/2936 2365/3589/2945 2366/3590/2946
f 2373/3591/2947 3314/3581/2937 2366/3590/2946 1990/3592/2948
f 2374/3593/2949 3311/3577/2933 3314/3581/2937 2373/3591/2947
f 2375/3583/2939 3308/3574/2930 3311/3577/2933 2374/3593/2949
f 3317/3594/2950 3318/3595/2951 3321/3596/2952 3320/3597/2953
f 3318/3595/2951 3319/3598/2954 3322/3599/2955 3321/3596/2952
f 3320/3597/2953 3321/3596/2952 3324/3600/2956 3323/3601/2957
f 3321/3596/2952 3322/3599/2955 3325/3602/2958 3324/3600/2956
f 1979/3505/2878 2315/3503/2876 3317/3594/2950 2381/3603/2959
f 2315/3503/2876 2314/3502/2875 3318/3595/2951 3317/3594/2950
f 2314/3502/2875 2313/3501/2874 3319/3598/2954 3318/3595/2951
f 2313/3501/2874 1978/3424/2814 2382/3604/2960 3319/3598/2954
f 3319/3598/2954 2382/3604/2960 2383/3605/2961 3322/3599/2955
f 3322/3599/2955 2383/3605/2961 2384/3606/2962 3325/3602/2958
f 3325/3602/2958 2384/3606/2962 1987/3607/2963 2358/3608/2964
f 3324/3600/2956 3325/3602/2958 2358/3608/2964 2359/3609/2965
f 3323/3601/2957 3324/3600/2956 2359/3609/2965 2360/3610/2966
f 2379/3611/2967 3323/3601/2957 2360/3610/2966 1988/3612/2968
f 2380/3613/2969 3320/3597/2953 3323/3601/2957 2379/3611/2967
f 2381/3603/2959 3317/3594/2950 3320/3597/2953 2380/3613/2969
f 3326/3614/2970 3327/3615/2971 3330/3616/2972 3329/3617/2973
f 3327/3615/2971 3328/3618/2974 3331/3619/2975 3330/3616/2972
f 3329/3617/2973 3330/3616/2972 3333/3620/2976 3332/3621/2977
f 3330/3616/2972 3331/3619/2975 3334/3622/2978 3333/3620/2976
f 1977/3522/2809 2309/3520/2891 3326/3614/2970 2387/3623/2979
f 2309/3520/2891 2308/3519/2890 3327/3615/2971 3326/3614/2970
f 2308/3519/2890 2307/3518/2889 3328/3618/2974 3327/3615/2971
f 2307/3518/2889 1976/3444/2827 2388/3624/2980 3328/3618/2974
f 3328/3618/2974 2388/3624/2980 2389/3625/2981 3331/3619/2975
f 3331/3619/2975 2389/3625/2981 2390/3626/2982 3334/3622/2978
f 3334/3622/2978 2390/3626/2982 1985/3627/2983 2352/3628/2984
f 3333/3620/2976 3334/3622/2978 2352/3628/2984 2353/3629/2985
f 3332/3621/2977 3333/3620/2976 2353/3629/2985 2354/3630/2986
f 2385/3631/2987 3332/3621/2977 2354/3630/2986 1986/3632/2988
f 2386/3633/2989 3329/3617/2973 3332/3621/2977 2385/3631/2987
f 2387/3623/2979 3326/3614/2970 3329/3617/2973 2386/3633/2989
f 3335/3634/2990 3336/3635/2991 3339/3636/2992 3338/3637/2993
f 3336/3635/2991 3337/3638/2994 3340/3639/2995 3339/3636/2992
f 3338/3637/2993 3339/3636/2992 3342/3640/2996 3341/3641/2997
f 3339/3636/2992 3340/3639/2995 3343/3642/2998 3342/3640/2996
f 1982/3467/2841 2324/3537/2903 3335/3634/2990 2370/3643/2925
f 2324/3537/2903 2323/3536/2902 3336/3635/2991 3335/3634/2990
f 2323/3536/2902 2322/3535/2901 3337/3638/2994 3336/3635/2991
f 2322/3535/2901 1981/3534/2862 2375/3644/2939 3337/3638/2994
f 3337/3638/2994 2375/3644/2939 2374/3593/2949 3340/3639/2995
f 3340/3639/2995 2374/3593/2949 2373/3591/2947 3343/3642/2998
f 3343/3642/2998 2373/3591/2947 1990/3592/2948 2367/3645/2999
f 3342/3640/2996 3343/3642/2998 2367/3645/2999 2368/3646/3000
f 3341/3641/2997 3342/3640/2996 2368/3646/3000 2369/3647/3001
f 2372/3648/2929 3341/3641/2997 2369/3647/3001 1991/3569/2927
f 2371/3649/2926 3338/3637/2993 3341/3641/2997 2372/3648/2929
f 2370/3643/2925 3335/3634/2990 3338/3637/2993 2371/3649/2926
f 3344/3650/3002 3345/3651/3003 3348/3652/3004 3347/3653/3005
f 3345/3651/3003 3346/3654/3006 3349/3655/3007 3348/3652/3004
f 3347/3653/3005 3348/3652/3004 3351/3656/3008 3350/3657/3009
f 3348/3652/3004 3349/3655/3007 3352/3658/3010 3351/3656/3008
f 1980/3484/2857 2318/3550/2915 3344/3650/3002 2376/3584/2940
f 2318/3550/2915 2317/3549/2914 3345/3651/3003 3344/3650/3002
f 2317/3549/2914 2316/3548/2913 3346/3654/3006 3345/3651/3003
f 2316/3548/2913 1979/3505/2878 2381/3603/2959 3346/3654/3006
f 3346/3654/3006 2381/3603/2959 2380/3613/2969 3349/3655/3007
f 3349/3655/3007 2380/3613/2969 2379/3611/2967 3352/3658/3010
f 3352/3658/3010 2379/3611/2967 1988/3612/2968 2361/3659/3011
f 3351/3656/3008 3352/3658/3010 2361/3659/3011 2362/3660/3012
f 3350/3657/3009 3351/3656/3008 2362/3660/3012 2363/3661/3013
f 2378/3586/2942 3350/3657/3009 2363/3661/3013 1989/3587/2943
f 2377/3585/2941 3347/3653/3005 3350/3657/3009 2378/3586/2942
f 2376/3584/2940 3344/3650/3002 3347/3653/3005 2377/3585/2941
f 3353/3662/3014 3354/3663/3015 3357/3664/3016 3356/3665/3017
f 3354/3663/3015 3355/3666/3018 3358/3667/3019 3357/3664/3016
f 3356/3665/3017 3357/3664/3016 3360/3668/3020 3359/3669/3021
f 3357/3664/3016 3358/3667/3019 3361/3670/3022 3360/3668/3020
f 1978/3424/2814 2312/3422/2812 3353/3662/3014 2382/3604/2960
f 2312/3422/2812 2311/3421/2811 3354/3663/3015 3353/3662/3014
f 2311/3421/2811 2310/3420/2810 3355/3666/3018 3354/3663/3015
f 2310/3420/2810 1977/3419/2809 2387/3671/2979 3355/3666/3018
f 3355/3666/3018 2387/3671/2979 2386/3672/2989 3358/3667/3019
f 3358/3667/3019 2386/3672/2989 2385/3673/2987 3361/3670/3022
f 3361/3670/3022 2385/3673/2987 1986/3632/2988 2355/3674/3023
f 3360/3668/3020 3361/3670/3022 2355/3674/3023 2356/3675/3024
f 3359/3669/3021 3360/3668/3020 2356/3675/3024 2357/3676/3025
f 2384/3606/2962 3359/3669/3021 2357/3676/3025 1987/3607/2963
f 2383/3605/2961 3356/3665/3017 3359/3669/3021 2384/3606/2962
f 2382/3604/2960 3353/3662/3014 3356/3665/3017 2383/3605/2961
f 3363/3677/3026 3364/3678/3027 3362/3679/3028 3368/3680/3029
f 3365/3681/3030 3366/3682/3031 3362/3679/3028 3364/3683/3027
f 3367/3684/3032 3368/3680/3029 3362/3679/3028 3366/3685/3031
f 1976/3444/2827 2705/3686/2829 3363/3677/3026 2388/3624/2980
f 2705/3686/2829 2704/3687/2826 3364/3678/3027 3363/3677/3026
f 2388/3624/2980 3363/3677/3026 3368/3680/3029 2389/3625/2981
f 1984/3688/1960 2349/3689/3033 3365/3681/3030 2703/3690/2825
f 2349/3689/3033 2350/3691/3034 3366/3682/3031 3365/3681/3030
f 2703/3690/2825 3365/3681/3030 3364/3683/3027 2704/3687/2826
f 1985/3627/2983 2390/3692/2982 3367/3684/3032 2351/3693/3035
f 2390/3692/2982 2389/3625/2981 3368/3680/3029 3367/3684/3032
f 2351/3693/3035 3367/3684/3032 3366/3685/3031 2350/3694/3034
f 3369/3695/3036 3370/3696/3037 3373/3697/3038 3372/3698/3039
f 3370/3696/3037 3371/3699/3040 3374/3700/3041 3373/3697/3038
f 3372/3698/3039 3373/3697/3038 3376/3701/3042 3375/3702/3043
f 3373/3697/3038 3374/3700/3041 3377/3703/3044 3376/3701/3042
f 1986/3632/2988 2354/3630/2986 3369/3695/3036 2411/3704/3045
f 2354/3630/2986 2353/3629/2985 3370/3696/3037 3369/3695/3036
f 2353/3629/2985 2352/3628/2984 3371/3699/3040 3370/3696/3037
f 2352/3628/2984 1985/3627/2983 2412/3705/3046 3371/3699/3040
f 3371/3699/3040 2412/3705/3046 2413/3706/3047 3374/3700/3041
f 3374/3700/3041 2413/3706/3047 2414/3707/3048 3377/3703/3044
f 3377/3703/3044 2414/3707/3048 1992/3708/3049 2391/3709/3050
f 3376/3701/3042 3377/3703/3044 2391/3709/3050 2392/3710/3051
f 3375/3702/3043 3376/3701/3042 2392/3710/3051 2393/3711/3052
f 2409/3712/3053 3375/3702/3043 2393/3711/3052 1993/3713/3054
f 2410/3714/3055 3372/3698/3039 3375/3702/3043 2409/3712/3053
f 2411/3704/3045 3369/3695/3036 3372/3698/3039 2410/3714/3055
f 3378/3715/3056 3379/3716/3057 3382/3717/3058 3381/3718/3059
f 3379/3716/3057 3380/3719/3060 3383/3720/3061 3382/3717/3058
f 3381/3718/3059 3382/3717/3058 3385/3721/3062 3384/3722/3063
f 3382/3717/3058 3383/3720/3061 3386/3723/3064 3385/3721/3062
f 1991/3569/2927 2369/3647/3001 3378/3715/3056 2417/3724/3065
f 2369/3647/3001 2368/3646/3000 3379/3716/3057 3378/3715/3056
f 2368/3646/3000 2367/3645/2999 3380/3719/3060 3379/3716/3057
f 2367/3645/2999 1990/3592/2948 2418/3725/3066 3380/3719/3060
f 3380/3719/3060 2418/3725/3066 2419/3726/3067 3383/3720/3061
f 3383/3720/3061 2419/3726/3067 2420/3727/3068 3386/3723/3064
f 3386/3723/3064 2420/3727/3068 1997/3728/3069 2406/3729/3070
f 3385/3721/3062 3386/3723/3064 2406/3729/3070 2407/3730/3071
f 3384/3722/3063 3385/3721/3062 2407/3730/3071 2408/3731/3072
f 2415/3732/3073 3384/3722/3063 2408/3731/3072 1998/3733/3074
f 2416/3734/3075 3381/3718/3059 3384/3722/3063 2415/3732/3073
f 2417/3724/3065 3378/3715/3056 3381/3718/3059 2416/3734/3075
f 3387/3735/3076 3388/3736/3077 3391/3737/3078 3390/3738/3079
f 3388/3736/3077 3389/3739/3080 3392/3740/3081 3391/3737/3078
f 3390/3738/3079 3391/3737/3078 3394/3741/3082 3393/3742/3083
f 3391/3737/3078 3392/3740/3081 3395/3743/3084 3394/3741/3082
f 1989/3587/2943 2363/3661/3013 3387/3735/3076 2423/3744/3085
f 2363/3661/3013 2362/3660/3012 3388/3736/3077 3387/3735/3076
f 2362/3660/3012 2361/3659/3011 3389/3739/3080 3388/3736/3077
f 2361/3659/3011 1988/3612/2968 2424/3745/3086 3389/3739/3080
f 3389/3739/3080 2424/3745/3086 2425/3746/3087 3392/3740/3081
f 3392/3740/3081 2425/3746/3087 2426/3747/3088 3395/3743/3084
f 3395/3743/3084 2426/3747/3088 1995/3748/3089 2400/3749/3090
f 3394/3741/3082 3395/3743/3084 2400/3749/3090 2401/3750/3091
f 3393/3742/3083 3394/3741/3082 2401/3750/3091 2402/3751/3092
f 2421/3752/3093 3393/3742/3083 2402/3751/3092 1996/3753/3094
f 2422/3754/3095 3390/3738/3079 3393/3742/3083 2421/3752/3093
f 2423/3744/3085 3387/3735/3076 3390/3738/3079 2422/3754/3095
f 3396/3755/3096 3397/3756/3097 3400/3757/3098 3399/3758/3099
f 3397/3756/3097 3398/3759/3100 3401/3760/3101 3400/3757/3098
f 3399/3758/3099 3400/3757/3098 3403/3761/3102 3402/3762/3103
f 3400/3757/3098 3401/3760/3101 3404/3763/3104 3403/3761/3102
f 1987/3607/2963 2357/3676/3025 3396/3755/3096 2429/3764/3105
f 2357/3676/3025 2356/3675/3024 3397/3756/3097 3396/3755/3096
f 2356/3675/3024 2355/3674/3023 3398/3759/3100 3397/3756/3097
f 2355/3674/3023 1986/3632/2988 2411/3765/3045 3398/3759/3100
f 3398/3759/3100 2411/3765/3045 2410/3766/3055 3401/3760/3101
f 3401/3760/3101 2410/3766/3055 2409/3767/3053 3404/3763/3104
f 3404/3763/3104 2409/3767/3053 1993/3768/3054 2394/3769/3106
f 3403/3761/3102 3404/3763/3104 2394/3769/3106 2395/3770/3107
f 3402/3762/3103 3403/3761/3102 2395/3770/3107 2396/3771/3108
f 2427/3772/3109 3402/3762/3103 2396/3771/3108 1994/3773/3110
f 2428/3774/3111 3399/3758/3099 3402/3762/3103 2427/3772/3109
f 2429/3764/3105 3396/3755/3096 3399/3758/3099 2428/3774/3111
f 3406/3775/3112 3407/3776/3113 3405/3777/3114 3411/3778/3115
f 3408/3779/3116 3409/3780/3117 3405/3777/3114 3407/3781/3113
f 3410/3782/3118 3411/3778/3115 3405/3777/3114 3409/3783/3117
f 1985/3627/2983 2351/3784/3035 3406/3775/3112 2412/3705/3046
f 2351/3784/3035 2350/3785/3034 3407/3776/3113 3406/3775/3112
f 2412/3705/3046 3406/3775/3112 3411/3778/3115 2413/3706/3047
f 1984/3786/1960 2709/3787/3119 3408/3779/3116 2349/3788/3033
f 2709/3787/3119 2710/3789/3120 3409/3780/3117 3408/3779/3116
f 2349/3788/3033 3408/3779/3116 3407/3781/3113 2350/3785/3034
f 1992/3708/3049 2414/3790/3048 3410/3782/3118 2711/3791/3121
f 2414/3790/3048 2413/3706/3047 3411/3778/3115 3410/3782/3118
f 2711/3791/3121 3410/3782/3118 3409/3783/3117 2710/3789/3120
f 3413/3792/3122 3414/3793/3123 3412/3794/3124 3418/3795/3125
f 3415/3796/3126 3416/3797/3127 3412/3794/3124 3414/3798/3123
f 3417/3799/3128 3418/3800/3125 3412/3794/3124 3416/3801/3127
f 1983/3802/1974 2708/3803/2923 3413/3792/3122 2714/3804/3129
f 2708/3803/2923 2707/3805/2924 3414/3793/3123 3413/3792/3122
f 2714/3804/3129 3413/3792/3122 3418/3795/3125 2713/3806/3130
f 1991/3569/2927 2417/3807/3065 3415/3796/3126 2706/3808/2928
f 2417/3807/3065 2416/3734/3075 3416/3797/3127 3415/3796/3126
f 2706/3808/2928 3415/3796/3126 3414/3798/3123 2707/3805/2924
f 1998/3733/3074 2712/3809/3131 3417/3799/3128 2415/3810/3073
f 2712/3809/3131 2713/3806/3130 3418/3800/3125 3417/3799/3128
f 2415/3810/3073 3417/3799/3128 3416/3801/3127 2416/3734/3075
f 3419/3811/3132 3420/3812/3133 3423/3813/3134 3422/3814/3135
f 3420/3812/3133 3421/3815/3136 3424/3816/3137 3423/3813/3134
f 3422/3814/3135 3423/3813/3134 3426/3817/3138 3425/3818/3139
f 3423/3813/3134 3424/3816/3137 3427/3819/3140 3426/3817/3138
f 1990/3592/2948 2366/3590/2946 3419/3811/3132 2418/3725/3066
f 2366/3590/2946 2365/3589/2945 3420/3812/3133 3419/3811/3132
f 2365/3589/2945 2364/3588/2944 3421/3815/3136 3420/3812/3133
f 2364/3588/2944 1989/3587/2943 2423/3744/3085 3421/3815/3136
f 3421/3815/3136 2423/3744/3085 2422/3754/3095 3424/3816/3137
f 3424/3816/3137 2422/3754/3095 2421/3752/3093 3427/3819/3140
f 3427/3819/3140 2421/3752/3093 1996/3753/3094 2403/3820/3141
f 3426/3817/3138 3427/3819/3140 2403/3820/3141 2404/3821/3142
f 3425/3818/3139 3426/3817/3138 2404/3821/3142 2405/3822/3143
f 2420/3823/3068 3425/3818/3139 2405/3822/3143 1997/3728/3069
f 2419/3824/3067 3422/3814/3135 3425/3818/3139 2420/3823/3068
f 2418/3725/3066 3419/3811/3132 3422/3814/3135 2419/3824/3067
f 3428/3825/3144 3429/3826/3145 3432/3827/3146 3431/3828/3147
f 3429/3826/3145 3430/3829/3148 3433/3830/3149 3432/3827/3146
f 3431/3828/3147 3432/3827/3146 3435/3831/3150 3434/3832/3151
f 3432/3827/3146 3433/3830/3149 3436/3833/3152 3435/3831/3150
f 1988/3612/2968 2360/3610/2966 3428/3825/3144 2424/3745/3086
f 2360/3610/2966 2359/3609/2965 3429/3826/3145 3428/3825/3144
f 2359/3609/2965 2358/3608/2964 3430/3829/3148 3429/3826/3145
f 2358/3608/2964 1987/3607/2963 2429/3764/3105 3430/3829/3148
f 3430/3829/3148 2429/3764/3105 2428/3774/3111 3433/3830/3149
f 3433/3830/3149 2428/3774/3111 2427/3772/3109 3436/3833/3152
f 3436/3833/3152 2427/3772/3109 1994/3773/3110 2397/3834/3153
f 3435/3831/3150 3436/3833/3152 2397/3834/3153 2398/3835/3154
f 3434/3832/3151 3435/3831/3150 2398/3835/3154 2399/3836/3155
f 2426/3747/3088 3434/3832/3151 2399/3836/3155 1995/3748/3089
f 2425/3746/3087 3431/3828/3147 3434/3832/3151 2426/3747/3088
f 2424/3745/3086 3428/3825/3144 3431/3828/3147 2425/3746/3087
f 3437/3837/3156 3438/3838/3157 3441/3839/3158 3440/3840/3159
f 3438/3838/3157 3439/3841/3160 3442/3842/3161 3441/3839/3158
f 3440/3840/3159 3441/3839/3158 3444/3843/3162 3443/3844/3163
f 3441/3839/3158 3442/3842/3161 3445/3845/3164 3444/3843/3162
f 1998/3733/3074 2408/3731/3072 3437/3837/3156 2450/3846/3165
f 2408/3731/3072 2407/3730/3071 3438/3838/3157 3437/3837/3156
f 2407/3730/3071 2406/3729/3070 3439/3841/3160 3438/3838/3157
f 2406/3729/3070 1997/3728/3069 2451/3847/3166 3439/3841/3160
f 3439/3841/3160 2451/3847/3166 2452/3848/3167 3442/3842/3161
f 3442/3842/3161 2452/3848/3167 2453/3849/3168 3445/3845/3164
f 3445/3845/3164 2453/3849/3168 2004/3850/3169 2445/3851/3170
f 3444/3843/3162 3445/3845/3164 2445/3851/3170 2446/3852/3171
f 3443/3844/3163 3444/3843/3162 2446/3852/3171 2447/3853/3172
f 2448/3854/3173 3443/3844/3163 2447/3853/3172 2005/3855/3174
f 2449/3856/3175 3440/3840/3159 3443/3844/3163 2448/3854/3173
f 2450/3846/3165 3437/3837/3156 3440/3840/3159 2449/3856/3175
f 3446/3857/3176 3447/3858/3177 3450/3859/3178 3449/3860/3179
f 3447/3858/3177 3448/3861/3180 3451/3862/3181 3450/3859/3178
f 3449/3860/3179 3450/3859/3178 3453/3863/3182 3452/3864/3183
f 3450/3859/3178 3451/3862/3181 3454/3865/3184 3453/3863/3182
f 1996/3753/3094 2402/3751/3092 3446/3857/3176 2456/3866/3185
f 2402/3751/3092 2401/3750/3091 3447/3858/3177 3446/3857/3176
f 2401/3750/3091 2400/3749/3090 3448/3861/3180 3447/3858/3177
f 2400/3749/3090 1995/3748/3089 2457/3867/3186 3448/3861/3180
f 3448/3861/3180 2457/3867/3186 2458/3868/3187 3451/3862/3181
f 3451/3862/3181 2458/3868/3187 2459/3869/3188 3454/3865/3184
f 3454/3865/3184 2459/3869/3188 2002/3870/3189 2439/3871/3190
f 3453/3863/3182 3454/3865/3184 2439/3871/3190 2440/3872/3191
f 3452/3864/3183 3453/3863/3182 2440/3872/3191 2441/3873/3192
f 2454/3874/3193 3452/3864/3183 2441/3873/3192 2003/3875/3194
f 2455/3876/3195 3449/3860/3179 3452/3864/3183 2454/3874/3193
f 2456/3866/3185 3446/3857/3176 3449/3860/3179 2455/3876/3195
f 3455/3877/3196 3456/3878/3197 3459/3879/3198 3458/3880/3199
f 3456/3878/3197 3457/3881/3200 3460/3882/3201 3459/3879/3198
f 3458/3880/3199 3459/3879/3198 3462/3883/3202 3461/3884/3203
f 3459/3879/3198 3460/3882/3201 3463/3885/3204 3462/3883/3202
f 1994/3773/3110 2396/3771/3108 3455/3877/3196 2462/3886/3205
f 2396/3771/3108 2395/3770/3107 3456/3878/3197 3455/3877/3196
f 2395/3770/3107 2394/3769/3106 3457/3881/3200 3456/3878/3197
f 2394/3769/3106 1993/3768/3054 2463/3887/3206 3457/3881/3200
f 3457/3881/3200 2463/3887/3206 2464/3888/3207 3460/3882/3201
f 3460/3882/3201 2464/3888/3207 2465/3889/3208 3463/3885/3204
f 3463/3885/3204 2465/3889/3208 2000/3890/3209 2433/3891/3210
f 3462/3883/3202 3463/3885/3204 2433/3891/3210 2434/3892/3211
f 3461/3884/3203 3462/3883/3202 2434/3892/3211 2435/3893/3212
f 2460/3894/3213 3461/3884/3203 2435/3893/3212 2001/3895/3214
f 2461/3896/3215 3458/3880/3199 3461/3884/3203 2460/3894/3213
f 2462/3886/3205 3455/3877/3196 3458/3880/3199 2461/3896/3215
f 3465/3897/3216 3466/3898/3217 3464/3899/3218 3470/3900/3219
f 3467/3901/3220 3468/3902/3221 3464/3899/3218 3466/3903/3217
f 3469/3904/3222 3470/3905/3219 3464/3899/3218 3468/3906/3221
f 1992/3708/3049 2711/3907/3121 3465/3897/3216 2468/3908/3223
f 2711/3907/3121 2710/3909/3120 3466/3898/3217 3465/3897/3216
f 2468/3908/3223 3465/3897/3216 3470/3900/3219 2467/3910/3224
f 1984/3911/1960 2715/3912/3225 3467/3901/3220 2709/3913/3119
f 2715/3912/3225 2716/3914/3226 3468/3902/3221 3467/3901/3220
f 2709/3913/3119 3467/3901/3220 3466/3903/3217 2710/3909/3120
f 1999/3915/3227 2466/3916/3228 3469/3904/3222 2717/3917/3229
f 2466/3916/3228 2467/3918/3224 3470/3905/3219 3469/3904/3222
f 2717/3917/3229 3469/3904/3222 3468/3906/3221 2716/3914/3226
f 3472/3919/3230 3473/3920/3231 3471/3921/3232 3477/3922/3233
f 3474/3923/3234 3475/3924/3235 3471/3921/3232 3473/3925/3231
f 3476/3926/3236 3477/3922/3233 3471/3921/3232 3475/3927/3235
f 1983/3928/1974 2714/3929/3129 3472/3919/3230 2720/3930/3237
f 2714/3929/3129 2713/3931/3130 3473/3920/3231 3472/3919/3230
f 2720/3930/3237 3472/3919/3230 3477/3922/3233 2719/3932/3238
f 1998/3733/3074 2450/3933/3165 3474/3923/3234 2712/3934/3131
f 2450/3933/3165 2449/3935/3175 3475/3924/3235 3474/3923/3234
f 2712/3934/3131 3474/3923/3234 3473/3925/3231 2713/3931/3130
f 2005/3855/3174 2718/3936/3239 3476/3926/3236 2448/3937/3173
f 2718/3936/3239 2719/3932/3238 3477/3922/3233 3476/3926/3236
f 2448/3937/3173 3476/3926/3236 3475/3927/3235 2449/3935/3175
f 3478/3938/3240 3479/3939/3241 3482/3940/3242 3481/3941/3243
f 3479/3939/3241 3480/3942/3244 3483/3943/3245 3482/3940/3242
f 3481/3941/3243 3482/3940/3242 3485/3944/3246 3484/3945/3247
f 3482/3940/3242 3483/3943/3245 3486/3946/3248 3485/3944/3246
f 1997/3728/3069 2405/3822/3143 3478/3938/3240 2451/3947/3166
f 2405/3822/3143 2404/3821/3142 3479/3939/3241 3478/3938/3240
f 2404/3821/3142 2403/3820/3141 3480/3942/3244 3479/3939/3241
f 2403/3820/3141 1996/3753/3094 2456/3866/3185 3480/3942/3244
f 3480/3942/3244 2456/3866/3185 2455/3876/3195 3483/3943/3245
f 3483/3943/3245 2455/3876/3195 2454/3874/3193 3486/3946/3248
f 3486/3946/3248 2454/3874/3193 2003/3875/3194 2442/3948/3249
f 3485/3944/3246 3486/3946/3248 2442/3948/3249 2443/3949/3250
f 3484/3945/3247 3485/3944/3246 2443/3949/3250 2444/3950/3251
f 2453/3951/3168 3484/3945/3247 2444/3950/3251 2004/3952/3169
f 2452/3953/3167 3481/3941/3243 3484/3945/3247 2453/3951/3168
f 2451/3947/3166 3478/3938/3240 3481/3941/3243 2452/3953/3167
f 3487/3954/3252 3488/3955/3253 3491/3956/3254 3490/3957/3255
f 3488/3955/3253 3489/3958/3256 3492/3959/3257 3491/3956/3254
f 3490/3957/3255 3491/3956/3254 3494/3960/3258 3493/3961/3259
f 3491/3956/3254 3492/3959/3257 3495/3962/3260 3494/3960/3258
f 1995/3748/3089 2399/3836/3155 3487/3954/3252 2457/3867/3186
f 2399/3836/3155 2398/3835/3154 3488/3955/3253 3487/3954/3252
f 2398/3835/3154 2397/3834/3153 3489/3958/3256 3488/3955/3253
f 2397/3834/3153 1994/3773/3110 2462/3886/3205 3489/3958/3256
f 3489/3958/3256 2462/3886/3205 2461/3896/3215 3492/3959/3257
f 3492/3959/3257 2461/3896/3215 2460/3894/3213 3495/3962/3260
f 3495/3962/3260 2460/3894/3213 2001/3895/3214 2436/3963/3261
f 3494/3960/3258 3495/3962/3260 2436/3963/3261 2437/3964/3262
f 3493/3961/3259 3494/3960/3258 2437/3964/3262 2438/3965/3263
f 2459/3869/3188 3493/3961/3259 2438/3965/3263 2002/3870/3189
f 2458/3868/3187 3490/3957/3255 3493/3961/3259 2459/3869/3188
f 2457/3867/3186 3487/3954/3252 3490/3957/3255 2458/3868/3187
f 3496/3966/3264 3497/3967/3265 3500/3968/3266 3499/3969/3267
f 3497/3967/3265 3498/3970/3268 3501/3971/3269 3500/3968/3266
f 3499/3969/3267 3500/3968/3266 3503/3972/3270 3502/3973/3271
f 3500/3968/3266 3501/3971/3269 3504/3974/3272 3503/3972/3270
f 1993/3713/3054 2393/3711/3052 3496/3966/3264 2463/3975/3206
f 2393/3711/3052 2392/3710/3051 3497/3967/3265 3496/3966/3264
f 2392/3710/3051 2391/3709/3050 3498/3970/3268 3497/3967/3265
f 2391/3709/3050 1992/3708/3049 2468/3908/3223 3498/3970/3268
f 3498/3970/3268 2468/3908/3223 2467/3910/3224 3501/3971/3269
f 3501/3971/3269 2467/3910/3224 2466/3976/3228 3504/3974/3272
f 3504/3974/3272 2466/3976/3228 1999/3915/3227 2430/3977/3273
f 3503/3972/3270 3504/3974/3272 2430/3977/3273 2431/3978/3274
f 3502/3973/3271 3503/3972/3270 2431/3978/3274 2432/3979/3275
f 2465/3980/3208 3502/3973/3271 2432/3979/3275 2000/3981/3209
f 2464/3982/3207 3499/3969/3267 3502/3973/3271 2465/3980/3208
f 2463/3975/3206 3496/3966/3264 3499/3969/3267 2464/3982/3207
f 3506/3983/3276 3507/3984/3277 3505/3985/3278 3511/3986/3279
f 3508/3987/3280 3509/3988/3281 3505/3985/3278 3507/3989/3277
f 3510/3990/3282 3511/3991/3279 3505/3985/3278 3509/3992/3281
f 1999/3915/3227 2717/3993/3229 3506/3983/3276 2489/3994/3283
f 2717/3993/3229 2716/3995/3226 3507/3984/3277 3506/3983/3276
f 2489/3994/3283 3506/3983/3276 3511/3986/3279 2488/3996/3284
f 1984/3997/1960 2721/3998/3285 3508/3987/3280 2715/3999/3225
f 2721/3998/3285 2722/4000/3286 3509/3988/3281 3508/3987/3280
f 2715/3999/3225 3508/3987/3280 3507/3989/3277 2716/3995/3226
f 2006/4001/3287 2487/4002/3288 3510/3990/3282 2723/4003/3289
f 2487/4002/3288 2488/3996/3284 3511/3991/3279 3510/3990/3282
f 2723/4003/3289 3510/3990/3282 3509/3992/3281 2722/4004/3286
f 3513/4005/3290 3514/4006/3291 3512/4007/3292 3518/4008/3293
f 3515/4009/3294 3516/4010/3295 3512/4007/3292 3514/4011/3291
f 3517/4012/3296 3518/4008/3293 3512/4007/3292 3516/4013/3295
f 1983/4014/1974 2720/4015/3237 3513/4005/3290 2726/4016/3297
f 2720/4015/3237 2719/4017/3238 3514/4006/3291 3513/4005/3290
f 2726/4016/3297 3513/4005/3290 3518/4008/3293 2725/4018/3298
f 2005/3855/3174 2490/4019/3299 3515/4009/3294 2718/4020/3239
f 2490/4019/3299 2491/4021/3300 3516/4010/3295 3515/4009/3294
f 2718/4020/3239 3515/4009/3294 3514/4011/3291 2719/4017/3238
f 2012/4022/3301 2724/4023/3302 3517/4012/3296 2492/4024/3303
f 2724/4023/3302 2725/4025/3298 3518/4008/3293 3517/4012/3296
f 2492/4024/3303 3517/4012/3296 3516/4013/3295 2491/4026/3300
f 3519/4027/3304 3520/4028/3305 3523/4029/3306 3522/4030/3307
f 3520/4028/3305 3521/4031/3308 3524/4032/3309 3523/4029/3306
f 3522/4030/3307 3523/4029/3306 3526/4033/3310 3525/4034/3311
f 3523/4029/3306 3524/4032/3309 3527/4035/3312 3526/4033/3310
f 2004/3850/3169 2444/4036/3251 3519/4027/3304 2495/4037/3313
f 2444/4036/3251 2443/4038/3250 3520/4028/3305 3519/4027/3304
f 2443/4038/3250 2442/4039/3249 3521/4031/3308 3520/4028/3305
f 2442/4039/3249 2003/4040/3194 2496/4041/3314 3521/4031/3308
f 3521/4031/3308 2496/4041/3314 2497/4042/3315 3524/4032/3309
f 3524/4032/3309 2497/4042/3315 2498/4043/3316 3527/4035/3312
f 3527/4035/3312 2498/4043/3316 2010/4044/3317 2481/4045/3318
f 3526/4033/3310 3527/4035/3312 2481/4045/3318 2482/4046/3319
f 3525/4034/3311 3526/4033/3310 2482/4046/3319 2483/4047/3320
f 2493/4048/3321 3525/4034/3311 2483/4047/3320 2011/4049/3322
f 2494/4050/3323 3522/4030/3307 3525/4034/3311 2493/4048/3321
f 2495/4037/3313 3519/4027/3304 3522/4030/3307 2494/4050/3323
f 3528/4051/3324 3529/4052/3325 3532/4053/3326 3531/4054/3327
f 3529/4052/3325 3530/4055/3328 3533/4056/3329 3532/4053/3326
f 3531/4054/3327 3532/4053/3326 3535/4057/3330 3534/4058/3331
f 3532/4053/3326 3533/4056/3329 3536/4059/3332 3535/4057/3330
f 2002/4060/3189 2438/3965/3263 3528/4051/3324 2501/4061/3333
f 2438/3965/3263 2437/4062/3262 3529/4052/3325 3528/4051/3324
f 2437/4062/3262 2436/4063/3261 3530/4055/3328 3529/4052/3325
f 2436/4063/3261 2001/4064/3214 2502/4065/3334 3530/4055/3328
f 3530/4055/3328 2502/4065/3334 2503/4066/3335 3533/4056/3329
f 3533/4056/3329 2503/4066/3335 2504/4067/3336 3536/4059/3332
f 3536/4059/3332 2504/4067/3336 2008/4068/3337 2475/4069/3338
f 3535/4057/3330 3536/4059/3332 2475/4069/3338 2476/4070/3339
f 3534/4058/3331 3535/4057/3330 2476/4070/3339 2477/4071/3340
f 2499/4072/3341 3534/4058/3331 2477/4071/3340 2009/4073/3342
f 2500/4074/3343 3531/4054/3327 3534/4058/3331 2499/4072/3341
f 2501/4061/3333 3528/4051/3324 3531/4054/3327 2500/4074/3343
f 3537/4075/3344 3538/4076/3345 3541/4077/3346 3540/4078/3347
f 3538/4076/3345 3539/4079/3348 3542/4080/3349 3541/4077/3346
f 3540/4078/3347 3541/4077/3346 3544/4081/3350 3543/4082/3351
f 3541/4077/3346 3542/4080/3349 3545/4083/3352 3544/4081/3350
f 2000/3981/3209 2432/3979/3275 3537/4075/3344 2507/4084/3353
f 2432/3979/3275 2431/3978/3274 3538/4076/3345 3537/4075/3344
f 2431/3978/3274 2430/3977/3273 3539/4079/3348 3538/4076/3345
f 2430/3977/3273 1999/3915/3227 2489/3994/3283 3539/4079/3348
f 3539/4079/3348 2489/3994/3283 2488/3996/3284 3542/4080/3349
f 3542/4080/3349 2488/3996/3284 2487/4085/3288 3545/4083/3352
f 3545/4083/3352 2487/4085/3288 2006/4001/3287 2469/4086/3354
f 3544/4081/3350 3545/4083/3352 2469/4086/3354 2470/4087/3355
f 3543/4082/3351 3544/4081/3350 2470/4087/3355 2471/4088/3356
f 2505/4089/3357 3543/4082/3351 2471/4088/3356 2007/4090/3358
f 2506/4091/3359 3540/4078/3347 3543/4082/3351 2505/4089/3357
f 2507/4084/3353 3537/4075/3344 3540/4078/3347 2506/4091/3359
f 3546/4092/3360 3547/4093/3361 3550/4094/3362 3549/4095/3363
f 3547/4093/3361 3548/4096/3364 3551/4097/3365 3550/4094/3362
f 3549/4095/3363 3550/4094/3362 3553/4098/3366 3552/4099/3367
f 3550/4094/3362 3551/4097/3365 3554/4100/3368 3553/4098/3366
f 2005/3855/3174 2447/3853/3172 3546/4092/3360 2490/4101/3299
f 2447/3853/3172 2446/3852/3171 3547/4093/3361 3546/4092/3360
f 2446/3852/3171 2445/3851/3170 3548/4096/3364 3547/4093/3361
f 2445/3851/3170 2004/3850/3169 2495/4037/3313 3548/4096/3364
f 3548/4096/3364 2495/4037/3313 2494/4050/3323 3551/4097/3365
f 3551/4097/3365 2494/4050/3323 2493/4048/3321 3554/4100/3368
f 3554/4100/3368 2493/4048/3321 2011/4049/3322 2484/4102/3369
f 3553/4098/3366 3554/4100/3368 2484/4102/3369 2485/4103/3370
f 3552/4099/3367 3553/4098/3366 2485/4103/3370 2486/4104/3371
f 2492/4105/3303 3552/4099/3367 2486/4104/3371 2012/4022/3301
f 2491/4021/3300 3549/4095/3363 3552/4099/3367 2492/4105/3303
f 2490/4101/3299 3546/4092/3360 3549/4095/3363 2491/4021/3300
f 3555/4106/3372 3556/4107/3373 3559/4108/3374 3558/4109/3375
f 3556/4107/3373 3557/4110/3376 3560/4111/3377 3559/4108/3374
f 3558/4109/3375 3559/4108/3374 3562/4112/3378 3561/4113/3379
f 3559/4108/3374 3560/4111/3377 3563/4114/3380 3562/4112/3378
f 2003/4040/3194 2441/4115/3192 3555/4106/3372 2496/4041/3314
f 2441/4115/3192 2440/4116/3191 3556/4107/3373 3555/4106/3372
f 2440/4116/3191 2439/4117/3190 3557/4110/3376 3556/4107/3373
f 2439/4117/3190 2002/4060/3189 2501/4061/3333 3557/4110/3376
f 3557/4110/3376 2501/4061/3333 2500/4074/3343 3560/4111/3377
f 3560/4111/3377 2500/4074/3343 2499/4072/3341 3563/4114/3380
f 3563/4114/3380 2499/4072/3341 2009/4073/3342 2478/4118/3381
f 3562/4112/3378 3563/4114/3380 2478/4118/3381 2479/4119/3382
f 3561/4113/3379 3562/4112/3378 2479/4119/3382 2480/4120/3383
f 2498/4043/3316 3561/4113/3379 2480/4120/3383 2010/4044/3317
f 2497/4042/3315 3558/4109/3375 3561/4113/3379 2498/4043/3316
f 2496/4041/3314 3555/4106/3372 3558/4109/3375 2497/4042/3315
f 3564/4121/3384 3565/4122/3385 3568/4123/3386 3567/4124/3387
f 3565/4122/3385 3566/4125/3388 3569/4126/3389 3568/4123/3386
f 3567/4124/3387 3568/4123/3386 3571/4127/3390 3570/4128/3391
f 3568/4123/3386 3569/4126/3389 3572/4129/3392 3571/4127/3390
f 2001/4064/3214 2435/4130/3212 3564/4121/3384 2502/4065/3334
f 2435/4130/3212 2434/4131/3211 3565/4122/3385 3564/4121/3384
f 2434/4131/3211 2433/4132/3210 3566/4125/3388 3565/4122/3385
f 2433/4132/3210 2000/3981/3209 2507/4084/3353 3566/4125/3388
f 3566/4125/3388 2507/4084/3353 2506/4091/3359 3569/4126/3389
f 3569/4126/3389 2506/4091/3359 2505/4089/3357 3572/4129/3392
f 3572/4129/3392 2505/4089/3357 2007/4090/3358 2472/4133/3393
f 3571/4127/3390 3572/4129/3392 2472/4133/3393 2473/4134/3394
f 3570/4128/3391 3571/4127/3390 2473/4134/3394 2474/4135/3395
f 2504/4067/3336 3570/4128/3391 2474/4135/3395 2008/4068/3337
f 2503/4066/3335 3567/4124/3387 3570/4128/3391 2504/4067/3336
f 2502/4065/3334 3564/4121/3384 3567/4124/3387 2503/4066/3335
f 3573/4136/3396 3574/4137/3397 3577/4138/3398 3576/4139/3399
f 3574/4137/3397 3575/4140/3400 3578/4141/3401 3577/4138/3398
f 3576/4139/3399 3577/4138/3398 3580/4142/3402 3579/4143/3403
f 3577/4138/3398 3578/4141/3401 3581/4144/3404 3580/4142/3402
f 2011/4145/3322 2483/4146/3320 3573/4136/3396 2528/4147/3405
f 2483/4146/3320 2482/4148/3319 3574/4137/3397 3573/4136/3396
f 2482/4148/3319 2481/4149/3318 3575/4140/3400 3574/4137/3397
f 2481/4149/3318 2010/4150/3317 2529/4151/3406 3575/4140/3400
f 3575/4140/3400 2529/4151/3406 2530/4152/3407 3578/4141/3401
f 3578/4141/3401 2530/4152/3407 2531/4153/3408 3581/4144/3404
f 3581/4144/3404 2531/4153/3408 2017/4154/3409 2520/4155/3410
f 3580/4142/3402 3581/4144/3404 2520/4155/3410 2521/4156/3411
f 3579/4143/3403 3580/4142/3402 2521/4156/3411 2522/4157/3412
f 2526/4158/3413 3579/4143/3403 2522/4157/3412 2018/4159/3414
f 2527/4160/3415 3576/4139/3399 3579/4143/3403 2526/4158/3413
f 2528/4147/3405 3573/4136/3396 3576/4139/3399 2527/4160/3415
f 3582/4161/3416 3583/4162/3417 3586/4163/3418 3585/4164/3419
f 3583/4162/3417 3584/4165/3420 3587/4166/3421 3586/4163/3418
f 3585/4164/3419 3586/4163/3418 3589/4167/3422 3588/4168/3423
f 3586/4163/3418 3587/4166/3421 3590/4169/3424 3589/4167/3422
f 2009/4170/3342 2477/4171/3340 3582/4161/3416 2534/4172/3425
f 2477/4171/3340 2476/4173/3339 3583/4162/3417 3582/4161/3416
f 2476/4173/3339 2475/4174/3338 3584/4165/3420 3583/4162/3417
f 2475/4174/3338 2008/4175/3337 2535/4176/3426 3584/4165/3420
f 3584/4165/3420 2535/4176/3426 2536/4177/3427 3587/4166/3421
f 3587/4166/3421 2536/4177/3427 2537/4178/3428 3590/4169/3424
f 3590/4169/3424 2537/4178/3428 2015/4179/3429 2514/4180/3430
f 3589/4167/3422 3590/4169/3424 2514/4180/3430 2515/4181/3431
f 3588/4168/3423 3589/4167/3422 2515/4181/3431 2516/4182/3432
f 2532/4183/3433 3588/4168/3423 2516/4182/3432 2016/4184/3434
f 2533/4185/3435 3585/4164/3419 3588/4168/3423 2532/4183/3433
f 2534/4172/3425 3582/4161/3416 3585/4164/3419 2533/4185/3435
f 3591/4186/3436 3592/4187/3437 3595/4188/3438 3594/4189/3439
f 3592/4187/3437 3593/4190/3440 3596/4191/3441 3595/4188/3438
f 3594/4189/3439 3595/4188/3438 3598/4192/3442 3597/4193/3443
f 3595/4188/3438 3596/4191/3441 3599/4194/3444 3598/4192/3442
f 2007/4195/3358 2471/4196/3356 3591/4186/3436 2540/4197/3445
f 2471/4196/3356 2470/4198/3355 3592/4187/3437 3591/4186/3436
f 2470/4198/3355 2469/4199/3354 3593/4190/3440 3592/4187/3437
f 2469/4199/3354 2006/4200/3287 2541/4201/3446 3593/4190/3440
f 3593/4190/3440 2541/4201/3446 2542/4202/3447 3596/4191/3441
f 3596/4191/3441 2542/4202/3447 2543/4203/3448 3599/4194/3444
f 3599/4194/3444 2543/4203/3448 2013/4204/3449 2508/4205/3450
f 3598/4192/3442 3599/4194/3444 2508/4205/3450 2509/4206/3451
f 3597/4193/3443 3598/4192/3442 2509/4206/3451 2510/4207/3452
f 2538/4208/3453 3597/4193/3443 2510/4207/3452 2014/4209/3454
f 2539/4210/3455 3594/4189/3439 3597/4193/3443 2538/4208/3453
f 2540/4197/3445 3591/4186/3436 3594/4189/3439 2539/4210/3455
f 3600/4211/3456 3601/4212/3457 3604/4213/3458 3603/4214/3459
f 3601/4212/3457 3602/4215/3460 3605/4216/3461 3604/4213/3458
f 3603/4214/3459 3604/4213/3458 3607/4217/3462 3606/4218/3463
f 3604/4213/3458 3605/4216/3461 3608/4219/3464 3607/4217/3462
f 2012/4220/3301 2486/4221/3371 3600/4211/3456 2546/4222/3465
f 2486/4221/3371 2485/4223/3370 3601/4212/3457 3600/4211/3456
f 2485/4223/3370 2484/4224/3369 3602/4215/3460 3601/4212/3457
f 2484/4224/3369 2011/4145/3322 2528/4147/3405 3602/4215/3460
f 3602/4215/3460 2528/4147/3405 2527/4160/3415 3605/4216/3461
f 3605/4216/3461 2527/4160/3415 2526/4158/3413 3608/4219/3464
f 3608/4219/3464 2526/4158/3413 2018/4159/3414 2523/4225/3466
f 3607/4217/3462 3608/4219/3464 2523/4225/3466 2524/4226/3467
f 3606/4218/3463 3607/4217/3462 2524/4226/3467 2525/4227/3468
f 2544/4228/3469 3606/4218/3463 2525/4227/3468 2019/4229/3470
f 2545/4230/3471 3603/4214/3459 3606/4218/3463 2544/4228/3469
f 2546/4222/3465 3600/4211/3456 3603/4214/3459 2545/4230/3471
f 3609/4231/3472 3610/4232/3473 3613/4233/3474 3612/4234/3475
f 3610/4232/3473 3611/4235/3476 3614/4236/3477 3613/4233/3474
f 3612/4234/3475 3613/4233/3474 3616/4237/3478 3615/4238/3479
f 3613/4233/3474 3614/4236/3477 3617/4239/3480 3616/4237/3478
f 2010/4150/3317 2480/4240/3383 3609/4231/3472 2529/4151/3406
f 2480/4240/3383 2479/4241/3382 3610/4232/3473 3609/4231/3472
f 2479/4241/3382 2478/4242/3381 3611/4235/3476 3610/4232/3473
f 2478/4242/3381 2009/4170/3342 2534/4172/3425 3611/4235/3476
f 3611/4235/3476 2534/4172/3425 2533/4185/3435 3614/4236/3477
f 3614/4236/3477 2533/4185/3435 2532/4183/3433 3617/4239/3480
f 3617/4239/3480 2532/4183/3433 2016/4184/3434 2517/4243/3481
f 3616/4237/3478 3617/4239/3480 2517/4243/3481 2518/4244/3482
f 3615/4238/3479 3616/4237/3478 2518/4244/3482 2519/4245/3483
f 2531/4153/3408 3615/4238/3479 2519/4245/3483 2017/4154/3409
f 2530/4152/3407 3612/4234/3475 3615/4238/3479 2531/4153/3408
f 2529/4151/3406 3609/4231/3472 3612/4234/3475 2530/4152/3407
f 3618/4246/3484 3619/4247/3485 3622/4248/3486 3621/4249/3487
f 3619/4247/3485 3620/4250/3488 3623/4251/3489 3622/4248/3486
f 3621/4249/3487 3622/4248/3486 3625/4252/3490 3624/4253/3491
f 3622/4248/3486 3623/4251/3489 3626/4254/3492 3625/4252/3490
f 2008/4175/3337 2474/4255/3395 3618/4246/3484 2535/4176/3426
f 2474/4255/3395 2473/4256/3394 3619/4247/3485 3618/4246/3484
f 2473/4256/3394 2472/4257/3393 3620/4250/3488 3619/4247/3485
f 2472/4257/3393 2007/4195/3358 2540/4197/3445 3620/4250/3488
f 3620/4250/3488 2540/4197/3445 2539/4210/3455 3623/4251/3489
f 3623/4251/3489 2539/4210/3455 2538/4208/3453 3626/4254/3492
f 3626/4254/3492 2538/4208/3453 2014/4209/3454 2511/4258/3493
f 3625/4252/3490 3626/4254/3492 2511/4258/3493 2512/4259/3494
f 3624/4253/3491 3625/4252/3490 2512/4259/3494 2513/4260/3495
f 2537/4178/3428 3624/4253/3491 2513/4260/3495 2015/4179/3429
f 2536/4177/3427 3621/4249/3487 3624/4253/3491 2537/4178/3428
f 2535/4176/3426 3618/4246/3484 3621/4249/3487 2536/4177/3427
f 3628/4261/3496 3629/4262/3497 3627/4263/3498 3633/4264/3499
f 3630/4265/3500 3631/4266/3501 3627/4263/3498 3629/4267/3497
f 3632/4268/3502 3633/4264/3499 3627/4263/3498 3631/4269/3501
f 2006/4200/3287 2723/4270/3289 3628/4261/3496 2541/4201/3446
f 2723/4270/3289 2722/4271/3286 3629/4262/3497 3628/4261/3496
f 2541/4201/3446 3628/4261/3496 3633/4264/3499 2542/4202/3447
f 1984/4272/1960 2727/4273/3503 3630/4265/3500 2721/4274/3285
f 2727/4273/3503 2728/4275/3504 3631/4266/3501 3630/4265/3500
f 2721/4274/3285 3630/4265/3500 3629/4267/3497 2722/4271/3286
f 2013/4204/3449 2543/4276/3448 3632/4268/3502 2729/4277/3505
f 2543/4276/3448 2542/4278/3447 3633/4264/3499 3632/4268/3502
f 2729/4277/3505 3632/4268/3502 3631/4269/3501 2728/4275/3504
f 3635/4279/3506 3636/4280/3507 3634/4281/3508 3640/4282/3509
f 3637/4283/3510 3638/4284/3511 3634/4281/3508 3636/4285/3507
f 3639/4286/3512 3640/4282/3509 3634/4281/3508 3638/4287/3511
f 1983/4288/1974 2726/4289/3297 3635/4279/3506 2732/4290/3513
f 2726/4289/3297 2725/4291/3298 3636/4280/3507 3635/4279/3506
f 2732/4290/3513 3635/4279/3506 3640/4282/3509 2731/4292/3514
f 2012/4220/3301 2546/4293/3465 3637/4283/3510 2724/4294/3302
f 2546/4293/3465 2545/4230/3471 3638/4284/3511 3637/4283/3510
f 2724/4294/3302 3637/4283/3510 3636/4285/3507 2725/4291/3298
f 2019/4229/3470 2730/4295/3515 3639/4286/3512 2544/4228/3469
f 2730/4295/3515 2731/4292/3514 3640/4282/3509 3639/4286/3512
f 2544/4228/3469 3639/4286/3512 3638/4287/3511 2545/4296/3471
f 3641/4297/3516 3642/4298/3517 3645/4299/3518 3644/4300/3519
f 3642/4298/3517 3643/4301/3520 3646/4302/3521 3645/4299/3518
f 3644/4300/3519 3645/4299/3518 3648/4303/3522 3647/4304/3523
f 3645/4299/3518 3646/4302/3521 3649/4305/3524 3648/4303/3522
f 2019/4229/3470 2525/4227/3468 3641/4297/3516 2567/4306/3525
f 2525/4227/3468 2524/4226/3467 3642/4298/3517 3641/4297/3516
f 2524/4226/3467 2523/4225/3466 3643/4301/3520 3642/4298/3517
f 2523/4225/3466 2018/4159/3414 2568/4307/3526 3643/4301/3520
f 3643/4301/3520 2568/4307/3526 2569/4308/3527 3646/4302/3521
f 3646/4302/3521 2569/4308/3527 2570/4309/3528 3649/4305/3524
f 3649/4305/3524 2570/4309/3528 2025/4310/3529 2562/4311/3530
f 3648/4303/3522 3649/4305/3524 2562/4311/3530 2563/4312/3531
f 3647/4304/3523 3648/4303/3522 2563/4312/3531 2564/4313/3532
f 2565/4314/3533 3647/4304/3523 2564/4313/3532 2026/4315/3534
f 2566/4316/3535 3644/4300/3519 3647/4304/3523 2565/4314/3533
f 2567/4306/3525 3641/4297/3516 3644/4300/3519 2566/4316/3535
f 3650/4317/3536 3651/4318/3537 3654/4319/3538 3653/4320/3539
f 3651/4318/3537 3652/4321/3540 3655/4322/3541 3654/4319/3538
f 3653/4320/3539 3654/4319/3538 3657/4323/3542 3656/4324/3543
f 3654/4319/3538 3655/4322/3541 3658/4325/3544 3657/4323/3542
f 2017/4326/3409 2519/4327/3483 3650/4317/3536 2573/4328/3545
f 2519/4327/3483 2518/4329/3482 3651/4318/3537 3650/4317/3536
f 2518/4329/3482 2517/4330/3481 3652/4321/3540 3651/4318/3537
f 2517/4330/3481 2016/4331/3434 2574/4332/3546 3652/4321/3540
f 3652/4321/3540 2574/4332/3546 2575/4333/3547 3655/4322/3541
f 3655/4322/3541 2575/4333/3547 2576/4334/3548 3658/4325/3544
f 3658/4325/3544 2576/4334/3548 2023/4335/3549 2556/4336/3550
f 3657/4323/3542 3658/4325/3544 2556/4336/3550 2557/4337/3551
f 3656/4324/3543 3657/4323/3542 2557/4337/3551 2558/4338/3552
f 2571/4339/3553 3656/4324/3543 2558/4338/3552 2024/4340/3554
f 2572/4341/3555 3653/4320/3539 3656/4324/3543 2571/4339/3553
f 2573/4328/3545 3650/4317/3536 3653/4320/3539 2572/4341/3555
f 3659/4342/3556 3660/4343/3557 3663/4344/3558 3662/4345/3559
f 3660/4343/3557 3661/4346/3560 3664/4347/3561 3663/4344/3558
f 3662/4345/3559 3663/4344/3558 3666/4348/3562 3665/4349/3563
f 3663/4344/3558 3664/4347/3561 3667/4350/3564 3666/4348/3562
f 2015/4351/3429 2513/4352/3495 3659/4342/3556 2579/4353/3565
f 2513/4352/3495 2512/4354/3494 3660/4343/3557 3659/4342/3556
f 2512/4354/3494 2511/4258/3493 3661/4346/3560 3660/4343/3557
f 2511/4258/3493 2014/4355/3454 2580/4356/3566 3661/4346/3560
f 3661/4346/3560 2580/4356/3566 2581/4357/3567 3664/4347/3561
f 3664/4347/3561 2581/4357/3567 2582/4358/3568 3667/4350/3564
f 3667/4350/3564 2582/4358/3568 2021/4359/3569 2550/4360/3570
f 3666/4348/3562 3667/4350/3564 2550/4360/3570 2551/4361/3571
f 3665/4349/3563 3666/4348/3562 2551/4361/3571 2552/4362/3572
f 2577/4363/3573 3665/4349/3563 2552/4362/3572 2022/4364/3574
f 2578/4365/3575 3662/4345/3559 3665/4349/3563 2577/4363/3573
f 2579/4353/3565 3659/4342/3556 3662/4345/3559 2578/4365/3575
f 3669/4366/3576 3670/4367/3577 3668/4368/3578 3674/4369/3579
f 3671/4370/3580 3672/4371/3581 3668/4368/3578 3670/4372/3577
f 3673/4373/3582 3674/4374/3579 3668/4368/3578 3672/4375/3581
f 2013/4204/3449 2729/4376/3505 3669/4366/3576 2585/4377/3583
f 2729/4376/3505 2728/4378/3504 3670/4367/3577 3669/4366/3576
f 2585/4377/3583 3669/4366/3576 3674/4369/3579 2584/4379/3584
f 1984/4380/1960 2733/4381/3585 3671/4370/3580 2727/4382/3503
f 2733/4381/3585 2734/4383/3586 3672/4371/3581 3671/4370/3580
f 2727/4382/3503 3671/4370/3580 3670/4372/3577 2728/4378/3504
f 2020/4384/3587 2583/4385/3588 3673/4373/3582 2735/4386/3589
f 2583/4385/3588 2584/4379/3584 3674/4374/3579 3673/4373/3582
f 2735/4386/3589 3673/4373/3582 3672/4375/3581 2734/4383/3586
f 3676/4387/3590 3677/4388/3591 3675/4389/3592 3681/4390/3593
f 3678/4391/3594 3679/4392/3595 3675/4389/3592 3677/4393/3591
f 3680/4394/3596 3681/4390/3593 3675/4389/3592 3679/4395/3595
f 1983/4396/1974 2732/4397/3513 3676/4387/3590 2738/4398/3597
f 2732/4397/3513 2731/4399/3514 3677/4388/3591 3676/4387/3590
f 2738/4398/3597 3676/4387/3590 3681/4390/3593 2737/4400/3598
f 2019/4229/3470 2567/4306/3525 3678/4391/3594 2730/4401/3515
f 2567/4306/3525 2566/4402/3535 3679/4392/3595 3678/4391/3594
f 2730/4401/3515 3678/4391/3594 3677/4393/3591 2731/4399/3514
f 2026/4315/3534 2736/4403/3599 3680/4394/3596 2565/4404/3533
f 2736/4403/3599 2737/4400/3598 3681/4390/3593 3680/4394/3596
f 2565/4404/3533 3680/4394/3596 3679/4395/3595 2566/4402/3535
f 3682/4405/3600 3683/4406/3601 3686/4407/3602 3685/4408/3603
f 3683/4406/3601 3684/4409/3604 3687/4410/3605 3686/4407/3602
f 3685/4408/3603 3686/4407/3602 3689/4411/3606 3688/4412/3607
f 3686/4407/3602 3687/4410/3605 3690/4413/3608 3689/4411/3606
f 2018/4414/3414 2522/4157/3412 3682/4405/3600 2568/4307/3526
f 2522/4157/3412 2521/4415/3411 3683/4406/3601 3682/4405/3600
f 2521/4415/3411 2520/4416/3410 3684/4409/3604 3683/4406/3601
f 2520/4416/3410 2017/4326/3409 2573/4328/3545 3684/4409/3604
f 3684/4409/3604 2573/4328/3545 2572/4341/3555 3687/4410/3605
f 3687/4410/3605 2572/4341/3555 2571/4339/3553 3690/4413/3608
f 3690/4413/3608 2571/4339/3553 2024/4340/3554 2559/4417/3609
f 3689/4411/3606 3690/4413/3608 2559/4417/3609 2560/4418/3610
f 3688/4412/3607 3689/4411/3606 2560/4418/3610 2561/4419/3611
f 2570/4420/3528 3688/4412/3607 2561/4419/3611 2025/4421/3529
f 2569/4422/3527 3685/4408/3603 3688/4412/3607 2570/4420/3528
f 2568/4307/3526 3682/4405/3600 3685/4408/3603 2569/4422/3527
f 3691/4423/3612 3692/4424/3613 3695/4425/3614 3694/4426/3615
f 3692/4424/3613 3693/4427/3616 3696/4428/3617 3695/4425/3614
f 3694/4426/3615 3695/4425/3614 3698/4429/3618 3697/4430/3619
f 3695/4425/3614 3696/4428/3617 3699/4431/3620 3698/4429/3618
f 2016/4331/3434 2516/4432/3432 3691/4423/3612 2574/4332/3546
f 2516/4432/3432 2515/4181/3431 3692/4424/3613 3691/4423/3612
f 2515/4181/3431 2514/4433/3430 3693/4427/3616 3692/4424/3613
f 2514/4433/3430 2015/4351/3429 2579/4353/3565 3693/4427/3616
f 3693/4427/3616 2579/4353/3565 2578/4365/3575 3696/4428/3617
f 3696/4428/3617 2578/4365/3575 2577/4363/3573 3699/4431/3620
f 3699/4431/3620 2577/4363/3573 2022/4364/3574 2553/4434/3621
f 3698/4429/3618 3699/4431/3620 2553/4434/3621 2554/4435/3622
f 3697/4430/3619 3698/4429/3618 2554/4435/3622 2555/4436/3623
f 2576/4334/3548 3697/4430/3619 2555/4436/3623 2023/4335/3549
f 2575/4333/3547 3694/4426/3615 3697/4430/3619 2576/4334/3548
f 2574/4332/3546 3691/4423/3612 3694/4426/3615 2575/4333/3547
f 3700/4437/3624 3701/4438/3625 3704/4439/3626 3703/4440/3627
f 3701/4438/3625 3702/4441/3628 3705/4442/3629 3704/4439/3626
f 3703/4440/3627 3704/4439/3626 3707/4443/3630 3706/4444/3631
f 3704/4439/3626 3705/4442/3629 3708/4445/3632 3707/4443/3630
f 2014/4209/3454 2510/4207/3452 3700/4437/3624 2580/4446/3566
f 2510/4207/3452 2509/4206/3451 3701/4438/3625 3700/4437/3624
f 2509/4206/3451 2508/4205/3450 3702/4441/3628 3701/4438/3625
f 2508/4205/3450 2013/4204/3449 2585/4377/3583 3702/4441/3628
f 3702/4441/3628 2585/4377/3583 2584/4379/3584 3705/4442/3629
f 3705/4442/3629 2584/4379/3584 2583/4447/3588 3708/4445/3632
f 3708/4445/3632 2583/4447/3588 2020/4384/3587 2547/4448/3633
f 3707/4443/3630 3708/4445/3632 2547/4448/3633 2548/4449/3634
f 3706/4444/3631 3707/4443/3630 2548/4449/3634 2549/4450/3635
f 2582/4451/3568 3706/4444/3631 2549/4450/3635 2021/4452/3569
f 2581/4357/3567 3703/4440/3627 3706/4444/3631 2582/4451/3568
f 2580/4446/3566 3700/4437/3624 3703/4440/3627 2581/4357/3567
f 3709/4453/3636 3710/4454/3637 3713/4455/3638 3712/4456/3639
f 3710/4454/3637 3711/4457/3640 3714/4458/3641 3713/4455/3638
f 3712/4456/3639 3713/4455/3638 3716/4459/3642 3715/4460/3643
f 3713/4455/3638 3714/4458/3641 3717/4461/3644 3716/4459/3642
f 2024/4340/3554 2558/4338/3552 3709/4453/3636 2606/4462/3645
f 2558/4338/3552 2557/4337/3551 3710/4454/3637 3709/4453/3636
f 2557/4337/3551 2556/4336/3550 3711/4457/3640 3710/4454/3637
f 2556/4336/3550 2023/4335/3549 2607/4463/3646 3711/4457/3640
f 3711/4457/3640 2607/4463/3646 2608/4464/3647 3714/4458/3641
f 3714/4458/3641 2608/4464/3647 2609/4465/3648 3717/4461/3644
f 3717/4461/3644 2609/4465/3648 2030/4466/3649 2595/4467/3650
f 3716/4459/3642 3717/4461/3644 2595/4467/3650 2596/4468/3651
f 3715/4460/3643 3716/4459/3642 2596/4468/3651 2597/4469/3652
f 2604/4470/3653 3715/4460/3643 2597/4469/3652 2031/4471/3654
f 2605/4472/3655 3712/4456/3639 3715/4460/3643 2604/4470/3653
f 2606/4462/3645 3709/4453/3636 3712/4456/3639 2605/4472/3655
f 3718/4473/3656 3719/4474/3657 3722/4475/3658 3721/4476/3659
f 3719/4474/3657 3720/4477/3660 3723/4478/3661 3722/4475/3658
f 3721/4476/3659 3722/4475/3658 3725/4479/3662 3724/4480/3663
f 3722/4475/3658 3723/4478/3661 3726/4481/3664 3725/4479/3662
f 2022/4364/3574 2552/4362/3572 3718/4473/3656 2612/4482/3665
f 2552/4362/3572 2551/4361/3571 3719/4474/3657 3718/4473/3656
f 2551/4361/3571 2550/4360/3570 3720/4477/3660 3719/4474/3657
f 2550/4360/3570 2021/4359/3569 2613/4483/3666 3720/4477/3660
f 3720/4477/3660 2613/4483/3666 2614/4484/3667 3723/4478/3661
f 3723/4478/3661 2614/4484/3667 2615/4485/3668 3726/4481/3664
f 3726/4481/3664 2615/4485/3668 2028/4486/3669 2589/4487/3670
f 3725/4479/3662 3726/4481/3664 2589/4487/3670 2590/4488/3671
f 3724/4480/3663 3725/4479/3662 2590/4488/3671 2591/4489/3672
f 2610/4490/3673 3724/4480/3663 2591/4489/3672 2029/4491/3674
f 2611/4492/3675 3721/4476/3659 3724/4480/3663 2610/4490/3673
f 2612/4482/3665 3718/4473/3656 3721/4476/3659 2611/4492/3675
f 3728/4493/3676 3729/4494/3677 3727/4495/3678 3733/4496/3679
f 3730/4497/3680 3731/4498/3681 3727/4495/3678 3729/4499/3677
f 3732/4500/3682 3733/4496/3679 3727/4495/3678 3731/4501/3681
f 2020/4384/3587 2735/4502/3589 3728/4493/3676 2618/4503/3683
f 2735/4502/3589 2734/4504/3586 3729/4494/3677 3728/4493/3676
f 2618/4503/3683 3728/4493/3676 3733/4496/3679 2617/4505/3684
f 1984/4506/1960 2739/4507/3685 3730/4497/3680 2733/4508/3585
f 2739/4507/3685 2740/4509/3686 3731/4498/3681 3730/4497/3680
f 2733/4508/3585 3730/4497/3680 3729/4499/3677 2734/4504/3586
f 2027/4510/3687 2616/4511/3688 3732/4500/3682 2741/4512/3689
f 2616/4511/3688 2617/4505/3684 3733/4496/3679 3732/4500/3682
f 2741/4512/3689 3732/4500/3682 3731/4501/3681 2740/4509/3686
f 3735/4513/3690 3736/4514/3691 3734/4515/3692 3740/4516/3693
f 3737/4517/3694 3738/4518/3695 3734/4515/3692 3736/4519/3691
f 3739/4520/3696 3740/4516/3693 3734/4515/3692 3738/4521/3695
f 1983/4522/1974 2738/4523/3597 3735/4513/3690 2744/4524/3697
f 2738/4523/3597 2737/4525/3598 3736/4514/3691 3735/4513/3690
f 2744/4524/3697 3735/4513/3690 3740/4516/3693 2743/4526/3698
f 2026/4315/3534 2619/4527/3699 3737/4517/3694 2736/4528/3599
f 2619/4527/3699 2620/4529/3700 3738/4518/3695 3737/4517/3694
f 2736/4528/3599 3737/4517/3694 3736/4519/3691 2737/4525/3598
f 2033/4530/3701 2742/4531/3702 3739/4520/3696 2621/4532/3703
f 2742/4531/3702 2743/4526/3698 3740/4516/3693 3739/4520/3696
f 2621/4532/3703 3739/4520/3696 3738/4521/3695 2620/4533/3700
f 3741/4534/3704 3742/4535/3705 3745/4536/3706 3744/4537/3707
f 3742/4535/3705 3743/4538/3708 3746/4539/3709 3745/4536/3706
f 3744/4537/3707 3745/4536/3706 3748/4540/3710 3747/4541/3711
f 3745/4536/3706 3746/4539/3709 3749/4542/3712 3748/4540/3710
f 2025/4421/3529 2561/4419/3611 3741/4534/3704 2624/4543/3713
f 2561/4419/3611 2560/4418/3610 3742/4535/3705 3741/4534/3704
f 2560/4418/3610 2559/4417/3609 3743/4538/3708 3742/4535/3705
f 2559/4417/3609 2024/4340/3554 2606/4462/3645 3743/4538/3708
f 3743/4538/3708 2606/4462/3645 2605/4472/3655 3746/4539/3709
f 3746/4539/3709 2605/4472/3655 2604/4470/3653 3749/4542/3712
f 3749/4542/3712 2604/4470/3653 2031/4471/3654 2598/4544/3714
f 3748/4540/3710 3749/4542/3712 2598/4544/3714 2599/4545/3715
f 3747/4541/3711 3748/4540/3710 2599/4545/3715 2600/4546/3716
f 2622/4547/3717 3747/4541/3711 2600/4546/3716 2032/4548/3718
f 2623/4549/3719 3744/4537/3707 3747/4541/3711 2622/4547/3717
f 2624/4543/3713 3741/4534/3704 3744/4537/3707 2623/4549/3719
f 3750/4550/3720 3751/4551/3721 3754/4552/3722 3753/4553/3723
f 3751/4551/3721 3752/4554/3724 3755/4555/3725 3754/4552/3722
f 3753/4553/3723 3754/4552/3722 3757/4556/3726 3756/4557/3727
f 3754/4552/3722 3755/4555/3725 3758/4558/3728 3757/4556/3726
f 2023/4335/3549 2555/4436/3623 3750/4550/3720 2607/4463/3646
f 2555/4436/3623 2554/4435/3622 3751/4551/3721 3750/4550/3720
f 2554/4435/3622 2553/4434/3621 3752/4554/3724 3751/4551/3721
f 2553/4434/3621 2022/4364/3574 2612/4482/3665 3752/4554/3724
f 3752/4554/3724 2612/4482/3665 2611/4492/3675 3755/4555/3725
f 3755/4555/3725 2611/4492/3675 2610/4490/3673 3758/4558/3728
f 3758/4558/3728 2610/4490/3673 2029/4491/3674 2592/4559/3729
f 3757/4556/3726 3758/4558/3728 2592/4559/3729 2593/4560/3730
f 3756/4557/3727 3757/4556/3726 2593/4560/3730 2594/4561/3731
f 2609/4465/3648 3756/4557/3727 2594/4561/3731 2030/4466/3649
f 2608/4464/3647 3753/4553/3723 3756/4557/3727 2609/4465/3648
f 2607/4463/3646 3750/4550/3720 3753/4553/3723 2608/4464/3647
f 3759/4562/3732 3760/4563/3733 3763/4564/3734 3762/4565/3735
f 3760/4563/3733 3761/4566/3736 3764/4567/3737 3763/4564/3734
f 3762/4565/3735 3763/4564/3734 3766/4568/3738 3765/4569/3739
f 3763/4564/3734 3764/4567/3737 3767/4570/3740 3766/4568/3738
f 2021/4452/3569 2549/4450/3635 3759/4562/3732 2613/4571/3666
f 2549/4450/3635 2548/4449/3634 3760/4563/3733 3759/4562/3732
f 2548/4449/3634 2547/4448/3633 3761/4566/3736 3760/4563/3733
f 2547/4448/3633 2020/4384/3587 2618/4503/3683 3761/4566/3736
f 3761/4566/3736 2618/4503/3683 2617/4505/3684 3764/4567/3737
f 3764/4567/3737 2617/4505/3684 2616/4572/3688 3767/4570/3740
f 3767/4570/3740 2616/4572/3688 2027/4510/3687 2586/4573/3741
f 3766/4568/3738 3767/4570/3740 2586/4573/3741 2587/4574/3742
f 3765/4569/3739 3766/4568/3738 2587/4574/3742 2588/4575/3743
f 2615/4576/3668 3765/4569/3739 2588/4575/3743 2028/4486/3669
f 2614/4577/3667 3762/4565/3735 3765/4569/3739 2615/4576/3668
f 2613/4571/3666 3759/4562/3732 3762/4565/3735 2614/4577/3667
f 3768/4578/3744 3769/4579/3745 3772/4580/3746 3771/4581/3747
f 3769/4579/3745 3770/4582/3748 3773/4583/3749 3772/4580/3746
f 3771/4581/3747 3772/4580/3746 3775/4584/3750 3774/4585/3751
f 3772/4580/3746 3773/4583/3749 3776/4586/3752 3775/4584/3750
f 2026/4315/3534 2564/4313/3532 3768/4578/3744 2619/4527/3699
f 2564/4313/3532 2563/4312/3531 3769/4579/3745 3768/4578/3744
f 2563/4312/3531 2562/4311/3530 3770/4582/3748 3769/4579/3745
f 2562/4311/3530 2025/4310/3529 2624/4587/3713 3770/4582/3748
f 3770/4582/3748 2624/4587/3713 2623/4588/3719 3773/4583/3749
f 3773/4583/3749 2623/4588/3719 2622/4589/3717 3776/4586/3752
f 3776/4586/3752 2622/4589/3717 2032/4590/3718 2601/4591/3753
f 3775/4584/3750 3776/4586/3752 2601/4591/3753 2602/4592/3754
f 3774/4585/3751 3775/4584/3750 2602/4592/3754 2603/4593/3755
f 2621/4594/3703 3774/4585/3751 2603/4593/3755 2033/4530/3701
f 2620/4529/3700 3771/4581/3747 3774/4585/3751 2621/4594/3703
f 2619/4527/3699 3768/4578/3744 3771/4581/3747 2620/4529/3700
f 3778/4595/3756 3779/4596/3757 3777/4597/3758 3783/4598/3759
f 3780/4599/3760 3781/4600/3761 3777/4597/3758 3779/4601/3757
f 3782/4602/3762 3783/4603/3759 3777/4597/3758 3781/4604/3761
f 1983/4605/1974 2744/4606/3697 3778/4595/3756 2651/4607/1975
f 2744/4606/3697 2743/4608/3698 3779/4596/3757 3778/4595/3756
f 2651/4607/1975 3778/4595/3756 3783/4598/3759 2650/4609/1977
f 2033/4530/3701 2745/4610/3763 3780/4599/3760 2742/4611/3702
f 2745/4610/3763 2746/4612/3764 3781/4600/3761 3780/4599/3760
f 2742/4611/3702 3780/4599/3760 3779/4601/3757 2743/4613/3698
f 1926/2418/1979 2649/4614/1981 3782/4602/3762 2747/4615/3765
f 2649/4614/1981 2650/4609/1977 3783/4603/3759 3782/4602/3762
f 2747/4615/3765 3782/4602/3762 3781/4604/3761 2746/4616/3764
f 3784/4617/3766 3785/4618/3767 3788/4619/3768 3787/4620/3769
f 3785/4618/3767 3786/4621/3770 3789/4622/3771 3788/4619/3768
f 3787/4620/3769 3788/4619/3768 3791/4623/3772 3790/4624/3773
f 3788/4619/3768 3789/4622/3771 3792/4625/3774 3791/4623/3772
f 2032/4548/3718 2600/4546/3716 3784/4617/3766 2630/4626/3775
f 2600/4546/3716 2599/4545/3715 3785/4618/3767 3784/4617/3766
f 2599/4545/3715 2598/4544/3714 3786/4621/3770 3785/4618/3767
f 2598/4544/3714 2031/4471/3654 2748/4627/3776 3786/4621/3770
f 3786/4621/3770 2748/4627/3776 2749/4628/3777 3789/4622/3771
f 3789/4622/3771 2749/4628/3777 2750/4629/3778 3792/4625/3774
f 3792/4625/3774 2750/4629/3778 1925/2441/2000 2643/2440/1999
f 3791/4623/3772 3792/4625/3774 2643/2440/1999 2644/2439/1998
f 3790/4624/3773 3791/4623/3772 2644/2439/1998 2645/2437/1996
f 2628/4630/3779 3790/4624/3773 2645/2437/1996 2036/2436/1995
f 2629/4631/3780 3787/4620/3769 3790/4624/3773 2628/4630/3779
f 2630/4626/3775 3784/4617/3766 3787/4620/3769 2629/4631/3780
f 3793/4632/3781 3794/4633/3782 3797/4634/3783 3796/4635/3784
f 3794/4633/3782 3795/4636/3785 3798/4637/3786 3797/4634/3783
f 3796/4635/3784 3797/4634/3783 3800/4638/3787 3799/4639/3788
f 3797/4634/3783 3798/4637/3786 3801/4640/3789 3800/4638/3787
f 2030/4466/3649 2594/4561/3731 3793/4632/3781 2753/4641/3790
f 2594/4561/3731 2593/4560/3730 3794/4633/3782 3793/4632/3781
f 2593/4560/3730 2592/4559/3729 3795/4636/3785 3794/4633/3782
f 2592/4559/3729 2029/4491/3674 2754/4642/3791 3795/4636/3785
f 3795/4636/3785 2754/4642/3791 2755/4643/3792 3798/4637/3786
f 3798/4637/3786 2755/4643/3792 2756/4644/3793 3801/4640/3789
f 3801/4640/3789 2756/4644/3793 1923/2367/1932 2037/2465/2024
f 3800/4638/3787 3801/4640/3789 2037/2465/2024 2038/2464/2023
f 3799/4639/3788 3800/4638/3787 2038/2464/2023 2039/2462/2021
f 2751/4645/3794 3799/4639/3788 2039/2462/2021 1924/2461/2020
f 2752/4646/3795 3796/4635/3784 3799/4639/3788 2751/4645/3794
f 2753/4641/3790 3793/4632/3781 3796/4635/3784 2752/4646/3795
f 3802/4647/3796 3803/4648/3797 3806/4649/3798 3805/4650/3799
f 3803/4648/3797 3804/4651/3800 3807/4652/3801 3806/4649/3798
f 3805/4650/3799 3806/4649/3798 3809/4653/3802 3808/4654/3803
f 3806/4649/3798 3807/4652/3801 3810/4655/3804 3809/4653/3802
f 2028/4486/3669 2588/4575/3743 3802/4647/3796 2633/4656/3805
f 2588/4575/3743 2587/4574/3742 3803/4648/3797 3802/4647/3796
f 2587/4574/3742 2586/4573/3741 3804/4651/3800 3803/4648/3797
f 2586/4573/3741 2027/4510/3687 2634/4657/3806 3804/4651/3800
f 3804/4651/3800 2634/4657/3806 2635/4658/3807 3807/4652/3801
f 3807/4652/3801 2635/4658/3807 2636/4659/3808 3810/4655/3804
f 3810/4655/3804 2636/4659/3808 2034/2392/1955 2625/2485/2042
f 3809/4653/3802 3810/4655/3804 2625/2485/2042 2626/2484/2041
f 3808/4654/3803 3809/4653/3802 2626/2484/2041 2627/2482/2040
f 2631/4660/3809 3808/4654/3803 2627/2482/2040 2035/2481/1937
f 2632/4661/3810 3805/4650/3799 3808/4654/3803 2631/4660/3809
f 2633/4656/3805 3802/4647/3796 3805/4650/3799 2632/4661/3810
f 3811/4662/3811 3812/4663/3812 3815/4664/3813 3814/4665/3814
f 3812/4663/3812 3813/4666/3815 3816/4667/3816 3815/4664/3813
f 3814/4665/3814 3815/4664/3813 3818/4668/3817 3817/4669/3818
f 3815/4664/3813 3816/4667/3816 3819/4670/3819 3818/4668/3817
f 2033/4530/3701 2603/4593/3755 3811/4662/3811 2745/4671/3763
f 2603/4593/3755 2602/4592/3754 3812/4663/3812 3811/4662/3811
f 2602/4592/3754 2601/4591/3753 3813/4666/3815 3812/4663/3812
f 2601/4591/3753 2032/4590/3718 2630/4672/3775 3813/4666/3815
f 3813/4666/3815 2630/4672/3775 2629/4673/3780 3816/4667/3816
f 3816/4667/3816 2629/4673/3780 2628/4674/3779 3819/4670/3819
f 3819/4670/3819 2628/4674/3779 2036/2506/1995 2646/2505/2057
f 3818/4668/3817 3819/4670/3819 2646/2505/2057 2647/2504/2056
f 3817/4669/3818 3818/4668/3817 2647/2504/2056 2648/2502/2055
f 2747/4615/3765 3817/4669/3818 2648/2502/2055 1926/2418/1979
f 2746/4612/3764 3814/4665/3814 3817/4669/3818 2747/4615/3765
f 2745/4671/3763 3811/4662/3811 3814/4665/3814 2746/4612/3764
f 3820/4675/3820 3821/4676/3821 3824/4677/3822 3823/4678/3823
f 3821/4676/3821 3822/4679/3824 3825/4680/3825 3824/4677/3822
f 3823/4678/3823 3824/4677/3822 3827/4681/3826 3826/4682/3827
f 3824/4677/3822 3825/4680/3825 3828/4683/3828 3827/4681/3826
f 2031/4471/3654 2597/4469/3652 3820/4675/3820 2748/4627/3776
f 2597/4469/3652 2596/4468/3651 3821/4676/3821 3820/4675/3820
f 2596/4468/3651 2595/4467/3650 3822/4679/3824 3821/4676/3821
f 2595/4467/3650 2030/4466/3649 2753/4641/3790 3822/4679/3824
f 3822/4679/3824 2753/4641/3790 2752/4646/3795 3825/4680/3825
f 3825/4680/3825 2752/4646/3795 2751/4645/3794 3828/4683/3828
f 3828/4683/3828 2751/4645/3794 1924/2461/2020 2040/2526/2072
f 3827/4681/3826 3828/4683/3828 2040/2526/2072 2041/2525/2071
f 3826/4682/3827 3827/4681/3826 2041/2525/2071 2042/2524/2070
f 2750/4629/3778 3826/4682/3827 2042/2524/2070 1925/2441/2000
f 2749/4628/3777 3823/4678/3823 3826/4682/3827 2750/4629/3778
f 2748/4627/3776 3820/4675/3820 3823/4678/3823 2749/4628/3777
f 3829/4684/3829 3830/4685/3830 3833/4686/3831 3832/4687/3832
f 3830/4685/3830 3831/4688/3833 3834/4689/3834 3833/4686/3831
f 3832/4687/3832 3833/4686/3831 3836/4690/3835 3835/4691/3836
f 3833/4686/3831 3834/4689/3834 3837/4692/3837 3836/4690/3835
f 2029/4491/3674 2591/4489/3672 3829/4684/3829 2754/4642/3791
f 2591/4489/3672 2590/4488/3671 3830/4685/3830 3829/4684/3829
f 2590/4488/3671 2589/4487/3670 3831/4688/3833 3830/4685/3830
f 2589/4487/3670 2028/4486/3669 2633/4693/3805 3831/4688/3833
f 3831/4688/3833 2633/4693/3805 2632/4694/3810 3834/4689/3834
f 3834/4689/3834 2632/4694/3810 2631/4695/3809 3837/4692/3837
f 3837/4692/3837 2631/4695/3809 2035/2372/1937 2640/2371/1936
f 3836/4690/3835 3837/4692/3837 2640/2371/1936 2641/2370/1935
f 3835/4691/3836 3836/4690/3835 2641/2370/1935 2642/2368/1933
f 2756/4644/3793 3835/4691/3836 2642/2368/1933 1923/2367/1932
f 2755/4643/3792 3832/4687/3832 3835/4691/3836 2756/4644/3793
f 2754/4642/3791 3829/4684/3829 3832/4687/3832 2755/4643/3792
f 3839/4696/3838 3840/4697/3839 3838/4698/3840 3844/4699/3841
f 3841/4700/3842 3842/4701/3843 3838/4698/3840 3840/4702/3839
f 3843/4703/3844 3844/4704/3841 3838/4698/3840 3842/4705/3843
f 2027/4510/3687 2741/4706/3689 3839/4696/3838 2634/4657/3806
f 2741/4706/3689 2740/4707/3686 3840/4697/3839 3839/4696/3838
f 2634/4657/3806 3839/4696/3838 3844/4699/3841 2635/4658/3807
f 1984/4708/1960 2637/4709/1962 3841/4700/3842 2739/4710/3685
f 2637/4709/1962 2638/4711/1958 3842/4701/3843 3841/4700/3842
f 2739/4710/3685 3841/4700/3842 3840/4702/3839 2740/4712/3686
f 2034/2392/1955 2636/4713/3808 3843/4703/3844 2639/4714/1956
f 2636/4713/3808 2635/4658/3807 3844/4704/3841 3843/4703/3844
f 2639/4714/1956 3843/4703/3844 3842/4705/3843 2638/4711/1958
